(0, 0.0, 0, 0, 0, 0, 0, 0, 0, 0, 0, 0, 0, 0, 0, 0, 0, 0);[44.732131163524066, 4.496654594921028, 12.155405790140643, 4.482939642132772]
(0, 0.0, 1, 0, 1, 0, 1, 0, 1, 0, 0, 0, 0, 0, 0, 0, 0, 0);[47.97056267682966, 48.03652860518068, 48.34166855229145, 47.917531527447295]
(0, 1.0, 0, 0, 1, 0, 0, 0, 1, 0, 0, 0, 0, 0, 0, 0, 0, 0);[48.594059682697676, 48.87809364399705, 48.57894284189271, 48.704428290862786]
(0, 1.0, 0, 0, 1, 0, 0, 0, 1, 0, 0, 0, 1, 0, 0, 0, 1, 0);[45.08160613335035, 45.09177136949177, 45.63856888532489, 45.07811306206362]
(1, 0.0, 0, 0, 1, 0, 0, 0, 1, 0, 0, 0, 1, 0, 0, 0, 1, 0);[45.1866133236927, 45.18801372418777, 45.178078359963465, 45.18517476422012]
(1, 1.0, 0, 0, 1, 0, 0, 0, 1, 0, 0, 0, 1, 0, 0, 0, 1, 0);[45.78072689804873, 45.77923232384451, 45.79246939090618, 45.74776359686947]
(0, 0.0, 0, 0, 1, 0, 0, 0, 1, 0, 0, 0, 1, 0, 0, 0, 1, 0);[44.8844037443127, 44.41881688959203, 44.42498084705072, 44.458106644021235]
(2, 0.0, 0, 0, 0, 0, 0, 0, 0, 0, 0, 0, 0, 0, 0, 0, 0, 0);[44.77258754813951, 45.79317967204481, 44.40981706783798, 44.3554039513519]
(2, 1.0, 0, 0, 0, 0, 0, 0, 0, 0, 0, 0, 0, 0, 0, 0, 0, 0);[43.828757359567334, 44.42231583030012, 44.405623607925584, 45.45415543490779]
(0, 1.0, 0, 0, 0, 0, 0, 0, 0, 0, 0, 0, 0, 0, 0, 0, 0, 0);[44.802292125975036, 44.78012119895168, 44.82333499816304, 45.21993503831212]
(1, 0.0, 0, 0, 0, 0, 0, 0, 0, 0, 0, 0, 0, 0, 0, 0, 0, 0);[44.431336383860774, 46.22360148017099, 44.29179240810711, 44.30876199385289]
(1, 1.0, 0, 0, 0, 0, 0, 0, 0, 0, 0, 0, 0, 0, 0, 0, 0, 0);[44.601579595622155, 44.59113727627191, 44.5883559111706, 45.53695875986608]
(3, 0.0, 0, 0, 0, 0, 0, 0, 0, 0, 0, 0, 0, 0, 0, 0, 0, 0);[44.363403046903414, 44.84132204899501, 44.8050100299021, 44.47877628921499]
(3, 1.0, 0, 0, 0, 0, 0, 0, 0, 0, 0, 0, 0, 0, 0, 0, 0, 0);[42.70918567459618, 44.34942907115085, 45.57220442290113, 44.38821319936755]
(1, 0.0, 1, 0, 1, 0, 1, 0, 1, 0, 0, 0, 0, 0, 0, 0, 0, 0);[46.2743347030048, 46.04058612342044, 46.067800376786266, 46.13681081066463]
(1, 1.0, 1, 0, 1, 0, 1, 0, 1, 0, 0, 0, 0, 0, 0, 0, 0, 0);[48.490701352660736, 48.336975511451705, 48.3579149254611, 48.4643486116123]
(0, 0.0, 0, 0, 1, 0, 0, 0, 1, 0, 0, 0, 0, 0, 0, 0, 0, 0);[45.76507038185371, 46.112918601800054, 45.773013370849895, 45.73628710023725]
(2, 0.0, 1, 0, 0, 0, 1, 0, 0, 0, 0, 0, 0, 0, 0, 0, 0, 0);[46.23865340181605, 46.205916086511564, 46.24528549322032, 46.280545682597264]
(2, 0.0, 1, 0, 0, 0, 1, 0, 0, 0, 1, 0, 0, 0, 1, 0, 0, 0);[43.90875440941019, 43.97523964607871, 43.956218262258325, 43.92365046454221]
(2, 1.0, 1, 0, 0, 0, 1, 0, 0, 0, 1, 0, 0, 0, 1, 0, 0, 0);[44.61613459802552, 44.486151004463274, 44.50267031083487, 44.54259282094623]
(3, 0.0, 1, 0, 1, 0, 1, 0, 1, 0, 0, 0, 0, 0, 0, 0, 0, 0);[46.599147601057595, 46.633752230067635, 46.75117468168737, 46.61036269967803]
(3, 1.0, 1, 0, 1, 0, 1, 0, 1, 0, 0, 0, 0, 0, 0, 0, 0, 0);[46.241826665864664, 45.984554152080484, 46.235101832563835, 46.23082711147049]
(3, 0.0, 0, 0, 1, 0, 0, 0, 1, 0, 0, 0, 1, 0, 0, 0, 1, 0);[45.27393810527399, 45.23013124791171, 45.258675924105525, 45.30439582183571]
(3, 1.0, 0, 0, 1, 0, 0, 0, 1, 0, 0, 0, 1, 0, 0, 0, 1, 0);[45.46990346776263, 45.59926013312124, 45.59048865384598, 45.62604254606168]
(2, 1.0, 1, 0, 1, 0, 1, 0, 1, 0, 0, 0, 0, 0, 0, 0, 0, 0);[47.326925664635866, 47.34342799163841, 47.23631946308043, 47.36936278977974]
(1, 0.0, 1, 0, 1, 0, 1, 0, 1, 0, 1, 0, 0, 0, 0, 0, 0, 0);[49.905, 49.332290078826766, 50, 50]
(1, 1.0, 1, 0, 1, 0, 1, 0, 1, 0, 1, 0, 1, 0, 1, 0, 1, 0);[44.27247398232783, 44.14451256697596, 44.17389333507093, 44.14711424759446]
(1, 0.0, 1, 0, 0, 0, 1, 0, 0, 0, 1, 0, 0, 0, 1, 0, 0, 0);[44.19559035486581, 44.256604814861625, 44.24632268815751, 44.21661123620443]
(1, 1.0, 1, 0, 0, 0, 1, 0, 0, 0, 1, 0, 0, 0, 1, 0, 0, 0);[44.82815000376577, 44.781983000049244, 44.78703836005515, 44.80025849172847]
(3, 1.0, 1, 0, 1, 0, 1, 0, 1, 0, 1, 0, 1, 0, 1, 0, 1, 0);[44.472318134287626, 44.43022738874875, 44.44930455178006, 44.50590309457723]
(2, 0.0, 1, 0, 1, 0, 1, 0, 1, 0, 0, 0, 0, 0, 0, 0, 0, 0);[46.82377588877594, 47.12870545478605, 46.88039075271826, 46.85410153019279]
(3, 0.0, 1, 0, 0, 0, 1, 0, 0, 0, 1, 0, 0, 0, 1, 0, 0, 0);[44.567203406327565, 44.568951786452544, 44.52780839076909, 44.502979570228725]
(3, 1.0, 1, 0, 0, 0, 1, 0, 0, 0, 1, 0, 0, 0, 1, 0, 0, 0);[45.08735888726717, 45.14487785452502, 44.97266133939528, 45.10843702235078]
(1, 1.0, 2, 0, 1, 0, 2, 0, 1, 0, 1, 0, 0, 0, 1, 0, 0, 0);[51.161248364932305, 50, 50, 50]
(0, 0.0, 0, 0, 1, 0, 0, 0, 1, 0, 0, 0, 1, 0, 0, 0, 0, 0);[48.240729758449646, 48.50898568417967, 48.2904927568883, 48.27833197884313]
(3, 0.0, 1, 0, 1, 0, 1, 0, 1, 0, 1, 0, 1, 0, 1, 0, 1, 0);[44.39512521942419, 44.40564049362941, 44.365833719675265, 44.35296603095567]
(1, 0.0, 1, 0, 1, 0, 1, 0, 1, 0, 1, 0, 1, 0, 1, 0, 1, 0);[43.72131497796899, 43.70155198388207, 43.7177903103051, 43.695551432602166]
(2, 1.0, 2, 0, 1, 0, 2, 0, 1, 0, 1, 0, 0, 0, 1, 0, 0, 0);[51.873199732780044, 50, 50, 50]
(1, 0.0, 2, 0, 1, 0, 2, 0, 1, 0, 1, 0, 0, 0, 1, 0, 0, 0);[49.93, 49.92016386311779, 49.993954, 50.61846442928538]
(1, 1.0, 2, 0, 1, 0, 2, 0, 1, 0, 1, 0, 1, 0, 1, 0, 0, 0);[50.617, 50, 50, 50]
(0, 0.0, 1, 0, 1, 0, 1, 0, 1, 0, 0, 0, 1, 0, 0, 0, 1, 0);[49.85522302748377, 50, 50, 50]
(2, 0.0, 1, 0, 0, 0, 1, 0, 0, 0, 0, 0, 0, 0, 1, 0, 0, 0);[49.80827717662983, 49.50399671068733, 49.48513079975979, 50]
(2, 0.0, 2, 0, 1, 0, 2, 0, 1, 0, 1, 0, 0, 0, 1, 0, 0, 0);[50.36018412092364, 49.92, 49.89746094170886, 49.914]
(0, 0.0, 1, 0, 0, 0, 1, 0, 1, 0, 0, 0, 0, 0, 0, 0, 0, 0);[50.841884, 50, 50, 50]
(0, 0.0, 0, 0, 0, 0, 0, 0, 1, 0, 0, 0, 0, 0, 0, 0, 1, 0);[49.458447377883694, 49.43096553107836, 49.400634296225306, 49.44598479338309]
(0, 1.0, 0, 0, 0, 0, 0, 0, 1, 0, 0, 0, 0, 0, 0, 0, 1, 0);[49.57107350117451, 49.54757586117153, 49.231309970394015, 49.59735433806927]
(1, 0.0, 0, 0, 0, 0, 0, 0, 1, 0, 0, 0, 0, 0, 0, 0, 1, 0);[49.51595037434669, 49.49921751722848, 49.500885574749454, 49.524843948091096]
(1, 1.0, 0, 0, 0, 0, 0, 0, 1, 0, 0, 0, 0, 0, 0, 0, 1, 0);[49.58875823486062, 49.670649350324936, 49.60271239131183, 49.64266290261862]
(2, 1.0, 1, 0, 0, 0, 1, 0, 0, 0, 0, 0, 0, 0, 0, 0, 0, 0);[45.776152192799444, 45.931892124356345, 45.702664783945714, 45.61715126800769]
(1, 1.0, 1, 0, 1, 0, 1, 0, 1, 0, 0, 0, 0, 0, 0, 0, 1, 0);[49.88692016354547, 49.89709, 49.37213411974265, 49.39309010773375]
(3, 1.0, 1, 0, 1, 0, 1, 0, 1, 0, 1, 0, 0, 0, 0, 0, 0, 0);[49.8780800766264, 49.27341470638539, 49.70674229973478, 49.43830286567599]
(2, 1.0, 1, 0, 1, 0, 1, 0, 0, 0, 0, 0, 0, 0, 0, 0, 0, 0);[48.75370691549708, 49.8936, 49.42414543970303, 49.937]
(0, 0.0, 0, 0, 1, 0, 0, 0, 0, 0, 0, 0, 0, 0, 0, 0, 0, 0);[49.919, 49.8924683589638, 50, 50]
(0, 0.0, 0, 0, 1, 0, 0, 0, 0, 0, 0, 0, 1, 0, 0, 0, 0, 0);[49.68498630515499, 49.674317222549995, 49.6933916524078, 49.65089862575]
(0, 1.0, 0, 0, 1, 0, 0, 0, 0, 0, 0, 0, 1, 0, 0, 0, 0, 0);[49.755254914999995, 49.77596687830079, 49.74537501800306, 49.81668199517646]
(1, 0.0, 0, 0, 1, 0, 0, 0, 0, 0, 0, 0, 1, 0, 0, 0, 0, 0);[49.71783986749999, 49.6751162530808, 49.71164778885001, 49.6837159431582]
(1, 1.0, 0, 0, 1, 0, 0, 0, 0, 0, 0, 0, 1, 0, 0, 0, 0, 0);[49.841377236199996, 49.785204935, 49.60901803521361, 49.8358425612109]
(0, 0.0, 1, 0, 1, 0, 0, 0, 1, 0, 0, 0, 0, 0, 0, 0, 0, 0);[49.3681620378549, 49.41994224785679, 49.006106625133654, 49.448357246575895]
(0, 0.0, 0, 0, 1, 0, 0, 0, 1, 0, 0, 0, 0, 0, 0, 0, 1, 0);[48.85686925450227, 48.67908623634608, 48.53524001086688, 48.98089332867486]
(2, 1.0, 2, 0, 0, 0, 2, 0, 0, 0, 2, 0, 0, 0, 1, 0, 0, 0);[50.632, 50, 50, 50]
(0, 0.0, 1, 0, 0, 0, 1, 0, 0, 0, 0, 0, 0, 0, 0, 0, 0, 0);[49.52231856997819, 49.68674489975413, 49.73810425495232, 49.689357054593856]
(1, 1.0, 1, 0, 1, 0, 1, 0, 1, 0, 0, 0, 1, 0, 0, 0, 0, 0);[49.783387426694425, 49.839447768804504, 49.35946600825951, 50]
(3, 1.0, 2, 0, 1, 0, 2, 0, 1, 0, 1, 0, 0, 0, 1, 0, 0, 0);[51.51221256254792, 50, 50, 50]
(0, 0.0, 1, 0, 2, 0, 1, 0, 2, 0, 0, 0, 1, 0, 0, 0, 1, 0);[49.98308775666879, 49.8589, 49.859, 49.80705478203685]
(0, 1.0, 0, 0, 2, 0, 0, 0, 2, 0, 0, 0, 1, 0, 0, 0, 2, 0);[49.892, 49.900999999999996, 50.3215583194338, 50]
(0, 1.0, 0, 0, 2, 0, 0, 0, 2, 0, 0, 0, 2, 0, 0, 0, 2, 0);[49.89, 49.924, 51.315270702925126, 50]
(1, 0.0, 0, 0, 2, 0, 0, 0, 2, 0, 0, 0, 2, 0, 0, 0, 2, 0);[49.84005307897593, 49.7911, 49.82584947267836, 49.9]
(1, 1.0, 0, 0, 2, 0, 0, 0, 2, 0, 0, 0, 2, 0, 0, 0, 2, 0);[49.9, 49.9, 50.235798915641666, 50]
(0, 0.0, 0, 0, 2, 0, 0, 0, 2, 0, 0, 0, 2, 0, 0, 0, 2, 0);[49.91238877767357, 49.83240517290947, 49.81753208336917, 49.83799588118821]
(2, 0.0, 0, 0, 1, 0, 0, 0, 1, 0, 0, 0, 0, 0, 0, 0, 0, 0);[48.647729919216445, 48.60175118749826, 48.54032720448045, 48.774621252399115]
(1, 0.0, 1, 0, 0, 0, 1, 0, 0, 0, 0, 0, 0, 0, 0, 0, 0, 0);[49.108891274626075, 48.830155037825016, 48.79237022232513, 49.37654784740779]
(0, 1.0, 1, 0, 2, 0, 1, 0, 2, 0, 0, 0, 1, 0, 0, 0, 1, 0);[49.86007, 49.8530103324845, 49.92880464546672, 49.93]
(3, 0.0, 1, 0, 2, 0, 1, 0, 2, 0, 0, 0, 1, 0, 0, 0, 1, 0);[49.75807985585894, 49.72604477404315, 49.74078525685372, 49.7198177226]
(3, 0.0, 1, 0, 2, 0, 1, 0, 2, 0, 0, 0, 2, 0, 0, 0, 1, 0);[49.883, 50, 50, 50]
(3, 1.0, 1, 0, 2, 0, 1, 0, 2, 0, 1, 0, 2, 0, 1, 0, 2, 0);[49.907, 50, 50, 50]
(2, 1.0, 2, 0, 1, 0, 2, 0, 0, 0, 1, 0, 0, 0, 1, 0, 0, 0);[50.295, 50, 50, 50]
(0, 0.0, 1, 0, 1, 0, 1, 0, 0, 0, 0, 0, 0, 0, 0, 0, 0, 0);[50.361185, 50, 50, 50]
(3, 0.0, 0, 0, 1, 0, 0, 0, 0, 0, 0, 0, 1, 0, 0, 0, 0, 0);[49.735267432499995, 49.69443292499999, 49.738364831001, 49.68549314223518]
(3, 1.0, 0, 0, 1, 0, 0, 0, 0, 0, 0, 0, 1, 0, 0, 0, 0, 0);[49.8321423944805, 49.8539061260535, 49.303815361789546, 49.860074999999995]
(3, 0.0, 2, 0, 1, 0, 2, 0, 1, 0, 1, 0, 0, 0, 1, 0, 0, 0);[50.21741965154483, 49.93, 49.93736330993629, 49.92]
(0, 1.0, 1, 0, 1, 0, 1, 0, 1, 0, 0, 0, 0, 0, 0, 0, 0, 0);[49.203878615299, 48.95037529100423, 49.271606119152835, 49.114498663299905]
(1, 0.0, 0, 0, 1, 0, 0, 0, 1, 0, 0, 0, 0, 0, 0, 0, 0, 0);[49.730203768529826, 49.63116981225582, 49.62483223761212, 49.55769027201805]
(2, 1.0, 1, 0, 0, 0, 1, 0, 0, 0, 0, 0, 0, 0, 1, 0, 0, 0);[48.70865081777004, 49.00443853809948, 48.884998754403156, 48.95203151793812]
(3, 1.0, 2, 0, 1, 0, 2, 0, 1, 0, 2, 0, 0, 0, 1, 0, 0, 0);[50.327914206091954, 50, 50, 50]
(1, 0.0, 1, 0, 2, 0, 1, 0, 2, 0, 0, 0, 1, 0, 0, 0, 1, 0);[49.776821204404534, 49.79338200028654, 49.78701106135591, 49.844]
(1, 1.0, 1, 0, 2, 0, 1, 0, 2, 0, 0, 0, 1, 0, 0, 0, 1, 0);[49.924, 49.918, 50.50887174674524, 50]
(0, 0.0, 0, 0, 2, 0, 0, 0, 2, 0, 0, 0, 1, 0, 0, 0, 2, 0);[49.888618559, 50, 50, 50]
(0, 0.0, 0, 0, 0, 0, 0, 0, 1, 0, 0, 0, 0, 0, 0, 0, 0, 0);[49.917, 49.912585, 49.88255073948878, 49.878726948087504]
(3, 0.0, 0, 0, 0, 0, 0, 0, 1, 0, 0, 0, 0, 0, 0, 0, 1, 0);[49.5126787521458, 49.47357047747937, 49.48149499021569, 49.49957608376243]
(3, 1.0, 0, 0, 0, 0, 0, 0, 1, 0, 0, 0, 0, 0, 0, 0, 1, 0);[49.53698781315628, 49.5608350989787, 49.554667749594614, 49.596018601074555]
(0, 0.0, 0, 0, 1, 0, 1, 0, 1, 0, 0, 0, 0, 0, 0, 0, 0, 0);[49.47641841544152, 49.348372351646205, 49.31009836543124, 49.12515823846839]
(3, 1.0, 1, 0, 2, 0, 1, 0, 2, 0, 0, 0, 1, 0, 0, 0, 1, 0);[49.922, 49.93, 50.33187465020592, 50]
(0, 0.0, 0, 0, 2, 0, 0, 0, 2, 0, 0, 0, 1, 0, 0, 0, 1, 0);[49.887585, 50.07737568570036, 50, 50]
(1, 0.0, 1, 0, 1, 0, 1, 0, 1, 0, 0, 0, 0, 0, 0, 0, 1, 0);[48.882906430473135, 48.77509794546077, 48.53618001420566, 49.017860216321026]
(2, 1.0, 2, 0, 0, 0, 2, 0, 0, 0, 2, 0, 0, 0, 2, 0, 0, 0);[50.271, 50, 50, 50]
(0, 1.0, 0, 0, 2, 0, 1, 0, 2, 0, 0, 0, 1, 0, 0, 0, 1, 0);[49.919, 49.8941, 50, 50]
(0, 1.0, 0, 0, 2, 0, 0, 0, 2, 0, 0, 0, 1, 0, 0, 0, 1, 0);[49.99754786790016, 50, 50, 50]
(0, 1.0, 0, 0, 1, 0, 1, 0, 1, 0, 0, 0, 0, 0, 0, 0, 0, 0);[49.944, 50, 50, 50]
(1, 1.0, 1, 0, 1, 0, 1, 0, 1, 0, 1, 0, 0, 0, 1, 0, 0, 0);[49.682829934243884, 49.562890197496955, 49.37781979259898, 49.382843856062244]
(1, 0.0, 1, 0, 2, 0, 1, 0, 2, 0, 0, 0, 2, 0, 0, 0, 2, 0);[49.884, 50, 50, 50]
(1, 1.0, 1, 0, 2, 0, 1, 0, 2, 0, 1, 0, 2, 0, 1, 0, 2, 0);[49.89653921546902, 49.88, 50.38878632052476, 50]
(0, 1.0, 0, 0, 1, 0, 0, 0, 1, 0, 0, 0, 1, 0, 0, 0, 0, 0);[49.65202119911494, 49.50658570821137, 49.55813029282177, 49.470668522502635]
(1, 1.0, 1, 0, 2, 0, 1, 0, 2, 0, 0, 0, 2, 0, 0, 0, 1, 0);[49.89345905128892, 50, 50, 50]
(2, 0.0, 1, 0, 0, 0, 1, 0, 1, 0, 0, 0, 0, 0, 0, 0, 0, 0);[49.71847992357085, 49.1880033031746, 49.81145764631277, 49.354061354836]
(2, 1.0, 2, 0, 0, 0, 2, 0, 1, 0, 1, 0, 0, 0, 1, 0, 0, 0);[50.349162, 50, 50, 50]
(2, 0.0, 1, 0, 0, 0, 0, 0, 0, 0, 0, 0, 0, 0, 0, 0, 0, 0);[49.916, 50, 50, 50]
(2, 0.0, 1, 0, 0, 0, 0, 0, 0, 0, 1, 0, 0, 0, 0, 0, 0, 0);[49.915, 49.916, 49.917, 50]
(2, 1.0, 1, 0, 0, 0, 0, 0, 0, 0, 1, 0, 0, 0, 0, 0, 0, 0);[49.598915792244284, 49.947, 49.915, 49.96]
(1, 0.0, 1, 0, 1, 0, 1, 0, 1, 0, 0, 0, 1, 0, 0, 0, 0, 0);[49.375560723859905, 49.14096819053687, 49.69534506026212, 49.63210440690424]
(2, 1.0, 1, 0, 0, 0, 1, 0, 1, 0, 0, 0, 0, 0, 0, 0, 0, 0);[49.41258912795163, 49.41936254136074, 49.42383583000559, 49.45109391334177]
(0, 1.0, 1, 0, 1, 0, 1, 0, 2, 0, 0, 0, 0, 0, 0, 0, 1, 0);[49.935, 49.931, 49.8693740481397, 49.931]
(1, 0.0, 1, 0, 1, 0, 0, 0, 2, 0, 0, 0, 1, 0, 0, 0, 1, 0);[49.896, 50, 50, 50]
(1, 0.0, 1, 0, 1, 0, 0, 0, 2, 0, 1, 0, 1, 0, 0, 0, 2, 0);[49.89, 50, 50, 50]
(1, 1.0, 1, 0, 1, 0, 0, 0, 2, 0, 1, 0, 1, 0, 0, 0, 2, 0);[49.92, 50, 50, 50]
(0, 0.0, 0, 0, 1, 0, 0, 0, 2, 0, 0, 0, 1, 0, 0, 0, 2, 0);[49.80114003543303, 49.829095, 49.8473112673582, 49.810095000000004]
(0, 1.0, 0, 0, 1, 0, 0, 0, 2, 0, 0, 0, 1, 0, 0, 0, 2, 0);[49.905, 49.905, 50.182580605738096, 50]
(1, 0.0, 0, 0, 1, 0, 0, 0, 2, 0, 0, 0, 1, 0, 0, 0, 2, 0);[49.905, 49.905, 50, 50]
(1, 1.0, 0, 0, 1, 0, 0, 0, 2, 0, 0, 0, 1, 0, 0, 0, 2, 0);[49.905, 50, 50, 50]
(2, 0.0, 0, 0, 0, 0, 1, 0, 0, 0, 0, 0, 0, 0, 0, 0, 0, 0);[49.917, 49.916, 50, 50]
(2, 0.0, 0, 0, 0, 0, 1, 0, 0, 0, 0, 0, 0, 0, 1, 0, 0, 0);[49.915, 49.915, 49.958, 49.925]
(2, 1.0, 0, 0, 0, 0, 1, 0, 0, 0, 0, 0, 0, 0, 1, 0, 0, 0);[49.66676266023008, 49.951, 49.925, 50.01]
(1, 0.0, 1, 0, 2, 0, 1, 0, 2, 0, 0, 0, 1, 0, 0, 0, 2, 0);[49.884, 50, 50, 50]
(2, 0.0, 1, 0, 1, 0, 1, 0, 1, 0, 1, 0, 0, 0, 1, 0, 0, 0);[49.68993871827015, 49.681618332381, 49.67162477869642, 49.287478633348535]
(2, 0.0, 1, 0, 1, 0, 1, 0, 1, 0, 1, 0, 0, 0, 0, 0, 0, 0);[49.93926271784748, 49.41760745348963, 50, 50]
(0, 1.0, 1, 0, 1, 0, 0, 0, 1, 0, 0, 0, 0, 0, 0, 0, 0, 0);[49.944, 49.946, 50, 50]
(2, 0.0, 1, 0, 0, 0, 1, 0, 0, 0, 1, 0, 0, 0, 0, 0, 0, 0);[49.050309973494095, 48.935383053196745, 48.90421359803981, 48.91329410726693]
(2, 0.0, 1, 0, 1, 1, 1, 0, 1, 1, 0, 0, 0, 0, 0, 0, 0, 0);[49.94, 49.927, 50, 50]
(2, 1.0, 1, 0, 1, 1, 1, 0, 1, 1, 0, 0, 0, 0, 0, 0, 0, 0);[49.93, 50, 50, 50]
(0, 0.0, 0, 0, 1, 1, 0, 0, 1, 1, 0, 0, 0, 0, 0, 0, 0, 1);[49.902, 50, 50, 50]
(0, 0.0, 0, 0, 1, 1, 0, 0, 1, 1, 0, 0, 1, 1, 0, 0, 1, 1);[49.9, 49.799099999999996, 49.91, 49.848584]
(0, 1.0, 0, 0, 1, 1, 0, 0, 1, 1, 0, 0, 1, 1, 0, 0, 1, 1);[49.790099999999995, 49.80515, 49.81919126, 49.74498830785566]
(1, 0.0, 0, 0, 1, 1, 0, 0, 1, 1, 0, 0, 1, 1, 0, 0, 1, 1);[49.810089999999995, 49.818999999999996, 49.91, 49.91]
(1, 1.0, 0, 0, 1, 1, 0, 0, 1, 1, 0, 0, 1, 1, 0, 0, 1, 1);[49.91, 49.91, 49.96289893, 50.265]
(2, 0.0, 0, 0, 0, 1, 0, 0, 0, 1, 0, 0, 0, 1, 0, 0, 0, 1);[49.81455356, 49.85817627028699, 49.814295116433655, 49.86707]
(2, 1.0, 0, 0, 0, 1, 0, 0, 0, 1, 0, 0, 0, 1, 0, 0, 0, 1);[49.93, 49.93, 49.93, 49.70279135348794]
(0, 0.0, 0, 0, 0, 1, 0, 0, 0, 1, 0, 0, 0, 1, 0, 0, 0, 1);[49.92307, 49.867, 49.90607, 49.86007]
(0, 1.0, 0, 0, 0, 1, 0, 0, 0, 1, 0, 0, 0, 1, 0, 0, 0, 1);[49.86007, 49.86007, 49.93, 49.69325430233018]
(1, 0.0, 0, 0, 0, 1, 0, 0, 0, 1, 0, 0, 0, 1, 0, 0, 0, 1);[49.86007, 49.867, 49.93, 49.93]
(1, 1.0, 0, 0, 0, 1, 0, 0, 0, 1, 0, 0, 0, 1, 0, 0, 0, 1);[49.93, 49.93, 49.93, 50.22729134316677]
(3, 0.0, 1, 0, 1, 1, 1, 0, 1, 1, 0, 0, 0, 0, 0, 0, 0, 0);[49.990136683825945, 50, 50, 50]
(2, 0.0, 1, 0, 1, 0, 0, 0, 1, 0, 0, 0, 0, 0, 0, 0, 0, 0);[50.3636, 50, 50, 50]
(1, 0.0, 1, 0, 0, 0, 0, 0, 0, 0, 1, 0, 0, 0, 0, 0, 0, 0);[49.925, 49.925, 50, 50]
(1, 1.0, 1, 0, 0, 0, 0, 0, 0, 0, 1, 0, 0, 0, 0, 0, 0, 0);[49.46930309379056, 50, 50, 50]
(1, 0.0, 1, 0, 0, 0, 1, 0, 1, 0, 0, 0, 0, 0, 0, 0, 0, 0);[49.911, 49.8094985638, 49.911, 49.89432547794994]
(1, 0.0, 1, 0, 0, 0, 1, 0, 1, 0, 1, 0, 0, 0, 1, 0, 1, 0);[49.64350228363445, 49.64304640763581, 49.62992193261981, 49.62742778409856]
(1, 1.0, 1, 0, 0, 0, 1, 0, 1, 0, 1, 0, 0, 0, 1, 0, 1, 0);[49.68647722016359, 49.715284905000004, 49.400987743535836, 49.73673745]
(2, 0.0, 1, 0, 1, 0, 1, 0, 0, 0, 0, 0, 0, 0, 0, 0, 0, 0);[49.31955378962918, 49.39248634328846, 49.800992580061695, 49.42525021910607]
(3, 0.0, 1, 0, 1, 0, 1, 0, 1, 0, 0, 0, 0, 0, 1, 0, 0, 0);[49.811371640100475, 49.37621326121849, 50, 50]
(0, 1.0, 0, 0, 1, 0, 0, 0, 1, 0, 0, 0, 0, 0, 0, 0, 1, 0);[49.079447329542575, 49.544649077346655, 49.480229407369805, 49.47717812786164]
(3, 0.0, 1, 0, 1, 0, 1, 0, 1, 0, 0, 0, 0, 0, 0, 0, 1, 0);[49.77562475197815, 50, 50, 50]
(0, 0.0, 1, 0, 1, 0, 1, 0, 1, 0, 0, 0, 1, 0, 0, 0, 0, 0);[49.924884161999486, 50, 50, 50]
(0, 0.0, 1, 0, 1, 1, 1, 0, 1, 0, 0, 0, 0, 0, 0, 0, 0, 0);[49.945, 50, 50, 50]
(0, 1.0, 0, 0, 1, 1, 1, 0, 1, 0, 0, 0, 0, 0, 0, 0, 0, 0);[49.93, 50, 50, 50]
(0, 1.0, 0, 0, 1, 1, 0, 0, 1, 0, 0, 0, 1, 1, 0, 0, 0, 0);[49.905, 50, 50, 50]
(0, 1.0, 0, 0, 1, 1, 0, 0, 1, 0, 0, 0, 1, 1, 0, 0, 1, 0);[49.905, 49.938, 50.015, 50]
(1, 0.0, 0, 0, 1, 1, 0, 0, 1, 0, 0, 0, 1, 1, 0, 0, 1, 0);[49.915, 49.915, 50, 50]
(1, 1.0, 0, 0, 1, 1, 0, 0, 1, 0, 0, 0, 1, 1, 0, 0, 1, 0);[49.915, 50, 50, 50]
(0, 0.0, 0, 0, 1, 1, 0, 0, 1, 0, 0, 0, 1, 1, 0, 0, 1, 0);[49.915, 49.915, 50, 50]
(2, 0.0, 0, 0, 0, 1, 0, 0, 0, 0, 0, 0, 0, 1, 0, 0, 0, 0);[49.89432, 49.935, 49.935, 49.935]
(2, 1.0, 0, 0, 0, 1, 0, 0, 0, 0, 0, 0, 0, 1, 0, 0, 0, 0);[49.935, 49.935, 49.935, 49.892431554411125]
(0, 0.0, 0, 0, 0, 1, 0, 0, 0, 0, 0, 0, 0, 1, 0, 0, 0, 0);[49.935, 49.935, 49.935, 49.935]
(0, 1.0, 0, 0, 0, 1, 0, 0, 0, 0, 0, 0, 0, 1, 0, 0, 0, 0);[49.935, 49.935, 49.935, 50]
(1, 0.0, 0, 0, 0, 1, 0, 0, 0, 0, 0, 0, 0, 1, 0, 0, 0, 0);[49.935, 49.935, 49.935, 49.935]
(1, 1.0, 0, 0, 0, 1, 0, 0, 0, 0, 0, 0, 0, 1, 0, 0, 0, 0);[49.935, 49.935, 49.935, 50]
(1, 1.0, 1, 0, 2, 0, 1, 0, 2, 0, 0, 0, 2, 0, 0, 0, 2, 0);[49.89326927552021, 50, 50, 50]
(3, 1.0, 1, 0, 1, 0, 1, 0, 1, 0, 0, 0, 0, 0, 0, 0, 1, 0);[49.55502776925078, 49.586172313696224, 49.35353389567034, 50]
(2, 0.0, 2, 1, 1, 0, 2, 1, 1, 0, 1, 0, 0, 0, 1, 0, 0, 0);[49.92, 50, 50, 50]
(2, 1.0, 2, 1, 1, 0, 2, 1, 0, 0, 1, 0, 0, 0, 1, 0, 0, 0);[49.955, 50, 50, 50]
(0, 0.0, 1, 1, 0, 0, 1, 1, 0, 0, 0, 1, 0, 0, 0, 1, 0, 0);[49.944, 50, 50, 50]
(0, 0.0, 0, 1, 0, 0, 0, 1, 0, 0, 0, 1, 0, 0, 0, 1, 0, 0);[48.194428073919056, 48.171481999171704, 48.193800520661924, 48.172596514203036]
(0, 1.0, 0, 1, 0, 0, 0, 1, 0, 0, 0, 1, 0, 0, 0, 1, 0, 0);[48.524639143289534, 48.46158751424094, 48.47576650956981, 48.4671973977558]
(1, 0.0, 1, 0, 1, 0, 1, 0, 1, 0, 0, 0, 1, 0, 1, 0, 0, 0);[49.16928268812941, 49.451024759210455, 49.397148668826034, 49.3956627678332]
(1, 0.0, 1, 0, 1, 0, 1, 0, 1, 0, 0, 0, 1, 0, 1, 0, 1, 0);[49.75458264123474, 49.660410615727045, 50, 50]
(0, 1.0, 1, 1, 1, 0, 1, 1, 1, 0, 0, 0, 0, 0, 0, 0, 0, 0);[49.94, 50.199220227912335, 50, 50]
(1, 0.0, 0, 0, 0, 0, 1, 0, 0, 0, 0, 0, 0, 0, 1, 0, 0, 0);[49.925, 49.925, 50, 50]
(1, 1.0, 0, 0, 0, 0, 1, 0, 0, 0, 0, 0, 0, 0, 1, 0, 0, 0);[49.54573396880295, 50, 50, 50]
(0, 1.0, 1, 0, 1, 1, 1, 0, 1, 1, 0, 0, 0, 0, 0, 0, 0, 0);[49.94, 49.939, 49.94, 50]
(1, 0.0, 1, 0, 1, 1, 1, 0, 1, 1, 0, 0, 0, 1, 0, 0, 0, 0);[49.909, 50, 50, 50]
(1, 0.0, 1, 0, 1, 1, 1, 0, 1, 1, 1, 0, 1, 1, 1, 0, 0, 1);[49.89, 50, 50, 50]
(1, 1.0, 1, 0, 1, 1, 1, 0, 1, 1, 1, 0, 1, 1, 1, 0, 1, 1);[49.922, 49.89, 49.935, 50]
(2, 1.0, 1, 0, 0, 0, 1, 0, 0, 0, 1, 0, 0, 0, 0, 0, 0, 0);[48.55771747524976, 48.368952425236124, 48.879786924232256, 48.438685047411525]
(0, 1.0, 1, 1, 1, 1, 1, 1, 1, 1, 0, 0, 0, 0, 0, 0, 0, 0);[49.93, 50.138, 50, 50]
(1, 0.0, 1, 0, 1, 1, 1, 0, 1, 1, 0, 0, 0, 0, 0, 0, 0, 0);[49.896, 50, 50, 50]
(1, 0.0, 1, 0, 1, 1, 1, 0, 1, 1, 1, 0, 1, 1, 1, 0, 1, 1);[49.89, 50, 50, 50]
(2, 0.0, 1, 0, 0, 1, 1, 0, 0, 1, 1, 0, 0, 1, 1, 0, 0, 1);[49.943, 49.91, 50, 50]
(2, 1.0, 1, 0, 0, 1, 1, 0, 0, 1, 1, 0, 0, 1, 1, 0, 0, 1);[49.97707, 49.923, 50, 50]
(1, 0.0, 0, 0, 1, 0, 1, 0, 1, 0, 0, 0, 0, 0, 0, 0, 0, 0);[49.914, 50, 50, 50]
(1, 0.0, 0, 0, 1, 0, 1, 0, 1, 0, 0, 0, 1, 0, 1, 0, 1, 0);[49.905, 49.91, 50, 50]
(1, 1.0, 0, 0, 1, 0, 1, 0, 1, 0, 0, 0, 1, 0, 1, 0, 1, 0);[49.594682546704796, 49.905, 49.949, 50]
(3, 1.0, 1, 0, 2, 0, 1, 0, 2, 0, 0, 0, 2, 0, 0, 0, 1, 0);[49.894774859434406, 49.898, 50, 50]
(2, 1.0, 1, 1, 1, 0, 1, 1, 1, 0, 0, 0, 0, 0, 0, 0, 0, 0);[49.29809508399728, 49.194743677290774, 49.263686534532155, 49.281713583233575]
(0, 0.0, 1, 1, 1, 0, 1, 1, 1, 0, 0, 0, 0, 0, 0, 0, 0, 0);[49.58466294861897, 49.59261395586094, 49.57417056069889, 49.5245314211692]
(0, 0.0, 0, 1, 1, 0, 0, 1, 1, 0, 0, 0, 0, 0, 0, 0, 0, 0);[49.19015930891786, 49.14818132662411, 49.23427779453634, 49.20827623600604]
(0, 1.0, 0, 1, 1, 0, 0, 1, 1, 0, 0, 1, 0, 0, 0, 1, 1, 0);[49.634653123916024, 49.6095867706187, 49.567351628833066, 49.80787966280368]
(0, 1.0, 0, 1, 1, 0, 0, 1, 1, 0, 0, 1, 1, 0, 0, 1, 1, 0);[47.83660241571985, 47.67498374615298, 47.81673995195207, 47.842864432916606]
(3, 0.0, 2, 0, 2, 0, 2, 0, 2, 0, 1, 0, 1, 0, 1, 0, 1, 0);[49.91, 50, 50, 50]
(3, 1.0, 2, 0, 2, 0, 2, 0, 2, 0, 1, 0, 1, 0, 1, 0, 1, 0);[50.192200307667186, 50, 50, 50]
(3, 0.0, 1, 1, 1, 0, 1, 1, 1, 0, 0, 0, 0, 0, 0, 0, 0, 0);[48.68646534369216, 48.7074763254206, 48.68254475590285, 48.70313934570899]
(3, 1.0, 1, 1, 1, 0, 1, 1, 1, 0, 0, 0, 0, 0, 0, 0, 0, 0);[48.98867047950672, 49.18670901720561, 48.943391247549236, 49.00735629315142]
(0, 0.0, 0, 1, 1, 0, 0, 1, 1, 0, 0, 1, 0, 0, 0, 1, 0, 0);[48.93671427243439, 48.98390384795635, 48.82047023886857, 49.0189843036337]
(0, 0.0, 0, 1, 1, 0, 0, 1, 1, 0, 0, 1, 1, 0, 0, 1, 1, 0);[47.722242848549286, 47.71313619587935, 47.77840040687946, 47.753211985073136]
(2, 0.0, 0, 1, 0, 0, 0, 1, 0, 0, 0, 1, 0, 0, 0, 1, 0, 0);[47.93848822263949, 47.974740189799164, 47.96637329050765, 47.9620238584313]
(2, 1.0, 0, 1, 0, 0, 0, 1, 0, 0, 0, 1, 0, 0, 0, 1, 0, 0);[48.26564122454239, 48.28511307955178, 48.28222747985296, 48.375518244090415]
(0, 0.0, 0, 0, 2, 0, 1, 0, 2, 0, 0, 0, 1, 0, 0, 0, 1, 0);[49.941099297927785, 49.933003748549346, 50, 50]
(1, 0.0, 1, 0, 1, 0, 1, 0, 1, 0, 1, 0, 1, 0, 0, 0, 0, 0);[49.69551559964663, 49.36675676148881, 50, 50]
(3, 1.0, 1, 0, 2, 0, 1, 0, 2, 0, 0, 0, 1, 0, 1, 0, 1, 0);[49.90256936996567, 50, 50, 50]
(1, 1.0, 1, 0, 1, 0, 1, 0, 1, 0, 1, 0, 0, 0, 0, 0, 1, 0);[49.52704340881319, 49.41154359447411, 49.37137374122427, 50]
(2, 1.0, 2, 0, 0, 0, 2, 0, 0, 0, 1, 0, 0, 0, 1, 0, 0, 0);[50.155486068236584, 50, 50, 50]
(3, 1.0, 0, 0, 2, 0, 0, 0, 1, 0, 0, 0, 1, 0, 0, 0, 1, 0);[49.913410834255906, 50, 50, 50]
(2, 0.0, 0, 0, 2, 0, 0, 0, 1, 0, 0, 0, 1, 0, 0, 0, 0, 0);[50.264, 50, 50, 50]
(2, 0.0, 0, 0, 1, 0, 0, 0, 0, 0, 0, 0, 0, 0, 0, 0, 0, 0);[49.50143698482529, 49.53915428760181, 50, 50]
(1, 1.0, 1, 0, 1, 0, 1, 0, 1, 0, 0, 0, 1, 0, 1, 0, 1, 0);[49.511224504831034, 49.63269917696286, 49.37908751671209, 50]
(2, 0.0, 2, 0, 1, 1, 2, 0, 1, 1, 1, 0, 0, 0, 1, 0, 0, 0);[49.92, 50, 50, 50]
(2, 1.0, 2, 0, 1, 1, 2, 0, 1, 1, 1, 0, 0, 0, 1, 0, 0, 0);[50.127, 50, 50, 50]
(0, 0.0, 1, 0, 1, 1, 1, 0, 1, 1, 0, 0, 0, 0, 0, 0, 0, 0);[49.977959999999996, 49.94, 50, 50]
(0, 0.0, 0, 0, 1, 1, 0, 0, 1, 1, 0, 0, 0, 1, 0, 0, 1, 1);[49.9, 50, 50, 50]
(3, 1.0, 1, 0, 1, 0, 1, 0, 1, 0, 0, 0, 1, 0, 0, 0, 1, 0);[49.50130105927202, 49.31284448915931, 50, 50]
(1, 1.0, 1, 0, 1, 0, 1, 0, 1, 0, 0, 0, 0, 0, 1, 0, 1, 0);[49.4946973900428, 49.39580877061041, 49.32739908561722, 50]
(3, 1.0, 1, 0, 2, 0, 1, 0, 2, 0, 1, 0, 1, 0, 0, 0, 2, 0);[49.89820774635308, 50, 50, 50]
(1, 1.0, 1, 0, 1, 0, 1, 0, 1, 0, 0, 0, 1, 0, 1, 0, 0, 0);[49.49399592588264, 50, 50, 50]
(1, 0.0, 1, 0, 1, 0, 1, 0, 1, 0, 0, 0, 0, 0, 1, 0, 0, 0);[49.704760745879625, 49.59743597676028, 49.417932866226145, 49.36139432655583]
(3, 0.0, 0, 1, 0, 0, 0, 1, 0, 0, 0, 0, 0, 0, 0, 0, 0, 0);[49.31622115632408, 49.21303026461332, 49.22801328533245, 49.21079003518021]
(2, 0.0, 0, 1, 0, 0, 0, 1, 0, 0, 0, 0, 0, 0, 0, 0, 0, 0);[49.85051424914442, 49.75214218542623, 49.80552712212744, 49.80376063212148]
(1, 1.0, 1, 0, 1, 0, 1, 0, 1, 0, 1, 0, 0, 0, 1, 0, 1, 0);[49.478328481143244, 49.40563254319062, 50, 50]
(3, 1.0, 1, 0, 1, 0, 1, 0, 1, 0, 1, 0, 1, 0, 1, 0, 0, 0);[49.48311712276997, 49.5040214958238, 50, 50]
(3, 1.0, 1, 0, 2, 0, 1, 0, 2, 0, 0, 0, 2, 0, 0, 0, 2, 0);[49.893497894982055, 50, 50, 50]
(3, 1.0, 1, 0, 1, 0, 1, 0, 1, 0, 1, 0, 1, 0, 0, 0, 1, 0);[49.46477346524044, 49.63327611066805, 49.332837762327856, 50]
(2, 0.0, 1, 0, 1, 0, 1, 0, 1, 0, 0, 0, 0, 0, 1, 0, 0, 0);[49.68373865277181, 50, 50, 50]
(1, 1.0, 1, 0, 1, 0, 1, 0, 1, 0, 1, 0, 1, 0, 0, 0, 1, 0);[49.46449035645509, 49.33309719287397, 50, 50]
(2, 0.0, 1, 1, 1, 0, 1, 1, 1, 0, 0, 0, 0, 0, 0, 0, 0, 0);[49.43210217322864, 49.42375811283964, 49.45041050847452, 49.44908570221559]
(2, 1.0, 1, 1, 1, 0, 1, 1, 0, 0, 0, 0, 0, 0, 0, 0, 0, 0);[49.923, 49.525690178791805, 49.925, 50]
(3, 0.0, 0, 1, 0, 0, 0, 1, 0, 0, 0, 1, 0, 0, 0, 1, 0, 0);[48.402249021893994, 48.42358384243133, 48.49810319845131, 48.36730751342638]
(3, 1.0, 0, 1, 0, 0, 0, 1, 0, 0, 0, 1, 0, 0, 0, 1, 0, 0);[48.811371554595716, 49.315290878893435, 48.844615584039126, 48.89078332460165]
(1, 0.0, 1, 0, 2, 0, 1, 0, 2, 0, 1, 0, 2, 0, 1, 0, 2, 0);[49.89, 49.91772, 50, 50]
(3, 0.0, 1, 0, 0, 0, 0, 0, 0, 0, 1, 0, 0, 0, 0, 0, 0, 0);[49.925, 49.925, 50, 50]
(3, 1.0, 1, 0, 0, 0, 0, 0, 0, 0, 1, 0, 0, 0, 0, 0, 0, 0);[49.48667457225559, 50, 50, 50]
(1, 0.0, 1, 0, 1, 0, 1, 0, 1, 0, 1, 0, 1, 0, 0, 0, 1, 0);[48.97447626717222, 48.84406949340454, 49.41453019235495, 49.421643855954564]
(3, 0.0, 1, 1, 0, 0, 1, 1, 1, 0, 0, 1, 0, 0, 0, 1, 0, 0);[49.897999999999996, 50, 50, 50]
(3, 0.0, 1, 1, 0, 0, 1, 1, 1, 0, 1, 1, 0, 0, 1, 1, 1, 0);[49.895, 50, 50, 50]
(3, 1.0, 1, 1, 0, 0, 1, 1, 1, 0, 1, 1, 0, 0, 1, 1, 1, 0);[49.932, 50, 50, 50]
(0, 0.0, 0, 1, 0, 0, 0, 1, 1, 0, 0, 1, 0, 0, 0, 1, 1, 0);[49.94, 49.915, 49.926265255655835, 50]
(0, 1.0, 0, 1, 0, 0, 0, 1, 1, 0, 0, 1, 0, 0, 0, 1, 1, 0);[49.915, 50.206073395370645, 50, 50]
(2, 0.0, 1, 1, 0, 0, 1, 1, 0, 0, 0, 0, 0, 0, 0, 0, 0, 0);[49.773554822881, 49.797875841880995, 49.74179446255215, 49.67233106799266]
(2, 0.0, 1, 1, 0, 0, 1, 1, 0, 0, 1, 1, 0, 0, 1, 1, 0, 0);[48.14113952008608, 48.169130984459805, 48.12942597880746, 48.11224161255334]
(2, 1.0, 1, 1, 0, 0, 1, 1, 0, 0, 1, 1, 0, 0, 1, 1, 0, 0);[48.18527512269541, 48.00153033747127, 48.20635196274691, 48.22712675492767]
(3, 1.0, 1, 1, 1, 0, 1, 1, 1, 0, 0, 1, 0, 0, 0, 1, 0, 0);[49.31614692606547, 49.37711828723978, 49.421903297582276, 49.38652966618905]
(0, 0.0, 1, 1, 1, 0, 1, 1, 1, 0, 0, 1, 0, 0, 0, 1, 0, 0);[49.87021810911472, 49.76302257156642, 49.89260912538909, 49.8842458]
(3, 0.0, 0, 1, 1, 0, 0, 1, 1, 0, 0, 1, 1, 0, 0, 1, 1, 0);[48.20879610364487, 48.198263032767535, 48.23272725797339, 48.186729950083176]
(3, 1.0, 0, 1, 1, 0, 0, 1, 1, 0, 0, 1, 1, 0, 0, 1, 1, 0);[48.46242207394367, 48.94162922059442, 48.535082295081466, 48.47105584635017]
(3, 1.0, 0, 2, 0, 0, 0, 2, 0, 0, 0, 1, 0, 0, 0, 1, 0, 0);[49.92, 50.53, 50, 50]
(0, 0.0, 1, 2, 1, 0, 1, 2, 1, 0, 0, 1, 0, 0, 0, 1, 0, 0);[49.842, 49.8318, 49.84008, 49.847]
(0, 1.0, 0, 2, 1, 0, 0, 2, 1, 0, 0, 2, 0, 0, 0, 2, 1, 0);[49.881, 50, 50, 50]
(0, 1.0, 0, 2, 1, 0, 0, 2, 1, 0, 0, 2, 1, 0, 0, 2, 1, 0);[49.88, 51.95097663101904, 50, 50]
(1, 0.0, 0, 1, 1, 0, 0, 1, 1, 0, 0, 0, 1, 0, 0, 0, 1, 0);[49.52686534867228, 49.64512044931762, 49.69704591748961, 49.644578689677104]
(2, 1.0, 0, 1, 0, 0, 0, 1, 0, 0, 0, 0, 0, 0, 0, 0, 0, 0);[49.870894373089996, 49.601317617161996, 49.815596841495214, 49.713457647976725]
(0, 1.0, 0, 1, 1, 0, 0, 1, 1, 0, 0, 1, 0, 0, 0, 1, 0, 0);[49.894459116045, 49.95416241840729, 49.759557276097766, 50]
(2, 0.0, 1, 1, 1, 0, 1, 1, 1, 0, 0, 1, 0, 0, 0, 1, 0, 0);[49.867, 49.97001663605863, 49.88275944811128, 49.926]
(2, 1.0, 1, 1, 0, 0, 1, 1, 1, 0, 0, 1, 0, 0, 0, 1, 0, 0);[49.88856561, 50, 50, 50]
(3, 0.0, 1, 2, 1, 0, 1, 2, 1, 0, 0, 1, 0, 0, 0, 1, 0, 0);[49.92, 49.91, 49.919, 50]
(3, 1.0, 1, 2, 1, 0, 1, 2, 1, 0, 0, 2, 0, 0, 0, 1, 0, 0);[49.893, 50.34, 50, 50]
(0, 0.0, 0, 2, 1, 0, 0, 2, 1, 0, 0, 2, 1, 0, 0, 2, 1, 0);[49.895, 49.943559, 50, 50]
(1, 0.0, 1, 0, 1, 0, 1, 0, 1, 0, 0, 0, 1, 0, 0, 0, 1, 0);[49.506169732669726, 49.36805814411976, 49.29004819281006, 49.29755552455541]
(3, 1.0, 1, 1, 1, 0, 1, 1, 1, 0, 0, 1, 0, 0, 0, 0, 0, 0);[49.64495823136012, 49.619935799075634, 49.887557695020206, 49.84565879115444]
(0, 0.0, 0, 1, 1, 0, 0, 1, 1, 0, 0, 1, 1, 0, 0, 1, 0, 0);[49.34189828974551, 49.52465103195302, 49.44936614772365, 49.41718489930323]
(3, 0.0, 1, 1, 0, 0, 1, 1, 0, 0, 1, 1, 0, 0, 1, 1, 0, 0);[48.5229846467057, 48.555423478379154, 48.515252930075974, 48.54895645427756]
(3, 1.0, 1, 1, 0, 0, 1, 1, 0, 0, 1, 1, 0, 0, 1, 1, 0, 0);[48.74491385843456, 48.57699426115403, 48.628799364538686, 48.748157329910086]
(3, 0.0, 1, 1, 1, 0, 1, 1, 1, 0, 0, 1, 0, 0, 0, 1, 0, 0);[49.621645098153856, 49.67599913718656, 49.6416701745965, 49.66744454262083]
(0, 1.0, 1, 2, 1, 0, 1, 2, 1, 0, 0, 1, 0, 0, 0, 1, 0, 0);[49.92, 50.528999999999996, 50, 50]
(1, 0.0, 0, 1, 1, 0, 1, 1, 1, 0, 0, 0, 0, 0, 0, 0, 0, 0);[50.523, 50, 50, 50]
(3, 0.0, 0, 0, 0, 0, 1, 0, 0, 0, 0, 0, 0, 0, 1, 0, 0, 0);[49.935, 49.935, 50, 50]
(3, 1.0, 0, 0, 0, 0, 1, 0, 0, 0, 0, 0, 0, 0, 1, 0, 0, 0);[49.53263542366205, 50, 50, 50]
(1, 0.0, 1, 0, 1, 0, 1, 0, 1, 0, 1, 0, 0, 0, 1, 0, 1, 0);[49.53428122180009, 49.45046722930506, 49.30413214185601, 50]
(2, 0.0, 1, 1, 0, 0, 1, 1, 0, 0, 0, 1, 0, 0, 0, 1, 0, 0);[49.39349605057117, 49.57944801382065, 49.50365843871452, 49.541017505773794]
(1, 0.0, 1, 1, 0, 0, 1, 1, 0, 0, 1, 0, 0, 0, 1, 0, 0, 0);[49.78164961212461, 50, 50, 50]
(0, 0.0, 1, 1, 1, 0, 0, 1, 1, 0, 0, 0, 0, 0, 0, 0, 0, 0);[49.8216963012039, 49.8457, 49.80474222339151, 49.810746348302274]
(3, 1.0, 1, 0, 1, 0, 1, 0, 1, 0, 0, 0, 1, 0, 0, 0, 0, 0);[49.43239906886742, 49.425579302474695, 49.42071176299592, 50]
(3, 1.0, 1, 1, 1, 0, 1, 1, 1, 0, 1, 1, 0, 0, 1, 1, 0, 0);[49.902590348000004, 50, 50, 50]
(3, 1.0, 1, 0, 1, 0, 1, 0, 1, 0, 0, 0, 0, 0, 1, 0, 0, 0);[49.42658080023592, 48.982652651368596, 49.40530545678839, 48.92888190728347]
(0, 0.0, 0, 1, 1, 0, 1, 1, 1, 0, 0, 0, 0, 0, 0, 0, 0, 0);[49.888141, 49.89162929820325, 49.8932207836658, 49.90871079128772]
(1, 0.0, 1, 1, 1, 0, 1, 1, 1, 0, 0, 0, 0, 0, 0, 0, 0, 0);[49.26641009234634, 48.971994681443526, 49.120125530254484, 49.29894722727903]
(1, 1.0, 1, 0, 1, 0, 1, 0, 1, 0, 0, 0, 1, 0, 0, 0, 1, 0);[49.421594306018434, 49.44828708687881, 50, 50]
(3, 1.0, 1, 1, 2, 0, 1, 1, 2, 0, 0, 1, 1, 0, 0, 1, 1, 0);[49.91, 50, 50, 50]
(0, 0.0, 1, 1, 2, 0, 1, 1, 2, 0, 0, 1, 1, 0, 0, 1, 1, 0);[49.89, 50, 50, 50]
(0, 0.0, 0, 1, 2, 0, 0, 1, 2, 0, 0, 1, 2, 0, 0, 1, 2, 0);[49.87, 50, 50, 50]
(0, 1.0, 0, 1, 2, 0, 0, 1, 2, 0, 0, 1, 2, 0, 0, 1, 2, 0);[49.87, 50.206, 50, 50]
(1, 0.0, 0, 1, 2, 0, 0, 1, 2, 0, 0, 0, 2, 0, 0, 0, 2, 0);[50.0451, 50, 50, 50]
(2, 1.0, 0, 1, 0, 0, 1, 1, 0, 0, 0, 0, 0, 0, 0, 0, 0, 0);[49.99106, 50, 50, 50]
(0, 1.0, 0, 1, 1, 0, 0, 1, 1, 0, 0, 1, 1, 0, 0, 1, 0, 0);[49.866869949, 49.61447333847219, 49.76843170780557, 50]
(3, 1.0, 1, 2, 1, 0, 1, 2, 1, 0, 0, 1, 0, 0, 0, 1, 0, 0);[49.92, 50, 50, 50]
(0, 0.0, 0, 2, 1, 0, 1, 2, 1, 0, 0, 1, 0, 0, 0, 1, 0, 0);[50.001238920379, 50, 50, 50]
(1, 0.0, 1, 0, 0, 0, 1, 0, 0, 0, 1, 0, 0, 0, 0, 0, 0, 0);[49.40349093713729, 49.360074685375835, 49.34879561463287, 50]
(3, 0.0, 1, 1, 1, 0, 1, 1, 1, 0, 1, 1, 1, 0, 1, 1, 1, 0);[49.89, 50, 50, 50]
(3, 1.0, 1, 1, 1, 0, 1, 1, 1, 0, 1, 1, 1, 0, 1, 1, 1, 0);[49.02754198257974, 49.15216828929537, 49.18761596921327, 49.22230615384769]
(0, 1.0, 1, 1, 1, 0, 1, 1, 1, 0, 0, 1, 0, 0, 0, 1, 0, 0);[49.93, 51.05208954572197, 50, 50]
(1, 0.0, 1, 0, 1, 0, 1, 0, 1, 0, 1, 0, 1, 0, 1, 0, 0, 0);[49.47313193366607, 49.369146095074484, 49.34130199587581, 49.33550263878415]
(3, 0.0, 1, 0, 0, 0, 1, 0, 0, 0, 0, 0, 0, 0, 0, 0, 0, 0);[49.41502629512578, 49.39929923871782, 50, 50]
(2, 0.0, 1, 1, 0, 0, 1, 1, 0, 0, 1, 1, 0, 0, 0, 1, 0, 0);[49.67920763501344, 49.86144639337891, 49.84272336203855, 49.792786359843994]
(1, 0.0, 0, 1, 0, 0, 0, 1, 0, 0, 0, 0, 0, 0, 0, 0, 0, 0);[49.641806444785416, 49.849822410404926, 49.85582403131508, 49.90465312117539]
(3, 0.0, 1, 0, 1, 0, 1, 0, 1, 0, 1, 0, 0, 0, 0, 0, 1, 0);[49.4902105131678, 50, 50, 50]
(2, 0.0, 1, 1, 0, 0, 1, 1, 0, 0, 0, 1, 0, 0, 1, 1, 0, 0);[49.460042336928346, 49.60871738413738, 49.68023743294076, 49.58461627415709]
(0, 0.0, 0, 1, 1, 0, 0, 1, 1, 0, 0, 0, 0, 0, 0, 1, 0, 0);[49.63056660708472, 49.67096685693359, 49.546658604487945, 49.788506020663114]
(0, 0.0, 0, 1, 1, 0, 0, 1, 1, 0, 0, 1, 0, 0, 0, 1, 1, 0);[49.616671337059174, 49.55188923966328, 49.52916528535929, 49.75475591284897]
(3, 0.0, 1, 1, 1, 0, 1, 1, 1, 0, 1, 1, 1, 0, 0, 1, 1, 0);[49.89, 49.891, 50, 50]
(2, 1.0, 1, 1, 1, 0, 1, 1, 1, 0, 0, 1, 0, 0, 0, 1, 0, 0);[49.919605, 51.16787850962395, 50, 50]
(0, 1.0, 0, 2, 1, 0, 1, 2, 1, 0, 0, 2, 0, 0, 0, 2, 0, 0);[50.01396678894594, 50, 50, 50]
(3, 1.0, 1, 1, 1, 0, 1, 1, 1, 0, 1, 1, 1, 0, 1, 1, 0, 0);[49.87152212180649, 49.60296379664034, 49.75494802799937, 49.84750529645089]
(3, 0.0, 1, 0, 1, 0, 1, 0, 0, 0, 1, 0, 0, 0, 0, 0, 0, 0);[49.909, 50, 50, 50]
(3, 0.0, 1, 0, 1, 0, 1, 0, 0, 0, 1, 0, 1, 0, 1, 0, 0, 0);[49.905, 49.838499999999996, 49.915, 49.915]
(3, 1.0, 1, 0, 1, 0, 1, 0, 0, 0, 1, 0, 1, 0, 1, 0, 0, 0);[49.933585, 49.915, 50.08742699029189, 50]
(1, 1.0, 1, 0, 2, 0, 1, 0, 1, 0, 0, 0, 1, 0, 0, 0, 0, 0);[49.935, 49.935, 50.069, 50]
(0, 0.0, 1, 0, 2, 0, 1, 0, 1, 0, 0, 0, 1, 0, 0, 0, 0, 0);[49.935, 49.933, 49.935, 50]
(0, 0.0, 0, 0, 2, 0, 0, 0, 1, 0, 0, 0, 1, 0, 0, 0, 0, 0);[49.903999999999996, 49.90300796625082, 50, 50]
(0, 1.0, 0, 0, 2, 0, 0, 0, 1, 0, 0, 0, 2, 0, 0, 0, 1, 0);[49.895, 49.923, 49.96855919415393, 50]
(1, 0.0, 0, 0, 2, 0, 0, 0, 1, 0, 0, 0, 2, 0, 0, 0, 1, 0);[49.905, 49.905, 50, 50]
(1, 1.0, 0, 0, 2, 0, 0, 0, 1, 0, 0, 0, 2, 0, 0, 0, 1, 0);[49.905, 50, 50, 50]
(0, 0.0, 0, 0, 2, 0, 0, 0, 1, 0, 0, 0, 2, 0, 0, 0, 1, 0);[49.905, 49.905, 50, 50]
(2, 1.0, 1, 1, 0, 0, 1, 1, 0, 0, 0, 1, 0, 0, 0, 1, 0, 0);[49.603215027792444, 49.61219299424703, 49.581495256623214, 49.653341830031444]
(0, 1.0, 0, 2, 1, 0, 1, 2, 1, 0, 0, 1, 0, 0, 0, 2, 0, 0);[50.0471722873843, 50, 50, 50]
(1, 0.0, 1, 0, 1, 0, 1, 0, 1, 0, 1, 0, 0, 0, 1, 0, 0, 0);[49.45352960985025, 50, 50, 50]
(0, 1.0, 1, 1, 2, 0, 1, 1, 2, 0, 0, 1, 1, 0, 0, 1, 1, 0);[49.91, 50.191, 50, 50]
(1, 0.0, 0, 1, 2, 0, 1, 1, 2, 0, 0, 0, 1, 0, 0, 0, 2, 0);[50.036, 50, 50, 50]
(1, 0.0, 0, 0, 2, 0, 1, 0, 2, 0, 0, 0, 2, 0, 1, 0, 2, 0);[49.885, 50, 50, 50]
(1, 1.0, 0, 0, 2, 0, 1, 0, 2, 0, 0, 0, 2, 0, 1, 0, 2, 0);[49.90931042254058, 50, 50, 50]
(1, 1.0, 0, 0, 0, 1, 0, 0, 0, 1, 0, 0, 0, 0, 0, 0, 0, 0);[49.951484, 50, 50, 50]
(0, 0.0, 0, 0, 1, 1, 0, 0, 1, 1, 0, 0, 0, 0, 0, 0, 0, 0);[49.924, 49.904654, 50, 50]
(0, 1.0, 0, 0, 1, 1, 0, 0, 1, 1, 0, 0, 0, 0, 0, 0, 1, 1);[49.89796753, 50, 50, 50]
(2, 0.0, 1, 1, 1, 0, 1, 1, 0, 0, 0, 0, 0, 0, 0, 0, 0, 0);[49.925, 49.69379227872351, 49.83943478746753, 49.932]
(2, 0.0, 1, 1, 0, 0, 1, 1, 0, 0, 0, 0, 0, 0, 0, 1, 0, 0);[49.916, 49.83388636856244, 49.739734603832005, 49.74192846145443]
(3, 1.0, 1, 1, 1, 0, 1, 1, 1, 0, 0, 1, 0, 0, 0, 1, 1, 0);[49.83976097809196, 49.52157951313671, 49.767020048047414, 49.84066918373089]
(2, 1.0, 1, 1, 0, 0, 1, 1, 0, 0, 0, 0, 0, 0, 0, 0, 0, 0);[49.84407543642642, 49.5680116195464, 49.923, 49.793435149580375]
(3, 1.0, 1, 0, 1, 0, 1, 0, 1, 0, 0, 0, 0, 0, 1, 0, 1, 0);[49.45151876022821, 50, 50, 50]
(1, 0.0, 1, 0, 1, 0, 1, 0, 0, 0, 1, 0, 0, 0, 0, 0, 0, 0);[49.91, 49.907, 50, 50]
(1, 0.0, 1, 0, 1, 0, 1, 0, 0, 0, 1, 0, 1, 0, 1, 0, 0, 0);[49.812320604942, 49.905, 49.905, 49.83256]
(1, 1.0, 1, 0, 1, 0, 1, 0, 0, 0, 1, 0, 1, 0, 1, 0, 0, 0);[49.8477986116278, 49.905, 49.39557836882963, 49.861]
(0, 1.0, 1, 0, 2, 1, 1, 0, 1, 1, 0, 0, 1, 0, 0, 0, 0, 0);[49.925, 49.923, 50, 50]
(1, 0.0, 1, 0, 2, 1, 1, 0, 1, 1, 0, 0, 1, 0, 0, 0, 0, 0);[49.900999999999996, 50, 50, 50]
(1, 0.0, 1, 0, 2, 1, 1, 0, 1, 1, 1, 0, 2, 1, 1, 0, 1, 1);[49.875, 50, 50, 50]
(1, 1.0, 1, 0, 2, 1, 1, 0, 1, 1, 1, 0, 2, 1, 1, 0, 1, 1);[49.907, 50, 50, 50]
(0, 0.0, 0, 0, 2, 1, 0, 0, 1, 1, 0, 0, 2, 1, 0, 0, 1, 1);[49.913, 49.895, 49.895, 49.895]
(0, 1.0, 0, 0, 2, 1, 0, 0, 1, 1, 0, 0, 2, 1, 0, 0, 1, 1);[49.895, 49.895, 50, 50]
(1, 0.0, 0, 0, 2, 1, 0, 0, 1, 1, 0, 0, 2, 1, 0, 0, 1, 1);[49.895, 49.895, 50, 50]
(1, 1.0, 0, 0, 2, 1, 0, 0, 1, 1, 0, 0, 2, 1, 0, 0, 1, 1);[49.895, 50, 50, 50]
(0, 1.0, 0, 0, 2, 1, 0, 0, 2, 1, 0, 0, 2, 1, 0, 0, 1, 1);[49.895, 50, 50, 50]
(0, 1.0, 1, 0, 3, 1, 1, 0, 2, 1, 0, 0, 2, 1, 0, 0, 1, 1);[49.895, 50, 50, 50]
(0, 1.0, 0, 0, 3, 1, 0, 0, 2, 1, 0, 0, 2, 1, 0, 0, 1, 1);[49.87, 50, 50, 50]
(0, 1.0, 0, 0, 3, 1, 0, 0, 2, 1, 0, 0, 3, 1, 0, 0, 2, 1);[49.855, 49.88, 50.24, 50]
(1, 0.0, 0, 0, 3, 1, 0, 0, 2, 1, 0, 0, 3, 1, 0, 0, 2, 1);[49.865, 49.865, 50, 50]
(1, 1.0, 0, 0, 3, 1, 0, 0, 2, 1, 0, 0, 3, 1, 0, 0, 2, 1);[49.865, 50, 50, 50]
(0, 0.0, 0, 0, 3, 1, 0, 0, 2, 1, 0, 0, 3, 1, 0, 0, 2, 1);[49.865, 49.865, 50, 50]
(2, 0.0, 0, 0, 2, 1, 0, 0, 2, 1, 0, 0, 1, 1, 0, 0, 1, 1);[50.475, 50, 50, 50]
(2, 0.0, 0, 0, 1, 1, 0, 0, 0, 1, 0, 0, 0, 1, 0, 0, 0, 1);[50.161953925874435, 50, 50, 50]
(3, 0.0, 0, 0, 0, 1, 0, 0, 0, 1, 0, 0, 0, 0, 0, 0, 0, 0);[50.117887150950615, 50, 50, 50]
(3, 1.0, 1, 1, 1, 0, 1, 1, 1, 0, 0, 1, 0, 0, 1, 1, 0, 0);[49.84046349678633, 49.52697348662333, 50, 50]
(3, 1.0, 1, 0, 1, 0, 1, 0, 1, 0, 0, 0, 1, 0, 1, 0, 0, 0);[49.44868262030026, 50, 50, 50]
(3, 0.0, 1, 1, 1, 0, 1, 1, 1, 0, 0, 0, 0, 0, 0, 1, 0, 0);[49.88192958215021, 50, 50, 50]
(3, 1.0, 1, 1, 1, 0, 1, 1, 1, 0, 1, 1, 0, 0, 0, 1, 0, 0);[49.82922003328954, 49.46605968036553, 50, 50]
(2, 0.0, 1, 1, 0, 0, 1, 1, 0, 0, 0, 1, 0, 0, 0, 0, 0, 0);[49.85618698545475, 49.760437049923326, 49.734469079785036, 50]
(3, 0.0, 1, 0, 1, 0, 1, 1, 1, 0, 0, 0, 0, 0, 0, 0, 0, 0);[49.945, 49.942, 50, 50]
(3, 1.0, 1, 0, 1, 0, 1, 1, 1, 0, 0, 0, 0, 0, 0, 1, 0, 0);[49.919, 50, 50, 50]
(0, 0.0, 0, 0, 1, 0, 0, 1, 1, 0, 0, 0, 1, 0, 0, 1, 1, 0);[49.915, 49.915, 50, 50]
(0, 1.0, 0, 0, 1, 0, 0, 1, 1, 0, 0, 0, 1, 0, 0, 1, 1, 0);[49.915, 49.60977298995923, 50, 50]
(0, 0.0, 0, 1, 1, 0, 0, 1, 1, 0, 0, 1, 0, 0, 0, 0, 0, 0);[49.81440598219156, 49.917, 49.75700288220396, 49.87092501164817]
(1, 0.0, 1, 0, 0, 0, 1, 0, 1, 0, 0, 0, 0, 0, 1, 0, 0, 0);[49.908, 50, 50, 50]
(2, 1.0, 1, 2, 1, 0, 1, 2, 1, 0, 0, 1, 0, 0, 0, 1, 0, 0);[49.910298, 50.356, 50, 50]
(0, 0.0, 0, 2, 1, 0, 0, 2, 1, 0, 0, 1, 0, 0, 0, 1, 0, 0);[50.068393395439514, 50, 50, 50]
(1, 0.0, 1, 0, 0, 0, 1, 0, 0, 0, 0, 0, 0, 0, 1, 0, 0, 0);[49.409989438638924, 49.38500866633213, 49.45379559885376, 49.35899619796209]
(3, 0.0, 1, 0, 0, 0, 1, 0, 0, 0, 0, 0, 0, 0, 1, 0, 0, 0);[49.434078723735, 50, 50, 50]
(3, 1.0, 1, 1, 1, 0, 1, 1, 1, 0, 0, 0, 0, 0, 0, 1, 0, 0);[49.824198706707655, 49.50649720358898, 49.77791550632175, 50]
(2, 1.0, 1, 1, 0, 0, 1, 1, 0, 0, 0, 0, 0, 0, 0, 1, 0, 0);[49.81702114354782, 50.014963292748874, 50, 50]
(3, 0.0, 1, 1, 1, 0, 1, 0, 1, 0, 0, 0, 0, 0, 0, 0, 0, 0);[49.945, 49.942, 49.945, 49.939]
(3, 1.0, 1, 1, 1, 0, 1, 0, 1, 0, 0, 0, 0, 0, 0, 0, 0, 0);[49.92, 50, 50, 50]
(0, 0.0, 0, 1, 1, 0, 0, 0, 1, 0, 0, 1, 1, 0, 0, 0, 1, 0);[49.916, 49.915, 49.918, 49.915]
(0, 1.0, 0, 1, 1, 0, 0, 0, 1, 0, 0, 1, 1, 0, 0, 0, 1, 0);[49.915, 49.58879356418288, 49.958, 50]
(2, 1.0, 1, 1, 0, 0, 1, 1, 1, 0, 0, 0, 0, 0, 0, 0, 0, 0);[49.93, 50.181769405, 50, 50]
(0, 0.0, 0, 1, 0, 0, 0, 1, 1, 0, 0, 1, 0, 0, 0, 1, 0, 0);[49.911, 50, 50, 50]
(1, 0.0, 1, 0, 1, 0, 1, 0, 2, 0, 0, 0, 0, 0, 0, 0, 1, 0);[49.94, 49.935, 50, 50]
(1, 1.0, 1, 0, 1, 0, 1, 0, 2, 0, 0, 0, 0, 0, 0, 0, 1, 0);[49.934, 49.935, 49.9027961040041, 49.935]
(0, 0.0, 0, 0, 1, 0, 0, 0, 2, 0, 0, 0, 0, 0, 0, 0, 1, 0);[49.893585, 50, 50, 50]
(2, 0.0, 0, 0, 0, 0, 0, 0, 1, 0, 0, 0, 0, 0, 0, 0, 0, 0);[49.69139208465057, 49.53497892685777, 50, 50]
(1, 1.0, 1, 0, 1, 1, 1, 0, 1, 1, 0, 0, 0, 0, 0, 0, 0, 0);[49.9443956, 50, 50, 50]
(1, 0.0, 1, 0, 1, 0, 1, 0, 0, 0, 1, 0, 0, 0, 1, 0, 0, 0);[49.906, 50, 50, 50]
(3, 0.0, 1, 0, 0, 0, 1, 0, 1, 0, 1, 0, 0, 0, 1, 0, 1, 0);[49.835085, 49.7586565, 49.830085, 49.761235]
(3, 1.0, 1, 0, 0, 0, 1, 0, 1, 0, 1, 0, 0, 0, 1, 0, 1, 0);[49.897900129830184, 49.803085143999944, 49.38506111562363, 49.830085]
(3, 1.0, 2, 1, 1, 0, 2, 1, 1, 0, 1, 1, 0, 0, 1, 1, 0, 0);[50.07351571179144, 50, 50, 50]
(3, 1.0, 0, 1, 0, 0, 0, 1, 0, 0, 0, 0, 0, 0, 0, 0, 0, 0);[49.925605142105, 49.72439315773661, 49.90550610847232, 50]
(3, 0.0, 1, 0, 1, 0, 1, 0, 1, 0, 1, 0, 1, 0, 0, 0, 0, 0);[49.41143799188721, 50, 50, 50]
(3, 1.0, 1, 0, 2, 0, 1, 0, 1, 0, 0, 0, 1, 0, 0, 0, 0, 0);[49.935, 50, 50, 50]
(2, 0.0, 1, 2, 1, 0, 1, 2, 1, 0, 0, 1, 0, 0, 0, 1, 0, 0);[49.92, 50, 50, 50]
(1, 0.0, 1, 1, 0, 0, 1, 1, 1, 0, 0, 0, 0, 0, 0, 0, 0, 0);[50.333595, 50, 50, 50]
(3, 1.0, 1, 0, 1, 0, 1, 0, 2, 0, 0, 0, 0, 0, 0, 0, 1, 0);[49.935, 50, 50, 50]
(0, 0.0, 1, 0, 1, 0, 1, 0, 2, 0, 0, 0, 0, 0, 0, 0, 1, 0);[49.935, 49.88997029140077, 49.935, 49.932]
(1, 0.0, 1, 0, 0, 0, 1, 0, 1, 0, 1, 0, 0, 0, 0, 0, 1, 0);[49.899967736, 50, 50, 50]
(3, 0.0, 0, 0, 0, 0, 0, 0, 1, 0, 0, 0, 0, 0, 0, 0, 0, 0);[49.631385523706605, 50, 50, 50]
(3, 1.0, 1, 1, 1, 0, 1, 1, 1, 0, 1, 1, 1, 0, 0, 1, 1, 0);[49.766379622498334, 50, 50, 50]
(2, 0.0, 1, 1, 0, 0, 1, 1, 0, 0, 0, 0, 0, 0, 1, 1, 0, 0);[49.77120525517851, 50, 50, 50]
(1, 0.0, 1, 1, 1, 0, 1, 1, 1, 0, 1, 0, 1, 0, 1, 0, 1, 0);[49.52848855160818, 49.490161582323914, 50, 50]
(3, 1.0, 1, 0, 1, 0, 1, 0, 1, 0, 1, 0, 0, 0, 1, 0, 0, 0);[49.411908934207965, 49.33578035559248, 50, 50]
(3, 0.0, 1, 0, 1, 0, 1, 0, 2, 0, 0, 0, 0, 0, 0, 0, 1, 0);[49.91, 50, 50, 50]
(3, 0.0, 1, 0, 1, 0, 1, 0, 2, 0, 1, 0, 1, 0, 1, 0, 2, 0);[49.885, 50, 50, 50]
(3, 1.0, 1, 0, 1, 0, 1, 0, 2, 0, 1, 0, 1, 0, 1, 0, 2, 0);[49.906595, 50, 50, 50]
(1, 0.0, 1, 1, 1, 0, 1, 1, 1, 0, 1, 0, 0, 0, 1, 0, 1, 0);[49.50543167420788, 50, 50, 50]
(2, 1.0, 1, 1, 0, 0, 1, 1, 0, 0, 0, 1, 0, 0, 1, 0, 0, 0);[49.78313232388166, 50, 50, 50]
(1, 0.0, 1, 1, 1, 0, 1, 1, 1, 0, 0, 0, 1, 0, 0, 0, 1, 0);[49.48558577267901, 50, 50, 50]
(1, 0.0, 1, 1, 1, 0, 1, 1, 1, 0, 0, 0, 0, 0, 1, 0, 0, 0);[49.488802812848526, 50, 50, 50]
(2, 1.0, 1, 1, 0, 0, 1, 1, 0, 0, 0, 1, 0, 0, 0, 0, 0, 0);[49.7725998166883, 50, 50, 50]
(0, 0.0, 0, 1, 1, 0, 1, 1, 1, 0, 0, 1, 0, 0, 0, 0, 0, 0);[49.74807912325801, 50, 50, 50]
(0, 0.0, 0, 1, 1, 0, 0, 1, 0, 0, 0, 0, 0, 0, 0, 0, 0, 0);[49.908, 50, 50, 50]
(0, 0.0, 0, 1, 1, 0, 0, 1, 0, 0, 0, 1, 1, 0, 0, 1, 0, 0);[49.905, 50, 50, 50]
(0, 1.0, 0, 1, 1, 0, 0, 1, 0, 0, 0, 1, 1, 0, 0, 1, 0, 0);[49.905, 50.0714697265, 50, 50]
(1, 0.0, 1, 0, 2, 0, 1, 0, 1, 0, 0, 0, 1, 0, 0, 0, 0, 0);[49.935, 50, 50, 50]
(3, 1.0, 1, 1, 1, 0, 1, 0, 1, 0, 0, 1, 0, 0, 0, 0, 0, 0);[49.922, 50, 50, 50]
(2, 0.0, 0, 1, 0, 0, 0, 0, 0, 0, 0, 1, 0, 0, 0, 0, 0, 0);[49.966, 49.935, 50, 50]
(2, 1.0, 0, 1, 0, 0, 0, 0, 0, 0, 0, 1, 0, 0, 0, 0, 0, 0);[49.935, 50, 50, 50]
(0, 0.0, 0, 1, 0, 0, 0, 0, 0, 0, 0, 1, 0, 0, 0, 0, 0, 0);[49.935, 49.935, 50, 50]
(0, 1.0, 0, 1, 0, 0, 0, 0, 0, 0, 0, 1, 0, 0, 0, 0, 0, 0);[49.935, 49.78857198467008, 50, 50]
(1, 1.0, 1, 0, 1, 0, 1, 0, 1, 0, 1, 0, 1, 0, 0, 0, 0, 0);[49.41604587714513, 50, 50, 50]
(1, 0.0, 1, 1, 1, 0, 1, 1, 1, 0, 1, 0, 1, 0, 0, 0, 1, 0);[49.48549874350682, 50, 50, 50]
(0, 0.0, 0, 1, 1, 0, 0, 1, 1, 0, 0, 1, 1, 0, 0, 0, 0, 0);[49.71938710339928, 50, 50, 50]
(0, 1.0, 0, 0, 1, 0, 0, 0, 2, 0, 0, 0, 0, 0, 0, 0, 1, 0);[49.923476756214015, 50, 50, 50]
(2, 1.0, 0, 0, 0, 1, 0, 0, 0, 1, 0, 0, 0, 0, 0, 0, 0, 0);[49.94, 50, 50, 50]
(0, 0.0, 1, 0, 1, 1, 0, 0, 1, 1, 0, 0, 0, 0, 0, 0, 0, 0);[49.914257707, 50, 50, 50]
(2, 1.0, 1, 1, 0, 0, 1, 1, 0, 0, 1, 1, 0, 0, 0, 1, 0, 0);[49.75081639288738, 49.50458123802653, 50, 50]
(2, 0.0, 1, 0, 0, 1, 1, 0, 0, 1, 0, 0, 0, 1, 0, 0, 0, 1);[49.9, 50, 50, 50]
(1, 0.0, 1, 0, 0, 1, 1, 0, 0, 1, 1, 0, 0, 1, 1, 0, 0, 1);[49.91, 49.91, 50, 50]
(1, 1.0, 1, 0, 0, 1, 1, 0, 0, 1, 1, 0, 0, 1, 1, 0, 0, 1);[49.96007, 50, 50, 50]
(0, 1.0, 1, 1, 1, 0, 0, 1, 1, 0, 0, 1, 0, 0, 0, 1, 0, 0);[49.89336927877599, 50, 50, 50]
(1, 0.0, 1, 1, 1, 0, 1, 1, 0, 0, 0, 0, 0, 0, 0, 0, 0, 0);[50.051595, 50, 50, 50]
(0, 1.0, 1, 0, 2, 0, 1, 0, 1, 0, 0, 0, 1, 0, 0, 0, 0, 0);[49.935, 50, 50, 50]
(0, 1.0, 0, 0, 2, 0, 0, 0, 1, 0, 0, 0, 1, 0, 0, 0, 0, 0);[49.91449265578916, 50, 50, 50]
(3, 0.0, 0, 0, 1, 0, 0, 0, 2, 0, 0, 0, 1, 0, 0, 0, 1, 0);[49.897999999999996, 50, 50, 50]
(3, 0.0, 0, 0, 1, 0, 0, 0, 2, 0, 0, 0, 1, 0, 0, 0, 2, 0);[49.895, 50, 50, 50]
(3, 1.0, 0, 0, 1, 0, 0, 0, 2, 0, 0, 0, 1, 0, 0, 0, 2, 0);[49.916595, 50, 50, 50]
(3, 1.0, 1, 1, 1, 0, 1, 1, 1, 0, 1, 1, 0, 0, 1, 1, 1, 0);[49.70728669638714, 50, 50, 50]
(2, 0.0, 1, 1, 0, 0, 1, 1, 1, 0, 0, 0, 0, 0, 0, 0, 0, 0);[49.90754410799268, 50, 50, 50]
(3, 0.0, 0, 2, 0, 0, 0, 2, 0, 0, 0, 1, 0, 0, 0, 1, 0, 0);[49.92, 50, 50, 50]
(1, 0.0, 1, 1, 1, 0, 1, 1, 1, 0, 0, 0, 1, 0, 1, 0, 0, 0);[49.73453664467016, 50, 50, 50]
(3, 0.0, 1, 0, 1, 0, 1, 0, 1, 0, 0, 0, 1, 0, 1, 0, 0, 0);[49.36578442806431, 50, 50, 50]
(3, 1.0, 1, 0, 1, 0, 1, 0, 1, 0, 0, 0, 1, 0, 1, 0, 1, 0);[49.39259000978375, 50, 50, 50]
(0, 1.0, 0, 0, 0, 1, 0, 0, 1, 1, 0, 0, 0, 0, 0, 0, 1, 0);[49.93, 50, 50, 50]
(0, 1.0, 1, 0, 1, 1, 1, 0, 2, 1, 0, 0, 0, 0, 0, 0, 1, 0);[49.93, 49.914, 50, 50]
(1, 0.0, 0, 0, 1, 1, 0, 0, 2, 1, 0, 0, 0, 1, 0, 0, 2, 1);[49.89, 50, 50, 50]
(1, 0.0, 0, 0, 1, 1, 0, 0, 2, 1, 0, 0, 1, 1, 0, 0, 2, 1);[49.89, 49.9, 49.9, 50]
(1, 1.0, 0, 0, 1, 1, 0, 0, 2, 1, 0, 0, 1, 1, 0, 0, 2, 1);[49.92, 49.9, 50.09, 50]
(0, 0.0, 0, 0, 1, 1, 0, 0, 2, 1, 0, 0, 1, 1, 0, 0, 2, 1);[49.9, 49.9, 50, 50]
(0, 1.0, 0, 0, 1, 1, 0, 0, 2, 1, 0, 0, 1, 1, 0, 0, 2, 1);[49.9, 49.9, 50, 50]
(2, 0.0, 0, 0, 0, 1, 0, 0, 1, 1, 0, 0, 0, 1, 0, 0, 0, 1);[50.222, 50, 50, 50]
(2, 0.0, 1, 0, 1, 1, 1, 0, 1, 1, 0, 0, 0, 1, 0, 0, 0, 1);[49.93, 50, 50, 50]
(2, 1.0, 1, 0, 1, 1, 1, 0, 1, 1, 0, 0, 0, 1, 0, 0, 0, 1);[49.926, 50, 50, 50]
(0, 0.0, 0, 0, 1, 1, 0, 0, 1, 1, 0, 0, 0, 1, 0, 0, 0, 1);[49.88609, 50, 50, 50]
(3, 0.0, 0, 0, 1, 1, 0, 0, 1, 1, 0, 0, 1, 0, 0, 0, 1, 0);[49.75373576915356, 50, 50, 50]
(1, 0.0, 1, 0, 2, 0, 1, 0, 2, 0, 1, 0, 1, 0, 1, 0, 2, 0);[49.919204, 50, 50, 50]
