(0, 0.0, 0, 0, 0, 0, 0, 0, 0, 0, 0, 0, 0, 0, 0, 0, 0, 0);[37.07955183256834, 0, 0, 0]
(0, 0.0, 0, 0, 0, 0, 0, 0, 1, 0, 0, 0, 0, 0, 0, 0, 0, 0);[49.96228960106946, 49.97697543317161, 49.98629541802232, 49.98173076048566]
(0, 1.0, 0, 0, 0, 0, 0, 0, 1, 0, 0, 0, 0, 0, 0, 0, 0, 0);[49.98899519273878, 50.023476918064944, 50, 50]
(0, 1.0, 0, 0, 0, 0, 0, 0, 1, 0, 0, 0, 0, 0, 0, 0, 1, 0);[49.93848876545316, 49.93522595542167, 49.94655610751834, 49.900672904108944]
(1, 0.0, 0, 0, 0, 0, 0, 0, 1, 0, 0, 0, 0, 0, 0, 0, 1, 0);[49.95000093534267, 49.95, 49.939760733700595, 49.91388153063226]
(1, 1.0, 0, 0, 0, 0, 0, 0, 1, 0, 0, 0, 0, 0, 0, 0, 1, 0);[49.95, 49.96572994049859, 49.97301952466015, 49.973111678190065]
(0, 0.0, 0, 0, 0, 0, 0, 0, 1, 0, 0, 0, 0, 0, 0, 0, 1, 0);[49.901654978223206, 49.91301767307554, 49.89940978817176, 49.87718502293393]
(2, 0.0, 0, 0, 0, 0, 0, 0, 0, 0, 0, 0, 0, 0, 0, 0, 0, 0);[49.78680812245636, 49.77910893063155, 49.90621691017114, 49.76088992772546]
(2, 1.0, 0, 0, 0, 0, 0, 0, 0, 0, 0, 0, 0, 0, 0, 0, 0, 0);[45.49945936062288, 50.02580646830945, 49.80631381319329, 49.77596721016655]
(0, 1.0, 0, 0, 0, 0, 0, 0, 0, 0, 0, 0, 0, 0, 0, 0, 0, 0);[49.90020940048209, 49.93444599988887, 49.90563088912768, 49.940204520935474]
(1, 0.0, 0, 0, 0, 0, 0, 0, 0, 0, 0, 0, 0, 0, 0, 0, 0, 0);[49.90674548073571, 49.90022757732275, 49.908104414886765, 49.90509737698012]
(1, 1.0, 0, 0, 0, 0, 0, 0, 0, 0, 0, 0, 0, 0, 0, 0, 0, 0);[45.9391022332815, 49.9000630786649, 50.02564726509582, 49.91741279622536]
(1, 0.0, 0, 0, 0, 0, 0, 0, 0, 1, 0, 0, 0, 0, 0, 0, 0, 0);[50.016966262461615, 50, 50, 50]
(1, 1.0, 0, 0, 0, 0, 0, 0, 1, 1, 0, 0, 0, 0, 0, 0, 0, 0);[50.004870400456184, 50, 50, 50]
(0, 0.0, 0, 0, 0, 0, 0, 0, 1, 1, 0, 0, 0, 0, 0, 0, 0, 0);[49.969310293126036, 49.973422269879364, 49.985117232342986, 50]
(0, 0.0, 0, 0, 0, 0, 0, 0, 1, 1, 0, 0, 0, 0, 0, 0, 0, 1);[49.982548800045755, 49.99724275806192, 49.97139416496574, 50]
(0, 1.0, 0, 0, 0, 0, 1, 0, 1, 1, 0, 0, 0, 0, 0, 0, 1, 1);[49.98106208257564, 49.96680629044333, 49.9836010151312, 49.997243497965016]
(1, 0.0, 0, 0, 0, 0, 0, 0, 1, 1, 0, 0, 0, 0, 0, 0, 1, 1);[49.97658273221615, 49.9642412862397, 49.95, 49.96658669770561]
(1, 1.0, 0, 0, 0, 0, 0, 0, 1, 1, 0, 0, 0, 0, 0, 0, 1, 1);[49.95, 50, 50, 50]
(0, 0.0, 0, 0, 0, 0, 0, 0, 1, 1, 0, 0, 0, 0, 0, 0, 1, 1);[49.95, 49.95, 50, 50]
(0, 1.0, 0, 0, 0, 0, 0, 0, 1, 1, 0, 0, 0, 0, 0, 0, 1, 1);[49.95, 49.95, 49.99554497651106, 49.95866150819797]
(1, 1.0, 0, 0, 1, 0, 0, 0, 1, 1, 0, 0, 0, 0, 0, 0, 1, 1);[49.96035136275019, 50, 50, 50]
(0, 0.0, 0, 0, 1, 0, 0, 0, 1, 1, 0, 0, 0, 0, 0, 0, 1, 1);[49.96292382305607, 50, 50, 50]
(0, 0.0, 0, 0, 1, 0, 0, 0, 1, 1, 0, 0, 1, 0, 0, 0, 1, 1);[49.96378629002939, 49.95, 49.95, 50]
(0, 1.0, 0, 0, 1, 0, 0, 0, 1, 1, 0, 0, 1, 0, 0, 0, 1, 1);[49.95, 49.95030158047038, 49.96075810179296, 50]
(1, 0.0, 0, 0, 1, 0, 0, 0, 1, 1, 0, 0, 1, 0, 0, 0, 1, 1);[49.95, 49.95, 50, 50]
(1, 1.0, 0, 0, 1, 0, 0, 0, 1, 1, 0, 0, 1, 0, 0, 0, 1, 1);[49.95, 50, 50, 50]
(2, 0.0, 0, 0, 0, 0, 0, 0, 0, 1, 0, 0, 0, 0, 0, 0, 0, 1);[49.95, 49.9823252982756, 49.95, 49.95084345028758]
(2, 1.0, 0, 0, 0, 0, 0, 0, 0, 1, 0, 0, 0, 0, 0, 0, 0, 1);[49.95509396313692, 50, 50, 50]
(0, 1.0, 0, 0, 0, 0, 0, 0, 1, 1, 0, 0, 0, 0, 0, 0, 0, 1);[49.971607280926904, 50, 50, 50]
(2, 0.0, 0, 0, 0, 0, 1, 0, 0, 1, 0, 0, 0, 0, 0, 0, 0, 1);[49.981319953800664, 49.96056972246876, 49.96441747431681, 50]
(2, 1.0, 1, 0, 0, 0, 1, 0, 0, 1, 0, 0, 0, 0, 0, 0, 0, 1);[49.97579650820049, 50, 50, 50]
(0, 0.0, 0, 0, 0, 0, 0, 0, 0, 1, 0, 0, 0, 0, 0, 0, 0, 1);[49.92402835370301, 49.928251588879455, 49.908193720637556, 49.90250612261235]
(0, 1.0, 0, 0, 0, 0, 0, 0, 0, 1, 0, 0, 0, 0, 0, 0, 0, 1);[49.95365478152249, 49.96036950945904, 49.95, 49.928206695280196]
(1, 0.0, 0, 0, 0, 0, 0, 0, 0, 1, 0, 0, 0, 0, 0, 0, 0, 1);[49.95001470918744, 49.96347791399026, 50, 50]
(1, 1.0, 0, 0, 0, 0, 0, 0, 0, 1, 0, 0, 0, 0, 0, 0, 0, 1);[49.96883376387929, 50, 50, 50]
(3, 0.0, 0, 0, 0, 0, 0, 0, 0, 1, 0, 0, 0, 0, 0, 0, 0, 0);[49.95, 49.95330411465649, 50, 50]
(3, 0.0, 0, 0, 0, 0, 0, 0, 0, 0, 0, 0, 0, 0, 0, 0, 0, 0);[49.73276194144567, 49.75847250675235, 49.817805758801086, 49.718166652112764]
(3, 1.0, 0, 0, 0, 0, 0, 0, 0, 0, 0, 0, 0, 0, 0, 0, 0, 0);[44.7314884118219, 49.88235946633908, 49.82523901480016, 49.850166990293346]
(0, 0.0, 0, 0, 0, 0, 1, 0, 0, 0, 0, 0, 0, 0, 0, 0, 0, 0);[46.74752107130171, 48.38063552386031, 50, 50]
(0, 1.0, 0, 0, 0, 0, 1, 0, 0, 0, 0, 0, 0, 0, 0, 0, 0, 0);[49.968922378335414, 50.01999028182741, 50, 50]
(1, 0.0, 0, 0, 0, 0, 0, 0, 1, 0, 0, 0, 0, 0, 0, 0, 0, 0);[49.993692675153895, 49.96970895664185, 49.95881040262154, 50.050752561326426]
(1, 1.0, 0, 0, 0, 0, 1, 0, 1, 0, 0, 0, 0, 0, 0, 0, 1, 0);[49.98397168821264, 49.96609266149502, 49.96964809522153, 50]
(0, 0.0, 0, 0, 0, 0, 1, 0, 1, 0, 0, 0, 0, 0, 0, 0, 1, 0);[49.98838676424354, 49.95897000499826, 49.96236892906994, 49.98715017634738]
(3, 0.0, 0, 0, 0, 0, 0, 0, 1, 0, 0, 0, 0, 0, 0, 0, 1, 0);[49.905, 49.90005037148419, 49.90005871171165, 49.875680203767814]
(3, 1.0, 0, 0, 0, 0, 0, 0, 1, 0, 0, 0, 0, 0, 0, 0, 1, 0);[49.95, 49.953837798951426, 49.935697265520126, 49.95]
(1, 1.0, 0, 0, 0, 0, 0, 0, 1, 0, 0, 0, 0, 0, 0, 0, 0, 0);[49.95767204996004, 49.96726436203419, 49.97353780286347, 49.98508052340055]
(1, 1.0, 1, 0, 0, 0, 0, 0, 1, 0, 0, 0, 0, 0, 0, 0, 0, 0);[49.95154510034381, 50, 50, 50]
(2, 0.0, 1, 0, 0, 0, 1, 0, 0, 0, 0, 0, 0, 0, 0, 0, 0, 0);[49.99495038254848, 49.968764508353914, 50, 50]
(2, 1.0, 1, 0, 0, 0, 1, 0, 0, 0, 0, 0, 0, 0, 0, 0, 0, 0);[49.9891203445256, 50, 50, 50]
(2, 1.0, 0, 0, 1, 0, 0, 0, 0, 0, 0, 0, 0, 0, 0, 0, 0, 0);[50.021405346662924, 50, 50, 50]
(0, 0.0, 0, 0, 1, 0, 0, 0, 0, 0, 0, 0, 0, 0, 0, 0, 0, 0);[49.982034292645935, 49.95000158672029, 50, 50]
(0, 1.0, 0, 0, 1, 0, 0, 0, 0, 0, 0, 0, 1, 0, 0, 0, 0, 0);[49.95, 49.95, 49.98306786252494, 49.95]
(1, 0.0, 0, 0, 1, 0, 0, 0, 0, 0, 0, 0, 1, 0, 0, 0, 0, 0);[49.95, 49.95, 50, 50]
(1, 1.0, 0, 0, 1, 0, 0, 0, 0, 0, 0, 0, 1, 0, 0, 0, 0, 0);[49.95, 50, 50, 50]
(0, 0.0, 0, 0, 1, 0, 0, 0, 0, 0, 0, 0, 1, 0, 0, 0, 0, 0);[49.95, 49.95, 49.95, 49.95]
(2, 1.0, 0, 0, 0, 0, 0, 0, 1, 0, 0, 0, 0, 0, 0, 0, 0, 0);[48.65457665893845, 50, 50, 50]
(2, 1.0, 0, 0, 0, 0, 1, 0, 0, 0, 0, 0, 0, 0, 0, 0, 0, 0);[49.99972672897454, 50, 50, 50]
(1, 0.0, 0, 0, 0, 0, 1, 0, 0, 0, 0, 0, 0, 0, 0, 0, 0, 0);[49.95322590977043, 49.95000216179286, 50.00957305580142, 50]
(1, 1.0, 0, 0, 0, 0, 1, 0, 0, 0, 0, 0, 0, 0, 1, 0, 0, 0);[47.037127733858846, 49.962494063622344, 50, 50]
(3, 0.0, 0, 0, 0, 0, 0, 0, 1, 0, 0, 0, 0, 0, 0, 0, 0, 0);[50.03701929051638, 50.0048050980763, 50, 50]
(3, 1.0, 0, 0, 1, 0, 0, 0, 1, 0, 0, 0, 0, 0, 0, 0, 0, 0);[49.98970181270578, 50, 50, 50]
(0, 0.0, 0, 0, 1, 0, 0, 0, 1, 0, 0, 0, 0, 0, 0, 0, 1, 0);[49.96957016505087, 49.95, 49.96191254378575, 50]
(0, 1.0, 0, 0, 1, 0, 0, 0, 1, 0, 0, 0, 1, 0, 0, 0, 1, 0);[49.95, 49.94385710274069, 49.94106019015589, 49.964547198100924]
(1, 0.0, 0, 0, 1, 0, 0, 0, 1, 0, 0, 0, 1, 0, 0, 0, 1, 0);[49.95555668585253, 49.97603304204973, 50, 50]
(1, 1.0, 0, 0, 1, 0, 1, 0, 1, 0, 0, 0, 1, 0, 0, 0, 1, 0);[49.98250559243605, 50, 50, 50]
(0, 0.0, 0, 0, 1, 0, 0, 0, 1, 0, 0, 0, 1, 0, 0, 0, 1, 0);[49.93559927178421, 49.95562990908408, 49.96405220332419, 49.94703136422425]
(2, 0.0, 0, 0, 1, 0, 0, 0, 0, 0, 0, 0, 0, 0, 0, 0, 0, 0);[49.99416661416949, 50, 50, 50]
(3, 1.0, 0, 0, 0, 0, 0, 0, 1, 0, 0, 0, 0, 0, 0, 0, 0, 0);[49.97518096899968, 50.03948366270136, 50, 50]
(0, 1.0, 0, 0, 0, 0, 1, 0, 1, 0, 0, 0, 0, 0, 0, 0, 1, 0);[49.97334631244959, 49.988259905208665, 50, 50]
(3, 0.0, 0, 0, 1, 0, 0, 0, 0, 0, 0, 0, 0, 0, 0, 0, 0, 0);[49.96338490377562, 50, 50, 50]
(3, 1.0, 0, 0, 1, 0, 0, 0, 0, 0, 0, 0, 0, 0, 0, 0, 0, 0);[49.95000063975346, 50, 50, 50]
(3, 0.0, 0, 0, 1, 0, 0, 0, 0, 0, 0, 0, 1, 0, 0, 0, 0, 0);[49.95, 49.99721058493179, 50, 50]
(3, 1.0, 0, 0, 1, 0, 0, 0, 1, 0, 0, 0, 1, 0, 0, 0, 0, 0);[49.99740414015146, 50, 50, 50]
(0, 0.0, 0, 0, 1, 0, 0, 0, 1, 0, 0, 0, 1, 0, 0, 0, 0, 0);[49.967883767280924, 49.96279408012817, 50, 50]
(3, 0.0, 0, 0, 1, 0, 0, 0, 1, 0, 0, 0, 1, 0, 0, 0, 1, 0);[49.974306940295804, 49.96607517145165, 50, 50]
(3, 1.0, 0, 0, 1, 0, 0, 0, 1, 0, 0, 0, 1, 0, 0, 0, 1, 0);[49.963623540431755, 50, 50, 50]
(2, 0.0, 0, 0, 0, 0, 0, 0, 1, 0, 0, 0, 0, 0, 0, 0, 0, 0);[49.98436021879964, 50.05902502755763, 50, 50]
(2, 0.0, 0, 0, 0, 0, 1, 0, 0, 0, 0, 0, 0, 0, 0, 0, 0, 0);[49.95772335476176, 49.95, 49.99750942175755, 49.961919114005994]
(2, 1.0, 0, 0, 0, 0, 1, 0, 0, 0, 0, 0, 0, 0, 1, 0, 0, 0);[47.32038004405186, 49.96904855382393, 49.98806373830401, 50]
(3, 0.0, 1, 0, 0, 0, 0, 0, 0, 0, 0, 0, 0, 0, 0, 0, 0, 0);[49.98601430240243, 50, 50, 50]
(3, 1.0, 1, 0, 0, 0, 0, 0, 0, 0, 0, 0, 0, 0, 0, 0, 0, 0);[47.581758686019135, 50, 50, 50]
(1, 0.0, 0, 0, 0, 0, 1, 0, 1, 0, 0, 0, 0, 0, 0, 0, 1, 0);[49.95000285202238, 49.962477531460436, 49.967784939641945, 49.95]
(1, 1.0, 0, 0, 0, 0, 1, 0, 1, 0, 0, 0, 0, 0, 1, 0, 1, 0);[49.95114216339646, 49.95, 49.9730816848542, 50]
(1, 1.0, 1, 0, 0, 0, 0, 0, 0, 0, 0, 0, 0, 0, 0, 0, 0, 0);[47.86367147261068, 50, 50, 50]
(1, 0.0, 1, 0, 0, 0, 0, 0, 1, 0, 0, 0, 0, 0, 0, 0, 1, 0);[49.974245370976654, 49.95000118829806, 50, 50]
(1, 1.0, 1, 0, 0, 0, 0, 0, 1, 0, 1, 0, 0, 0, 0, 0, 1, 0);[49.971129017817276, 50, 50, 50]
(2, 0.0, 1, 0, 0, 0, 1, 0, 0, 0, 0, 0, 0, 0, 1, 0, 0, 0);[49.950355412510405, 50, 50, 50]
(2, 1.0, 1, 0, 0, 0, 1, 0, 0, 0, 0, 0, 0, 0, 1, 0, 0, 0);[48.22814446485681, 50, 50, 50]
(1, 0.0, 0, 0, 0, 0, 1, 0, 0, 0, 0, 0, 0, 0, 1, 0, 0, 0);[49.96332957735517, 49.950000160731676, 50, 50]
(1, 1.0, 1, 0, 0, 0, 1, 0, 0, 0, 0, 0, 0, 0, 1, 0, 0, 0);[49.97882146694261, 49.99650008355177, 50, 50]
(3, 0.0, 0, 0, 1, 0, 0, 0, 1, 0, 0, 0, 0, 0, 0, 0, 1, 0);[49.98714333291788, 50.00033828621657, 50, 50]
(3, 1.0, 0, 0, 1, 0, 1, 0, 2, 0, 0, 0, 1, 0, 0, 0, 1, 0);[49.97831840881832, 50, 50, 50]
(0, 0.0, 0, 0, 1, 0, 0, 0, 2, 0, 0, 0, 1, 0, 0, 0, 1, 0);[49.96167485640584, 50, 50, 50]
(0, 0.0, 0, 0, 1, 0, 0, 0, 2, 0, 0, 0, 1, 0, 0, 0, 2, 0);[49.971621670638925, 50, 50, 49.960866895495464]
(0, 1.0, 0, 0, 1, 0, 0, 0, 2, 0, 0, 0, 1, 0, 0, 0, 2, 0);[49.9619619111646, 49.96212470389396, 50, 50]
(1, 0.0, 0, 0, 1, 0, 0, 0, 2, 0, 0, 0, 1, 0, 0, 0, 2, 0);[49.96154636802122, 49.96905768514385, 50, 50]
(1, 1.0, 0, 0, 1, 0, 1, 0, 2, 0, 0, 0, 1, 0, 0, 0, 2, 0);[49.96930228585006, 50, 50, 50]
(0, 0.0, 0, 0, 1, 0, 1, 0, 2, 0, 0, 0, 1, 0, 0, 0, 2, 0);[49.95, 50, 50, 50]
(0, 1.0, 0, 0, 2, 0, 0, 0, 2, 0, 0, 0, 1, 0, 0, 0, 2, 0);[49.96022792933129, 49.950350475597006, 50, 50]
(1, 0.0, 0, 0, 2, 0, 0, 0, 2, 0, 0, 0, 1, 0, 0, 0, 2, 0);[49.95, 50, 50, 50]
(1, 0.0, 0, 0, 2, 0, 0, 0, 2, 0, 0, 0, 2, 0, 0, 0, 2, 0);[49.97175971949864, 50, 50, 50]
(1, 1.0, 0, 0, 2, 0, 0, 0, 3, 1, 0, 0, 2, 0, 0, 0, 2, 0);[49.97254184230341, 50, 50, 50]
(0, 0.0, 0, 0, 2, 0, 0, 0, 3, 1, 0, 0, 2, 0, 0, 0, 2, 0);[49.95832358425455, 49.9571054377717, 50, 50]
(0, 1.0, 0, 0, 2, 0, 0, 0, 3, 1, 0, 0, 2, 0, 0, 0, 3, 1);[49.95763316040279, 49.95520852247613, 50, 50]
(1, 0.0, 0, 0, 2, 0, 0, 0, 3, 1, 0, 0, 2, 0, 0, 0, 3, 1);[49.9500037990795, 49.95, 50, 50]
(1, 1.0, 0, 0, 2, 0, 0, 0, 3, 1, 0, 0, 2, 0, 0, 0, 3, 1);[50, 50, 49.96344772067403, 50]
(2, 0.0, 0, 0, 1, 0, 1, 0, 2, 1, 0, 0, 0, 0, 0, 0, 1, 1);[49.979284975106246, 50, 50, 50]
(2, 0.0, 0, 0, 0, 0, 1, 0, 1, 1, 0, 0, 0, 0, 0, 0, 0, 1);[49.95003297518478, 50, 50, 50]
(2, 1.0, 0, 0, 0, 0, 1, 0, 0, 1, 0, 0, 0, 0, 1, 0, 0, 1);[49.98155601372196, 50, 50, 50]
(0, 0.0, 0, 0, 0, 0, 1, 0, 0, 1, 0, 0, 0, 0, 0, 0, 0, 1);[49.976936419490585, 49.97492434438695, 50, 50]
(0, 1.0, 1, 0, 0, 0, 0, 0, 1, 1, 0, 0, 0, 0, 0, 0, 0, 1);[49.98850084659781, 50, 50, 50]
(0, 1.0, 1, 0, 0, 0, 0, 0, 1, 1, 0, 0, 0, 0, 0, 0, 1, 1);[49.98708227610123, 50, 50, 50]
(2, 0.0, 1, 0, 0, 0, 1, 0, 0, 1, 0, 0, 0, 0, 0, 0, 0, 1);[49.97953579627093, 50, 50, 50]
(2, 1.0, 1, 0, 0, 0, 2, 0, 0, 1, 0, 0, 0, 0, 1, 0, 0, 1);[49.976946108861696, 50, 50, 50]
(3, 1.0, 0, 0, 0, 0, 0, 1, 0, 0, 0, 0, 0, 0, 0, 0, 0, 0);[50.0221567986331, 50, 50, 50]
(0, 0.0, 0, 0, 0, 0, 0, 1, 1, 0, 0, 0, 0, 0, 0, 0, 0, 0);[49.9960707633721, 50, 50, 50]
(0, 0.0, 0, 0, 0, 0, 0, 1, 1, 0, 0, 0, 0, 0, 0, 1, 0, 0);[49.966109417953746, 50, 50, 50]
(0, 1.0, 0, 0, 0, 0, 0, 1, 1, 0, 0, 0, 0, 0, 0, 1, 0, 0);[49.97334164074518, 50, 50, 50]
(0, 1.0, 0, 0, 0, 0, 0, 1, 1, 0, 0, 0, 0, 0, 0, 1, 1, 0);[49.97868565335592, 50, 50, 50]
(0, 1.0, 0, 0, 0, 0, 1, 1, 1, 0, 0, 0, 0, 0, 0, 1, 1, 0);[49.990918597865026, 49.95406018595159, 50, 50]
(0, 1.0, 0, 0, 0, 0, 2, 1, 1, 0, 0, 0, 0, 0, 0, 1, 1, 0);[49.97209183681258, 50, 50, 50]
(1, 0.0, 0, 0, 0, 0, 1, 0, 1, 0, 0, 0, 0, 0, 1, 0, 1, 0);[49.95, 50, 50, 50]
(2, 0.0, 0, 0, 0, 0, 1, 0, 0, 0, 0, 0, 0, 0, 1, 0, 0, 0);[49.97273880554372, 49.95010451218585, 50, 50]
(2, 1.0, 0, 0, 0, 0, 1, 0, 1, 1, 0, 0, 0, 0, 1, 0, 0, 0);[50.001104684776095, 50, 50, 50]
(3, 0.0, 0, 0, 0, 0, 1, 0, 1, 0, 0, 0, 0, 0, 0, 0, 1, 0);[49.95911602637969, 49.96165335215359, 50, 50]
(3, 1.0, 0, 0, 0, 0, 1, 0, 1, 0, 0, 0, 0, 0, 1, 0, 1, 0);[49.971062373372185, 50, 50, 50]
(1, 0.0, 1, 0, 0, 0, 1, 0, 0, 0, 0, 0, 0, 0, 0, 0, 0, 0);[49.97862601719869, 50, 50, 50]
(1, 1.0, 1, 0, 0, 0, 2, 0, 1, 1, 1, 0, 0, 0, 1, 0, 0, 0);[50.013261706528844, 50, 50, 50]
(0, 0.0, 1, 0, 0, 0, 2, 0, 1, 1, 0, 0, 0, 0, 0, 0, 0, 0);[49.98440095415938, 50, 50, 50]
(0, 0.0, 0, 0, 0, 0, 1, 0, 1, 1, 0, 0, 0, 0, 0, 0, 0, 0);[49.96558733968251, 50, 50, 50]
(1, 0.0, 0, 0, 1, 0, 0, 0, 1, 0, 0, 0, 0, 0, 0, 0, 1, 0);[49.9665903030339, 50, 50, 50]
(1, 1.0, 0, 0, 1, 0, 0, 0, 1, 0, 0, 0, 0, 0, 0, 0, 1, 0);[49.96939309717542, 50, 50, 50]
(1, 0.0, 0, 0, 2, 0, 0, 0, 1, 0, 0, 0, 1, 0, 0, 0, 1, 0);[49.98162206991067, 49.98883398076562, 50, 50]
(1, 1.0, 0, 0, 3, 0, 0, 0, 2, 0, 0, 0, 2, 0, 0, 0, 1, 0);[49.97136304604378, 50, 50, 50]
(0, 0.0, 0, 0, 3, 0, 0, 0, 2, 0, 0, 0, 2, 0, 0, 0, 1, 0);[49.95804824498289, 50, 50, 50]
(0, 0.0, 0, 0, 3, 0, 0, 0, 2, 0, 0, 0, 3, 0, 0, 0, 2, 0);[49.957651043594446, 50, 50, 50]
(0, 1.0, 0, 0, 3, 0, 0, 0, 2, 0, 0, 0, 3, 0, 0, 0, 2, 0);[49.96446174209388, 50, 50, 50]
(0, 1.0, 1, 0, 3, 0, 0, 0, 2, 0, 0, 0, 3, 0, 0, 0, 2, 0);[49.964109333720806, 50, 50, 50]
(0, 1.0, 0, 0, 4, 0, 0, 0, 2, 0, 0, 0, 3, 0, 0, 0, 2, 0);[49.95008736088581, 49.96355671306226, 50, 50]
(1, 0.0, 0, 0, 4, 0, 0, 0, 2, 0, 0, 0, 4, 0, 0, 0, 2, 0);[49.95462826103039, 49.95623414646491, 50, 50]
(1, 1.0, 0, 0, 4, 0, 1, 0, 2, 0, 0, 0, 4, 0, 0, 0, 2, 0);[49.95392988458754, 50, 50, 50]
(0, 0.0, 0, 0, 4, 0, 0, 0, 2, 0, 0, 0, 4, 0, 0, 0, 2, 0);[49.95, 49.95, 50, 50]
(0, 1.0, 0, 0, 4, 0, 0, 0, 2, 0, 0, 0, 4, 0, 0, 0, 2, 0);[49.95683081063796, 50, 50, 50]
(0, 1.0, 0, 0, 5, 0, 0, 0, 2, 0, 0, 0, 4, 0, 0, 0, 2, 0);[49.9761322353698, 50, 50, 50]
(0, 1.0, 0, 0, 5, 0, 0, 0, 3, 1, 0, 0, 4, 0, 0, 0, 2, 0);[49.97337935912579, 50, 50, 50]
(0, 1.0, 0, 0, 6, 0, 0, 0, 3, 1, 0, 0, 5, 0, 0, 0, 2, 0);[49.95626909263995, 50, 50, 50]
(0, 1.0, 0, 0, 6, 0, 0, 0, 3, 1, 0, 0, 6, 0, 0, 0, 2, 0);[49.95462141007684, 50, 50, 50]
(0, 1.0, 0, 0, 6, 0, 0, 0, 3, 1, 0, 0, 6, 0, 0, 0, 3, 1);[49.954445816564956, 49.95813907732305, 49.954510839029034, 50]
(1, 0.0, 0, 0, 6, 0, 0, 0, 3, 1, 0, 0, 6, 0, 0, 0, 3, 1);[49.954157435074436, 49.95020648412227, 50, 50]
(1, 1.0, 0, 0, 6, 0, 0, 0, 3, 1, 0, 0, 6, 0, 0, 0, 3, 1);[49.95, 50, 50, 50]
(0, 0.0, 0, 0, 6, 0, 0, 0, 3, 1, 0, 0, 6, 0, 0, 0, 3, 1);[49.95442712963898, 49.95, 50, 50]
(2, 0.0, 0, 0, 5, 0, 0, 0, 2, 1, 0, 0, 4, 0, 0, 0, 1, 1);[49.96953109999475, 50, 50, 50]
(2, 0.0, 0, 0, 5, 0, 0, 0, 1, 1, 0, 0, 1, 0, 0, 0, 0, 1);[49.971334975426174, 50, 50, 50]
(2, 1.0, 0, 0, 3, 0, 0, 0, 0, 1, 0, 0, 0, 0, 0, 0, 0, 1);[49.986108389250504, 50, 50, 50]
(0, 0.0, 0, 0, 3, 0, 0, 0, 1, 1, 0, 0, 0, 0, 0, 0, 0, 1);[49.97424903992307, 50, 50, 50]
(0, 0.0, 0, 0, 3, 0, 0, 0, 1, 1, 0, 0, 1, 0, 0, 0, 0, 1);[49.957307248725805, 50, 50, 50]
(0, 1.0, 0, 0, 3, 0, 0, 0, 1, 1, 0, 0, 3, 0, 0, 0, 0, 1);[49.964090019911666, 50, 50, 50]
(0, 1.0, 0, 0, 3, 0, 0, 0, 1, 1, 0, 0, 3, 0, 0, 0, 1, 1);[49.968635905040216, 49.95, 50, 50]
(0, 1.0, 1, 0, 3, 0, 0, 0, 1, 1, 0, 0, 3, 0, 0, 0, 1, 1);[49.95, 49.96677265252591, 50, 50]
(1, 0.0, 0, 0, 3, 0, 0, 0, 1, 1, 0, 0, 3, 0, 0, 0, 1, 1);[49.95, 49.95, 50, 50]
(1, 1.0, 0, 0, 3, 0, 0, 0, 1, 1, 0, 0, 3, 0, 0, 0, 1, 1);[49.95, 50, 50, 50]
(0, 0.0, 0, 0, 3, 0, 0, 0, 1, 1, 0, 0, 3, 0, 0, 0, 1, 1);[49.95344296198303, 49.963762372365245, 50, 50]
(1, 0.0, 1, 0, 3, 0, 0, 0, 1, 1, 0, 0, 3, 0, 0, 0, 1, 1);[49.95596886146837, 49.950005759155886, 50, 50]
(1, 1.0, 1, 0, 3, 0, 0, 0, 1, 1, 1, 0, 3, 0, 0, 0, 1, 1);[49.96915551640449, 50, 50, 50]
(0, 0.0, 0, 0, 3, 0, 0, 0, 2, 2, 0, 0, 3, 0, 0, 0, 1, 1);[49.96155380349711, 49.95582987505008, 50, 50]
(0, 1.0, 0, 0, 3, 0, 0, 0, 2, 2, 0, 0, 3, 0, 0, 0, 1, 2);[49.96597030585963, 50, 50, 50]
(0, 1.0, 1, 0, 3, 0, 0, 0, 2, 2, 0, 0, 3, 0, 0, 0, 2, 2);[49.960986967700606, 50, 50, 50]
(0, 1.0, 0, 0, 3, 0, 0, 0, 2, 2, 0, 0, 3, 0, 0, 0, 2, 2);[49.95, 49.95, 49.965995519936804, 50]
(1, 0.0, 0, 0, 3, 0, 0, 0, 2, 2, 0, 0, 3, 0, 0, 0, 2, 2);[49.95, 49.95, 50, 50]
(1, 1.0, 0, 0, 3, 0, 0, 0, 2, 2, 0, 0, 3, 0, 0, 0, 2, 2);[49.95, 50, 50, 50]
(0, 0.0, 0, 0, 3, 0, 0, 0, 2, 2, 0, 0, 3, 0, 0, 0, 2, 2);[49.95, 49.95255547099463, 50, 50]
(2, 0.0, 0, 0, 2, 0, 0, 1, 1, 2, 0, 0, 1, 0, 0, 0, 0, 2);[49.98503475683984, 50, 50, 50]
(2, 0.0, 0, 0, 1, 0, 0, 1, 0, 2, 0, 0, 0, 0, 0, 0, 0, 2);[49.98442379435082, 50, 50, 50]
(2, 1.0, 0, 0, 0, 0, 0, 1, 1, 2, 0, 0, 0, 0, 0, 1, 0, 2);[49.974816455056995, 50, 50, 50]
(0, 0.0, 0, 0, 0, 0, 0, 1, 1, 2, 0, 0, 0, 0, 0, 1, 0, 2);[49.96498085067617, 49.96474272097512, 50, 50]
(0, 1.0, 0, 0, 0, 0, 0, 1, 1, 2, 0, 0, 0, 0, 0, 1, 1, 2);[49.96517114605286, 49.95648660186017, 50, 50]
(1, 0.0, 0, 0, 0, 0, 0, 1, 1, 2, 0, 0, 0, 0, 0, 0, 1, 2);[49.950001864320214, 50, 50, 50]
(1, 0.0, 0, 0, 0, 0, 0, 0, 1, 2, 0, 0, 0, 0, 0, 0, 1, 2);[49.95, 50, 50, 50]
(1, 1.0, 0, 0, 0, 0, 0, 0, 1, 2, 0, 0, 0, 0, 0, 0, 1, 2);[49.95, 50, 50, 50]
(0, 0.0, 0, 0, 0, 0, 0, 0, 1, 2, 0, 0, 0, 0, 0, 0, 1, 2);[49.95487326652974, 49.97377923818564, 50, 50]
(0, 1.0, 1, 0, 0, 0, 0, 0, 1, 2, 0, 0, 0, 0, 0, 0, 1, 2);[49.98210035109004, 49.96158310564559, 50, 50]
(1, 0.0, 1, 0, 0, 0, 0, 0, 1, 2, 0, 0, 0, 0, 0, 0, 1, 2);[49.9663110680652, 50, 50, 50]
(1, 0.0, 1, 0, 0, 0, 1, 0, 1, 2, 1, 0, 0, 0, 0, 0, 1, 2);[49.97567111910725, 50, 50, 50]
(1, 1.0, 1, 0, 0, 0, 1, 0, 1, 3, 1, 0, 0, 0, 0, 0, 1, 2);[49.978521802814505, 50, 50, 50]
(0, 0.0, 0, 0, 0, 0, 0, 0, 2, 3, 0, 0, 0, 0, 0, 0, 1, 2);[49.95598068594335, 49.95003824829717, 50, 50]
(0, 1.0, 0, 0, 0, 0, 0, 0, 2, 3, 0, 0, 0, 0, 0, 0, 2, 3);[49.95, 49.97009904405541, 49.97188214245838, 50]
(1, 0.0, 0, 0, 0, 0, 1, 0, 2, 3, 0, 0, 0, 0, 0, 0, 2, 3);[49.97691625403827, 49.95816789175744, 50, 50]
(1, 1.0, 0, 0, 0, 0, 1, 0, 2, 3, 0, 0, 0, 0, 0, 0, 2, 3);[49.95243125568739, 50, 50, 50]
(0, 0.0, 0, 0, 0, 0, 1, 0, 2, 3, 0, 0, 0, 0, 0, 0, 2, 3);[49.95, 50, 50, 50]
(0, 0.0, 0, 0, 0, 0, 0, 0, 2, 3, 0, 0, 0, 0, 0, 0, 2, 3);[49.95, 50, 50, 50]
(2, 0.0, 0, 0, 1, 0, 0, 0, 1, 3, 0, 0, 0, 0, 0, 0, 0, 3);[49.99219664894367, 50, 50, 50]
(2, 0.0, 0, 0, 1, 0, 0, 0, 0, 3, 0, 0, 0, 0, 0, 0, 0, 3);[49.98527100074489, 50, 50, 50]
(2, 1.0, 0, 0, 1, 0, 0, 0, 0, 3, 0, 0, 0, 0, 0, 0, 0, 3);[49.970396103464715, 50, 50, 50]
(0, 0.0, 0, 0, 1, 0, 0, 0, 0, 3, 0, 0, 0, 0, 0, 0, 0, 3);[49.971255307829416, 50, 50, 50]
(0, 0.0, 0, 0, 1, 0, 0, 0, 1, 3, 0, 0, 0, 0, 0, 0, 0, 3);[49.96394773958721, 50, 50, 50]
(0, 1.0, 0, 0, 1, 0, 0, 0, 1, 3, 0, 0, 1, 0, 0, 0, 0, 3);[49.95124703509246, 49.95688898992072, 50, 50]
(1, 0.0, 0, 0, 1, 0, 0, 0, 1, 3, 0, 0, 1, 0, 0, 0, 1, 3);[49.96680113553158, 49.95666427938824, 50, 50]
(1, 0.0, 0, 0, 1, 0, 1, 0, 1, 3, 0, 0, 1, 0, 0, 0, 1, 3);[49.96648806995672, 50, 50, 50]
(1, 1.0, 0, 0, 1, 0, 1, 0, 1, 3, 0, 0, 1, 0, 0, 0, 1, 3);[49.95935573477922, 50, 50, 50]
(0, 0.0, 0, 0, 1, 0, 0, 0, 1, 3, 0, 0, 1, 0, 0, 0, 1, 3);[49.962618427493894, 49.96195015369701, 50, 50]
(0, 1.0, 0, 0, 1, 0, 0, 0, 1, 3, 0, 0, 1, 0, 0, 0, 1, 3);[49.95000027909268, 49.95, 50, 50]
(1, 0.0, 0, 0, 2, 0, 0, 0, 1, 3, 0, 0, 1, 0, 0, 0, 1, 3);[49.952531863434984, 50, 50, 50]
(1, 1.0, 0, 0, 2, 0, 0, 0, 1, 3, 0, 0, 1, 0, 0, 0, 1, 3);[49.950000926080726, 50, 50, 50]
(0, 0.0, 0, 0, 2, 0, 0, 0, 1, 3, 0, 0, 2, 0, 0, 0, 1, 3);[49.97030316853454, 50, 50, 50]
(0, 0.0, 0, 0, 2, 0, 0, 0, 2, 4, 0, 0, 2, 0, 0, 0, 1, 3);[49.97298059072199, 50, 50, 50]
(0, 1.0, 0, 0, 2, 0, 0, 1, 2, 4, 0, 0, 2, 0, 0, 0, 1, 3);[49.961594976556775, 50, 50, 50]
(0, 1.0, 0, 0, 2, 0, 0, 1, 2, 4, 0, 0, 2, 0, 0, 0, 1, 4);[49.9664871430376, 50, 50, 50]
(0, 1.0, 0, 0, 2, 0, 1, 1, 2, 4, 0, 0, 2, 0, 0, 1, 2, 4);[49.96527229023368, 49.96027254455944, 50, 50]
(1, 0.0, 0, 0, 2, 0, 1, 0, 2, 4, 0, 0, 2, 0, 0, 0, 2, 4);[49.950071639870465, 49.95000023805012, 50, 50]
(1, 1.0, 0, 0, 2, 0, 1, 0, 2, 4, 0, 0, 2, 0, 1, 0, 2, 4);[49.951566039163446, 50, 50, 50]
(0, 0.0, 0, 0, 2, 0, 0, 0, 2, 4, 0, 0, 2, 0, 0, 0, 2, 4);[49.95522942492575, 49.95199555215701, 50, 50]
(0, 1.0, 0, 0, 2, 0, 0, 0, 2, 4, 0, 0, 2, 0, 0, 0, 2, 4);[49.95, 49.95, 50, 50]
(1, 0.0, 0, 0, 2, 0, 0, 0, 2, 4, 0, 0, 2, 0, 0, 0, 2, 4);[49.95, 49.954951367775266, 50, 50]
(1, 1.0, 0, 0, 3, 0, 0, 0, 2, 4, 0, 0, 2, 0, 0, 0, 2, 4);[49.96232581495335, 50, 50, 50]
(0, 0.0, 0, 0, 3, 0, 0, 0, 2, 5, 0, 0, 2, 0, 0, 0, 2, 4);[49.95137094792716, 50, 50, 50]
(0, 0.0, 0, 0, 3, 0, 0, 0, 2, 5, 0, 0, 3, 0, 0, 0, 2, 4);[49.958141435316186, 50, 50, 50]
(0, 1.0, 0, 0, 3, 0, 0, 0, 2, 5, 0, 0, 3, 0, 0, 0, 2, 5);[49.96424646077221, 49.95, 50, 50]
(0, 1.0, 0, 0, 3, 0, 1, 0, 2, 5, 0, 0, 3, 0, 0, 0, 2, 5);[49.957792632327404, 49.954363300282985, 50, 50]
(1, 0.0, 0, 0, 3, 0, 1, 0, 2, 5, 0, 0, 3, 0, 0, 0, 2, 5);[49.957367076617, 50, 50, 50]
(1, 0.0, 1, 0, 3, 0, 1, 0, 2, 5, 0, 0, 3, 0, 1, 0, 2, 5);[49.95387290027498, 50, 50, 50]
(1, 1.0, 1, 0, 3, 0, 1, 0, 2, 5, 0, 0, 3, 0, 1, 0, 2, 5);[49.95209800002913, 50, 50, 50]
(0, 0.0, 0, 0, 3, 0, 0, 0, 2, 5, 0, 0, 3, 0, 0, 0, 2, 5);[49.95, 49.95, 50, 50]
(1, 0.0, 0, 0, 3, 0, 0, 0, 2, 5, 0, 0, 3, 0, 0, 0, 2, 5);[49.95, 49.95, 50, 50]
(1, 1.0, 0, 0, 3, 0, 0, 0, 2, 5, 0, 0, 3, 0, 0, 0, 2, 5);[49.96319603880974, 50, 50, 50]
(0, 0.0, 0, 0, 3, 1, 0, 0, 3, 6, 0, 0, 3, 0, 0, 0, 2, 5);[49.95838349609633, 49.950191542228154, 50, 50]
(0, 1.0, 0, 0, 3, 1, 0, 0, 3, 6, 0, 0, 3, 0, 0, 0, 3, 6);[49.956498448644425, 50, 50, 50]
(0, 1.0, 0, 0, 3, 1, 0, 0, 3, 6, 0, 0, 3, 1, 0, 0, 3, 6);[49.961413622600375, 49.96009975105617, 50, 50]
(0, 1.0, 0, 0, 3, 1, 1, 0, 3, 6, 0, 0, 3, 1, 0, 0, 3, 6);[49.95895746856958, 49.950436225263786, 50, 50]
(1, 0.0, 0, 0, 3, 1, 1, 0, 3, 6, 0, 0, 3, 1, 0, 0, 3, 6);[49.953184152718514, 50, 50, 50]
(1, 0.0, 0, 0, 3, 1, 1, 0, 3, 6, 0, 0, 3, 1, 1, 0, 3, 6);[49.95314202341434, 50, 50, 50]
(1, 1.0, 0, 0, 3, 1, 1, 0, 3, 6, 0, 0, 3, 1, 1, 0, 3, 6);[49.95115707351576, 50, 50, 50]
(0, 0.0, 0, 0, 3, 1, 0, 0, 3, 6, 0, 0, 3, 1, 0, 0, 3, 6);[49.95, 49.95, 50, 50]
(1, 0.0, 0, 0, 4, 1, 0, 0, 3, 6, 0, 0, 3, 1, 0, 0, 3, 6);[49.9531778444992, 49.95742360889035, 50, 50]
(1, 1.0, 0, 0, 4, 1, 0, 0, 3, 6, 0, 0, 4, 1, 0, 0, 3, 6);[49.95813294089897, 50, 50, 50]
(0, 0.0, 0, 0, 4, 1, 0, 0, 4, 6, 0, 0, 4, 1, 0, 0, 3, 6);[49.95523830633036, 50, 50, 50]
(0, 0.0, 0, 0, 4, 1, 0, 1, 4, 6, 0, 0, 4, 1, 0, 0, 3, 6);[49.95716333043872, 50, 50, 50]
(0, 1.0, 0, 0, 4, 1, 0, 1, 4, 6, 0, 0, 4, 1, 0, 0, 4, 6);[49.95988384677334, 50, 50, 50]
(0, 1.0, 0, 0, 4, 1, 1, 1, 4, 6, 0, 0, 4, 1, 0, 1, 4, 6);[49.95534255736148, 49.95324849109707, 50, 50]
(1, 0.0, 0, 0, 4, 1, 1, 0, 4, 6, 0, 0, 4, 1, 0, 0, 4, 6);[49.95274676028443, 50, 50, 50]
(1, 0.0, 0, 0, 4, 1, 1, 0, 4, 6, 0, 0, 4, 1, 1, 0, 4, 6);[49.950145501593084, 50, 50, 50]
(1, 1.0, 0, 0, 4, 1, 1, 0, 4, 6, 0, 0, 4, 1, 1, 0, 4, 6);[49.95096778726314, 50, 50, 50]
(0, 0.0, 0, 0, 4, 1, 0, 0, 4, 6, 0, 0, 4, 1, 0, 0, 4, 6);[49.9530188924801, 49.952962685464094, 50, 50]
(0, 1.0, 0, 0, 4, 1, 0, 0, 4, 6, 0, 0, 4, 1, 0, 0, 4, 6);[49.95, 49.95113140772074, 50, 50]
(1, 0.0, 0, 0, 4, 1, 0, 0, 4, 6, 0, 0, 4, 1, 0, 0, 4, 6);[49.95278994428114, 49.95643366150234, 50, 50]
(1, 1.0, 0, 0, 4, 1, 0, 0, 5, 7, 0, 0, 4, 1, 0, 0, 4, 6);[49.95102030207909, 50, 50, 50]
(0, 0.0, 0, 0, 4, 1, 0, 0, 5, 7, 0, 0, 4, 1, 0, 0, 4, 7);[49.95275939703361, 50, 50, 50]
(0, 0.0, 0, 0, 4, 1, 0, 0, 5, 7, 0, 0, 4, 1, 0, 0, 5, 7);[49.95257222087633, 49.95, 49.95092604771619, 50]
(0, 1.0, 0, 0, 4, 1, 0, 0, 5, 7, 0, 0, 4, 1, 0, 0, 5, 7);[49.95500748000137, 49.95166741549474, 49.957116260006565, 50]
(1, 0.0, 0, 0, 4, 1, 0, 0, 5, 7, 0, 0, 4, 1, 0, 0, 5, 7);[49.950000235439404, 49.95, 50, 50]
(1, 1.0, 0, 0, 4, 1, 0, 0, 5, 7, 0, 0, 4, 1, 0, 0, 5, 7);[49.95, 50, 50, 50]
(2, 0.0, 0, 0, 4, 1, 0, 0, 4, 7, 0, 0, 2, 1, 0, 0, 3, 7);[49.96509378011454, 50, 50, 50]
(2, 0.0, 0, 0, 2, 1, 0, 0, 3, 7, 0, 0, 0, 1, 0, 0, 1, 7);[49.96674354201049, 50, 50, 50]
(2, 1.0, 0, 0, 1, 1, 0, 0, 2, 7, 0, 0, 0, 1, 0, 0, 0, 7);[49.961723637428065, 50, 50, 50]
(0, 0.0, 0, 0, 1, 1, 0, 0, 3, 8, 0, 0, 0, 1, 0, 0, 1, 7);[49.95605055049246, 50, 50, 50]
(0, 0.0, 0, 0, 1, 1, 0, 0, 3, 8, 0, 0, 1, 1, 0, 0, 2, 8);[49.95180563361521, 50, 50, 50]
(0, 1.0, 0, 0, 1, 1, 0, 0, 3, 8, 0, 0, 1, 1, 0, 0, 2, 8);[49.950000921346465, 50, 50, 50]
(0, 1.0, 0, 0, 1, 1, 0, 0, 3, 8, 0, 0, 1, 1, 0, 0, 3, 8);[49.96180122091823, 49.95, 50, 50]
(0, 1.0, 0, 1, 1, 1, 1, 0, 3, 8, 0, 0, 1, 1, 0, 0, 3, 8);[49.96047069885284, 50, 50, 50]
(0, 1.0, 0, 1, 1, 1, 0, 0, 3, 8, 0, 0, 1, 1, 0, 0, 3, 8);[49.95504653486774, 50, 50, 50]
(0, 1.0, 0, 2, 1, 1, 0, 0, 3, 8, 0, 1, 1, 1, 0, 0, 3, 8);[49.95613589321603, 49.955378207273064, 50, 50]
(1, 0.0, 0, 1, 1, 1, 0, 0, 3, 8, 0, 0, 1, 1, 0, 0, 3, 8);[49.952219632003576, 50, 50, 50]
(1, 0.0, 0, 0, 1, 1, 0, 0, 3, 8, 0, 0, 1, 1, 0, 0, 3, 8);[49.95, 49.95600357248738, 50, 50]
(1, 1.0, 0, 0, 1, 1, 0, 0, 3, 8, 0, 0, 1, 1, 0, 0, 3, 8);[49.9516203623063, 50, 50, 50]
(0, 0.0, 0, 0, 1, 1, 0, 0, 3, 8, 0, 0, 1, 1, 0, 0, 3, 8);[49.95361423879096, 49.951777432440835, 50, 50]
(1, 0.0, 0, 0, 1, 1, 0, 0, 4, 8, 0, 0, 1, 1, 0, 0, 3, 8);[49.95121713840933, 50, 50, 50]
(1, 1.0, 0, 0, 1, 1, 0, 0, 4, 8, 0, 0, 1, 1, 0, 0, 3, 8);[49.953181802186506, 50, 50, 50]
(0, 0.0, 0, 0, 1, 1, 0, 0, 4, 8, 0, 0, 1, 1, 0, 0, 4, 8);[49.956191359370806, 49.95174047175338, 49.95, 49.95]
(0, 1.0, 0, 0, 1, 1, 0, 0, 4, 8, 0, 0, 1, 1, 0, 0, 4, 8);[49.950000539723916, 49.95, 49.95247101210736, 50]
(1, 0.0, 0, 0, 1, 1, 0, 0, 4, 8, 0, 0, 1, 1, 0, 0, 4, 8);[49.952600025079356, 49.956172552381595, 50, 50]
(1, 1.0, 0, 0, 1, 1, 1, 0, 4, 8, 0, 0, 1, 1, 0, 0, 4, 8);[49.95314221987171, 50, 50, 50]
(2, 0.0, 0, 0, 0, 1, 0, 0, 3, 8, 0, 0, 0, 1, 0, 0, 2, 8);[49.95646656086848, 50, 50, 50]
(2, 0.0, 0, 0, 0, 1, 0, 0, 2, 8, 0, 0, 0, 1, 0, 0, 0, 8);[49.962828012369556, 50, 50, 50]
(2, 1.0, 0, 0, 0, 1, 0, 0, 2, 9, 0, 0, 0, 1, 0, 0, 0, 8);[49.95705091372936, 50, 50, 50]
(0, 0.0, 0, 0, 0, 1, 0, 0, 2, 9, 0, 0, 0, 1, 0, 0, 0, 9);[49.9519545147513, 50, 50, 50]
(0, 0.0, 0, 0, 0, 1, 0, 0, 2, 9, 0, 0, 0, 1, 0, 0, 1, 9);[49.95369241832532, 50, 50, 50]
(0, 1.0, 0, 0, 0, 1, 0, 0, 2, 9, 0, 0, 0, 1, 0, 0, 2, 9);[49.957401677745196, 49.9526412104033, 49.95311354623407, 50]
(1, 0.0, 0, 0, 0, 1, 0, 0, 2, 9, 0, 0, 0, 1, 0, 0, 2, 9);[49.9500025922015, 49.95, 50, 50]
(1, 1.0, 0, 0, 0, 1, 0, 0, 2, 9, 0, 0, 0, 1, 0, 0, 2, 9);[49.95, 50, 50, 50]
(0, 0.0, 0, 0, 0, 1, 0, 0, 2, 9, 0, 0, 0, 1, 0, 0, 2, 9);[49.95, 49.95, 50, 50]
(2, 0.0, 0, 0, 0, 1, 0, 0, 1, 9, 0, 0, 0, 1, 0, 0, 0, 9);[49.95935926991139, 49.95810501140327, 49.95, 50]
(2, 0.0, 0, 0, 0, 1, 0, 0, 0, 9, 0, 0, 0, 1, 0, 0, 0, 9);[49.962526206196664, 49.9657628873921, 49.95, 49.95]
(2, 1.0, 1, 0, 0, 1, 0, 0, 0, 9, 0, 0, 0, 1, 0, 0, 0, 9);[49.959737367687694, 50, 50, 50]
(0, 0.0, 0, 0, 0, 1, 0, 0, 0, 9, 0, 0, 0, 1, 0, 0, 0, 9);[49.95808079908229, 49.91239305131159, 49.95, 49.95]
(0, 0.0, 0, 0, 0, 1, 0, 0, 1, 9, 0, 0, 0, 1, 0, 0, 0, 9);[49.95378222085736, 50, 50, 50]
(0, 1.0, 0, 0, 0, 1, 0, 0, 1, 9, 0, 0, 0, 1, 0, 0, 0, 9);[49.95371411598528, 49.95764509878571, 50, 50]
(1, 0.0, 0, 0, 0, 1, 0, 0, 1, 9, 0, 0, 0, 1, 0, 0, 1, 9);[49.952503678359015, 49.950005454009926, 49.95770699345111, 50]
(1, 1.0, 0, 0, 0, 1, 0, 0, 1, 9, 0, 0, 0, 1, 0, 0, 1, 9);[49.95, 49.954062452725374, 49.95858730413131, 49.96479351409842]
(0, 0.0, 0, 0, 0, 1, 0, 0, 1, 9, 0, 0, 0, 1, 0, 0, 1, 9);[49.95, 49.95, 49.950000140554835, 49.95]
(0, 1.0, 0, 0, 0, 1, 0, 0, 1, 9, 0, 0, 0, 1, 0, 0, 1, 9);[49.95, 49.95196167360749, 49.951079454498824, 50]
(1, 0.0, 0, 0, 0, 1, 0, 1, 1, 9, 0, 0, 0, 1, 0, 0, 1, 9);[49.95709736779711, 50, 50, 50]
(2, 1.0, 0, 0, 0, 1, 0, 0, 0, 9, 0, 0, 0, 1, 0, 0, 0, 9);[49.958441114798795, 49.95857742684565, 50, 50]
(0, 1.0, 0, 0, 0, 1, 0, 0, 0, 9, 0, 0, 0, 1, 0, 0, 0, 9);[49.95, 49.95, 49.952097951237334, 50]
(1, 0.0, 0, 0, 0, 1, 0, 0, 0, 9, 0, 0, 0, 1, 0, 0, 0, 9);[49.9545425583159, 49.954134810694526, 50, 50]
(1, 1.0, 0, 0, 0, 1, 0, 0, 0, 9, 0, 0, 0, 1, 0, 0, 0, 9);[49.95, 50, 50, 50]
(2, 0.0, 0, 0, 0, 1, 0, 1, 1, 9, 0, 0, 0, 1, 0, 0, 0, 9);[49.9665879578585, 50, 50, 50]
(2, 1.0, 0, 0, 0, 1, 0, 1, 1, 9, 0, 0, 0, 1, 0, 0, 0, 9);[49.956800211051466, 50, 50, 50]
(0, 0.0, 0, 0, 0, 1, 0, 1, 1, 9, 0, 0, 0, 1, 0, 0, 0, 9);[49.95002195107557, 50, 50, 50]
(0, 0.0, 0, 0, 0, 1, 0, 1, 1, 9, 0, 0, 0, 1, 0, 1, 1, 9);[49.95970269988132, 50, 50, 50]
(0, 1.0, 1, 0, 0, 1, 0, 1, 1, 9, 0, 0, 0, 1, 0, 1, 1, 9);[49.960006710018625, 49.95126743189478, 50, 50]
(1, 0.0, 1, 0, 0, 1, 0, 0, 1, 9, 0, 0, 0, 1, 0, 0, 1, 9);[49.95261723165417, 50, 50, 50]
(1, 0.0, 1, 0, 0, 1, 0, 0, 1, 9, 1, 0, 0, 1, 0, 0, 1, 9);[49.95367291395138, 50, 50, 50]
(1, 1.0, 1, 0, 0, 1, 0, 0, 1, 9, 1, 0, 0, 1, 0, 0, 1, 9);[49.953472274066584, 50, 50, 50]
(1, 0.0, 0, 0, 0, 1, 0, 0, 1, 9, 0, 0, 0, 1, 0, 0, 0, 9);[49.957127471061156, 49.95406913080117, 50, 50]
(3, 0.0, 0, 0, 0, 1, 0, 0, 1, 9, 0, 0, 0, 0, 0, 0, 1, 8);[49.968714207667404, 50, 50, 50]
(3, 0.0, 0, 0, 0, 0, 0, 0, 1, 8, 0, 0, 0, 0, 0, 0, 1, 5);[49.96685758817671, 50, 50, 50]
(3, 1.0, 0, 0, 0, 0, 0, 0, 1, 6, 0, 0, 0, 0, 0, 0, 1, 3);[49.96748478424613, 50, 50, 50]
(0, 0.0, 0, 0, 0, 0, 0, 0, 1, 6, 0, 0, 0, 0, 0, 0, 1, 1);[49.965537169688915, 50, 50, 50]
(0, 0.0, 0, 0, 0, 0, 0, 0, 1, 6, 0, 0, 0, 0, 0, 0, 1, 2);[49.96178632269988, 50, 50, 50]
(0, 1.0, 0, 0, 0, 0, 0, 0, 1, 8, 0, 0, 0, 0, 0, 0, 1, 3);[49.952689254656754, 50, 50, 50]
(0, 1.0, 0, 0, 0, 0, 0, 0, 1, 8, 0, 0, 0, 0, 0, 0, 1, 5);[49.95011345355831, 50, 50, 50]
(0, 1.0, 0, 0, 0, 0, 0, 0, 1, 8, 0, 0, 0, 0, 0, 0, 1, 7);[49.95386446589595, 50, 50, 50]
(0, 1.0, 0, 0, 0, 0, 0, 0, 1, 8, 0, 0, 0, 0, 0, 0, 1, 8);[49.95503396796237, 49.95245948317678, 50, 50]
(1, 0.0, 0, 0, 0, 0, 0, 0, 1, 8, 0, 0, 0, 0, 0, 0, 1, 8);[49.964115195339794, 50, 50, 50]
(1, 0.0, 0, 0, 1, 0, 0, 0, 2, 8, 0, 0, 0, 0, 0, 0, 1, 8);[49.96237156092402, 50, 50, 50]
(1, 1.0, 0, 0, 1, 0, 0, 0, 2, 8, 0, 0, 0, 0, 0, 0, 1, 8);[49.951566481861676, 50, 50, 50]
(0, 0.0, 0, 0, 1, 0, 0, 0, 2, 8, 0, 0, 0, 0, 0, 0, 1, 8);[49.95000335101585, 50, 50, 50]
(0, 0.0, 0, 0, 1, 0, 0, 0, 2, 8, 0, 0, 1, 0, 0, 0, 2, 8);[49.9641661889769, 50, 50, 50]
(0, 1.0, 0, 0, 1, 0, 1, 0, 2, 8, 0, 0, 1, 0, 0, 0, 2, 8);[49.97045063152342, 49.95250649709801, 50, 50]
(1, 0.0, 0, 0, 1, 0, 1, 0, 2, 8, 0, 0, 1, 0, 0, 0, 2, 8);[49.95321930404205, 50, 50, 50]
(1, 0.0, 0, 0, 1, 0, 1, 0, 2, 8, 0, 0, 1, 0, 1, 0, 2, 8);[49.96001465498354, 50, 50, 50]
(1, 1.0, 0, 0, 2, 0, 1, 1, 2, 8, 0, 0, 1, 0, 1, 0, 2, 8);[49.96017524724271, 50, 50, 50]
(0, 0.0, 0, 0, 2, 0, 1, 1, 2, 8, 0, 0, 1, 0, 0, 0, 2, 8);[49.9566897769703, 50, 50, 50]
(0, 0.0, 0, 0, 2, 0, 0, 1, 2, 8, 0, 0, 2, 0, 0, 0, 2, 8);[49.952186067610064, 50, 50, 50]
(0, 1.0, 0, 0, 2, 0, 0, 1, 2, 8, 0, 0, 2, 0, 0, 1, 2, 8);[49.95000007535682, 49.95277695679391, 50, 50]
(1, 0.0, 0, 0, 2, 0, 0, 1, 2, 8, 0, 0, 2, 0, 0, 0, 2, 8);[49.96377910088585, 50, 50, 50]
(1, 0.0, 1, 0, 2, 0, 0, 0, 2, 9, 0, 0, 2, 0, 0, 0, 2, 8);[49.968939118809466, 50, 50, 50]
(1, 1.0, 1, 1, 2, 0, 0, 0, 3, 9, 0, 0, 2, 0, 0, 0, 2, 9);[49.96175187372448, 50, 50, 50]
(0, 0.0, 1, 1, 2, 0, 0, 0, 3, 9, 0, 0, 2, 0, 0, 0, 2, 9);[49.95883088604562, 50, 50, 50]
(0, 0.0, 1, 1, 2, 0, 0, 0, 3, 9, 0, 0, 2, 0, 0, 0, 3, 9);[49.95307980852771, 50, 50, 50]
(0, 1.0, 0, 1, 2, 0, 0, 0, 3, 9, 0, 1, 2, 0, 0, 0, 3, 9);[49.95139455744945, 49.954185304972164, 50, 50]
(1, 0.0, 0, 1, 3, 0, 0, 0, 3, 9, 0, 0, 2, 0, 0, 0, 3, 9);[49.95806536410765, 50, 50, 50]
(1, 0.0, 0, 0, 3, 0, 1, 0, 3, 9, 0, 0, 2, 0, 0, 0, 3, 9);[49.95615192969371, 50, 50, 50]
(1, 1.0, 0, 0, 3, 0, 1, 0, 3, 9, 0, 0, 3, 0, 0, 0, 3, 9);[49.95, 50, 50, 50]
(0, 0.0, 0, 0, 3, 0, 0, 0, 3, 9, 0, 0, 3, 0, 0, 0, 3, 9);[49.95304733782556, 50, 50, 50]
(0, 0.0, 0, 0, 4, 0, 0, 0, 3, 9, 0, 0, 3, 0, 0, 0, 3, 9);[49.95015217111098, 50, 50, 50]
(0, 1.0, 0, 0, 4, 0, 0, 0, 3, 9, 0, 0, 3, 0, 0, 0, 3, 9);[49.951495831980445, 50, 50, 50]
(0, 1.0, 0, 0, 4, 0, 0, 0, 3, 9, 0, 0, 4, 0, 0, 0, 3, 9);[49.95551643402756, 49.955782404942006, 50, 50]
(1, 0.0, 0, 0, 4, 0, 0, 0, 3, 9, 0, 0, 4, 0, 0, 0, 3, 9);[49.95525093955666, 50, 50, 50]
(1, 0.0, 0, 0, 4, 0, 0, 0, 4, 9, 0, 0, 4, 0, 0, 0, 3, 9);[49.9527074958162, 50, 50, 50]
(1, 1.0, 0, 0, 4, 0, 0, 0, 4, 9, 0, 0, 4, 0, 0, 0, 3, 9);[49.95001536145208, 50, 50, 50]
(0, 0.0, 0, 0, 4, 0, 0, 0, 4, 9, 0, 0, 4, 0, 0, 0, 4, 9);[49.95293280320047, 49.95267769793917, 50, 50]
(0, 1.0, 0, 0, 4, 0, 0, 0, 4, 9, 0, 0, 4, 0, 0, 0, 4, 9);[49.95, 49.955153789159304, 50, 50]
(1, 0.0, 0, 0, 4, 0, 1, 0, 4, 9, 0, 0, 4, 0, 0, 0, 4, 9);[49.9578455678878, 49.9537950242005, 50, 50]
(1, 1.0, 0, 0, 4, 0, 1, 0, 4, 9, 0, 0, 4, 0, 0, 0, 4, 9);[49.952820716069226, 50, 50, 50]
(0, 0.0, 0, 0, 4, 0, 1, 0, 4, 9, 0, 0, 4, 0, 0, 0, 4, 9);[49.95279213164406, 50, 50, 50]
(0, 0.0, 0, 0, 5, 0, 0, 0, 4, 9, 0, 0, 4, 0, 0, 0, 4, 9);[49.95004848683623, 50, 50, 50]
(0, 1.0, 0, 0, 5, 0, 0, 0, 4, 9, 0, 0, 4, 0, 0, 0, 4, 9);[49.95, 50, 50, 50]
(0, 1.0, 0, 0, 5, 0, 0, 0, 4, 9, 0, 0, 5, 0, 0, 0, 4, 9);[49.95, 49.95274002043154, 49.95829846849182, 50]
(1, 0.0, 0, 0, 5, 0, 0, 0, 4, 9, 0, 0, 5, 0, 0, 0, 4, 9);[49.95225306534808, 49.95660407028728, 50, 50]
(1, 1.0, 0, 0, 5, 0, 0, 0, 4, 9, 0, 0, 5, 0, 0, 0, 4, 9);[49.9561600197011, 50, 50, 50]
(0, 0.0, 0, 0, 5, 0, 0, 0, 4, 9, 0, 0, 5, 0, 0, 0, 4, 9);[49.95486557628068, 50, 50, 50]
(0, 0.0, 0, 0, 5, 0, 1, 0, 4, 9, 0, 0, 5, 0, 0, 0, 4, 9);[49.95865115937575, 50, 50, 50]
(0, 1.0, 0, 0, 5, 0, 2, 0, 4, 9, 0, 0, 5, 0, 0, 0, 4, 9);[49.956657104012024, 50, 50, 50]
(0, 1.0, 0, 0, 5, 0, 1, 0, 4, 9, 0, 0, 5, 0, 0, 0, 4, 9);[49.95237315613785, 50, 50, 50]
(2, 0.0, 0, 0, 5, 0, 0, 1, 4, 9, 0, 0, 3, 0, 0, 0, 3, 9);[49.96426800877481, 50, 50, 50]
(2, 0.0, 0, 0, 4, 0, 0, 2, 3, 9, 0, 0, 1, 0, 0, 0, 0, 9);[49.96497596380493, 50, 50, 50]
(2, 1.0, 0, 0, 2, 0, 0, 2, 1, 9, 0, 0, 0, 0, 0, 0, 0, 9);[49.95736802210133, 50, 50, 50]
(0, 0.0, 0, 0, 2, 0, 0, 2, 1, 9, 0, 0, 0, 0, 0, 2, 0, 9);[49.950103632441845, 50, 50, 50]
(0, 0.0, 0, 0, 2, 0, 0, 2, 1, 9, 0, 0, 1, 0, 0, 2, 1, 9);[49.95000043383944, 50, 50, 50]
(0, 1.0, 0, 0, 2, 0, 0, 2, 1, 9, 0, 0, 2, 0, 0, 2, 1, 9);[49.95, 49.95451408648765, 50, 50]
(1, 0.0, 0, 0, 2, 0, 0, 2, 2, 9, 0, 0, 2, 0, 0, 1, 1, 9);[49.95510365457773, 50, 50, 50]
(1, 0.0, 0, 0, 2, 0, 0, 1, 2, 9, 0, 0, 2, 0, 0, 0, 1, 9);[49.95000081107815, 50, 50, 50]
(1, 1.0, 0, 0, 2, 0, 0, 0, 2, 9, 0, 0, 2, 0, 0, 0, 2, 9);[49.959581295785185, 50, 50, 50]
(0, 0.0, 0, 0, 2, 0, 1, 0, 2, 9, 0, 0, 2, 0, 0, 0, 2, 9);[49.95655171138344, 49.95, 50, 50]
(0, 1.0, 0, 0, 2, 0, 0, 0, 2, 9, 0, 0, 2, 0, 0, 0, 2, 9);[49.956770639634996, 50, 50, 50]
(0, 1.0, 0, 0, 2, 0, 1, 0, 2, 9, 0, 0, 2, 0, 0, 0, 2, 9);[49.96492557524343, 50, 50, 50]
(0, 1.0, 0, 0, 2, 0, 2, 0, 2, 9, 0, 0, 2, 0, 0, 0, 2, 9);[49.96089622972267, 49.9552659116377, 50, 50]
(1, 0.0, 0, 0, 2, 0, 2, 0, 2, 9, 0, 0, 2, 0, 0, 0, 2, 9);[49.9529602749151, 50, 50, 50]
(1, 0.0, 0, 0, 2, 0, 2, 0, 2, 9, 0, 0, 2, 0, 1, 0, 2, 9);[49.95000776855884, 50, 50, 50]
(1, 1.0, 0, 0, 2, 0, 2, 0, 2, 9, 0, 0, 2, 0, 2, 0, 2, 9);[49.95408760142423, 50, 50, 50]
(0, 0.0, 0, 0, 2, 0, 1, 0, 3, 9, 0, 0, 2, 0, 0, 0, 2, 9);[49.954989203552365, 50, 50, 50]
(0, 0.0, 0, 0, 2, 0, 0, 0, 3, 9, 0, 0, 2, 0, 0, 0, 2, 9);[49.96011731970906, 50, 50, 50]
(0, 1.0, 1, 0, 2, 0, 0, 0, 4, 9, 0, 0, 2, 0, 0, 0, 3, 9);[49.96168109060297, 49.95220241573272, 50, 50]
(1, 0.0, 0, 0, 2, 0, 0, 0, 4, 9, 0, 0, 2, 0, 0, 0, 3, 9);[49.95287039552527, 50, 50, 50]
(1, 0.0, 1, 0, 2, 0, 0, 0, 4, 9, 0, 0, 2, 0, 0, 0, 4, 9);[49.952799510600066, 50, 50, 50]
(1, 1.0, 1, 0, 2, 0, 0, 0, 4, 9, 0, 0, 2, 0, 0, 0, 4, 9);[49.95090530601726, 50, 50, 50]
(0, 0.0, 0, 0, 2, 0, 0, 0, 4, 9, 0, 0, 2, 0, 0, 0, 4, 9);[49.95543396443253, 50, 50, 50]
(0, 0.0, 0, 0, 2, 0, 1, 0, 4, 9, 0, 0, 2, 0, 0, 0, 4, 9);[49.95593524250097, 50, 50, 50]
(0, 1.0, 0, 0, 2, 0, 1, 0, 4, 9, 0, 0, 2, 0, 0, 0, 4, 9);[49.95, 50, 50, 50]
(0, 1.0, 0, 0, 2, 0, 0, 0, 4, 9, 0, 0, 2, 0, 0, 0, 4, 9);[49.95, 49.95, 50, 50]
(1, 0.0, 0, 0, 2, 0, 0, 0, 4, 9, 0, 0, 2, 0, 0, 0, 4, 9);[49.95, 49.95597125272333, 50, 50]
(1, 1.0, 0, 0, 2, 0, 0, 0, 4, 9, 0, 0, 2, 0, 0, 0, 4, 9);[49.96256917428037, 50, 50, 50]
(0, 0.0, 0, 0, 4, 0, 0, 0, 4, 9, 0, 0, 2, 0, 0, 0, 4, 9);[49.957510430481605, 49.9546626263876, 50, 50]
(0, 1.0, 0, 0, 4, 0, 0, 0, 5, 9, 0, 0, 4, 0, 0, 0, 4, 9);[49.95010036726545, 49.952683267655445, 50, 50]
(1, 0.0, 0, 0, 4, 0, 0, 0, 5, 9, 0, 0, 4, 0, 0, 0, 5, 9);[49.95371284394807, 49.95259070826772, 49.95, 49.95]
(1, 1.0, 0, 0, 4, 0, 0, 0, 5, 9, 0, 0, 4, 0, 0, 0, 5, 9);[49.95, 49.95, 49.95190894405073, 50]
(0, 0.0, 0, 0, 4, 0, 0, 0, 5, 9, 0, 0, 4, 0, 0, 0, 5, 9);[49.95, 49.95, 50, 50]
(0, 1.0, 0, 0, 4, 0, 0, 0, 5, 9, 0, 0, 4, 0, 0, 0, 5, 9);[49.95, 49.95, 50, 50]
(2, 0.0, 0, 0, 4, 0, 0, 0, 4, 9, 0, 0, 2, 0, 0, 0, 3, 9);[49.963364092550144, 50, 50, 50]
(2, 0.0, 0, 0, 2, 0, 0, 0, 4, 9, 0, 0, 0, 0, 0, 0, 1, 9);[49.966286696412176, 50, 50, 50]
(2, 1.0, 0, 0, 1, 0, 0, 0, 3, 9, 0, 0, 0, 0, 0, 0, 0, 9);[49.96337370305272, 50, 50, 50]
(0, 0.0, 1, 0, 1, 0, 0, 0, 3, 9, 0, 0, 0, 0, 0, 0, 0, 9);[49.95980170097816, 50, 50, 50]
(0, 0.0, 1, 0, 1, 0, 0, 0, 3, 9, 0, 0, 1, 0, 0, 0, 2, 9);[49.959693252230466, 50, 50, 50]
(0, 1.0, 1, 0, 1, 0, 0, 0, 3, 9, 0, 0, 1, 0, 0, 0, 3, 9);[49.96253365424769, 49.96291180270883, 50, 50]
(1, 0.0, 1, 0, 1, 1, 0, 0, 3, 9, 0, 0, 1, 0, 0, 0, 3, 9);[49.95815164933171, 50, 50, 50]
(1, 0.0, 1, 0, 1, 1, 0, 0, 3, 9, 1, 0, 1, 0, 0, 0, 3, 9);[49.95050266954803, 50, 50, 50]
(1, 1.0, 1, 0, 1, 1, 0, 0, 3, 9, 1, 0, 1, 1, 0, 0, 3, 9);[49.950818933964904, 50, 50, 50]
(0, 0.0, 0, 0, 1, 1, 0, 0, 3, 9, 0, 0, 1, 1, 0, 0, 3, 9);[49.95, 49.95, 50, 50]
(0, 1.0, 0, 0, 1, 1, 0, 0, 3, 9, 0, 0, 1, 1, 0, 0, 3, 9);[49.95, 49.95, 50, 50]
(1, 0.0, 0, 0, 1, 1, 0, 0, 3, 9, 0, 0, 1, 1, 0, 0, 3, 9);[49.9548172623279, 50, 50, 50]
(1, 0.0, 0, 0, 1, 1, 0, 0, 4, 9, 0, 0, 1, 1, 0, 0, 3, 9);[49.954740964432766, 50, 50, 50]
(1, 1.0, 0, 0, 1, 1, 0, 0, 4, 9, 0, 0, 1, 1, 0, 0, 3, 9);[49.95007953241468, 50, 50, 50]
(0, 0.0, 0, 0, 1, 1, 0, 0, 4, 9, 0, 0, 1, 1, 0, 0, 3, 9);[49.950000209877444, 50, 50, 50]
(0, 0.0, 0, 0, 1, 1, 0, 0, 4, 9, 0, 0, 1, 1, 0, 0, 4, 9);[49.95541205200754, 50, 50, 50]
(0, 1.0, 0, 0, 1, 1, 0, 0, 4, 9, 0, 0, 1, 1, 0, 0, 4, 9);[49.958229098329994, 50, 50, 50]
(0, 1.0, 1, 0, 1, 1, 0, 0, 4, 9, 0, 0, 1, 1, 0, 0, 4, 9);[49.955177509703404, 50, 50, 50]
(0, 1.0, 0, 0, 2, 1, 0, 0, 4, 9, 0, 0, 1, 1, 0, 0, 4, 9);[49.95070520827128, 49.950000073379556, 50, 50]
(1, 0.0, 0, 0, 2, 1, 0, 0, 4, 9, 0, 0, 2, 1, 0, 0, 4, 9);[49.95, 49.95282151135114, 50, 50]
(1, 1.0, 0, 0, 2, 1, 0, 0, 4, 9, 0, 0, 2, 1, 0, 0, 4, 9);[49.95534857392585, 50, 50, 50]
(0, 0.0, 0, 0, 2, 1, 0, 0, 5, 9, 0, 0, 2, 1, 0, 0, 4, 9);[49.950181469717634, 49.957448773721595, 50, 50]
(0, 1.0, 0, 0, 4, 1, 0, 0, 5, 9, 0, 0, 2, 1, 0, 0, 5, 9);[49.96229344195477, 50, 50, 50]
(0, 1.0, 1, 0, 5, 1, 0, 0, 5, 9, 0, 0, 2, 1, 0, 0, 5, 9);[49.95670476002302, 50, 50, 50]
(0, 1.0, 0, 0, 5, 1, 0, 0, 5, 9, 0, 0, 4, 1, 0, 0, 5, 9);[49.950000643019294, 50, 50, 50]
(0, 1.0, 0, 0, 5, 1, 0, 0, 5, 9, 0, 0, 5, 1, 0, 0, 5, 9);[49.95, 49.95, 50, 50]
(1, 0.0, 0, 0, 5, 1, 0, 0, 5, 9, 0, 0, 5, 1, 0, 0, 5, 9);[49.950994416897956, 50, 50, 50]
(1, 0.0, 0, 0, 6, 1, 0, 0, 5, 9, 0, 0, 5, 1, 0, 0, 5, 9);[49.954822969480745, 50, 50, 50]
(1, 1.0, 0, 0, 6, 1, 0, 0, 6, 9, 0, 0, 6, 1, 0, 0, 5, 9);[49.95108264471601, 50, 50, 50]
(0, 0.0, 0, 0, 6, 1, 0, 0, 6, 9, 0, 0, 6, 1, 0, 0, 5, 9);[49.95000219129565, 50, 50, 50]
(0, 0.0, 0, 0, 6, 1, 0, 0, 6, 9, 0, 0, 6, 1, 0, 0, 6, 9);[49.952082000552835, 50, 50, 50]
(0, 1.0, 0, 0, 6, 1, 0, 0, 6, 9, 0, 0, 6, 1, 0, 0, 6, 9);[49.95403911385929, 49.9520425681318, 50, 50]
(1, 0.0, 0, 0, 6, 1, 0, 0, 6, 9, 0, 0, 6, 1, 0, 0, 6, 9);[49.9513483732258, 50, 50, 50]
(1, 0.0, 0, 0, 7, 1, 0, 0, 6, 9, 0, 0, 6, 1, 0, 0, 6, 9);[49.95000356955498, 50, 50, 50]
(1, 1.0, 0, 0, 7, 1, 0, 0, 6, 9, 0, 0, 7, 1, 0, 0, 6, 9);[49.950557581438055, 50, 50, 50]
(0, 0.0, 0, 0, 8, 1, 0, 0, 6, 9, 0, 0, 7, 1, 0, 0, 6, 9);[49.95, 50, 50, 50]
(0, 0.0, 0, 0, 8, 1, 0, 0, 6, 9, 0, 0, 8, 1, 0, 0, 6, 9);[49.951172690148546, 50, 50, 50]
(0, 1.0, 0, 0, 8, 1, 0, 0, 6, 9, 0, 0, 8, 1, 0, 0, 6, 9);[49.95000006846671, 49.951998749607455, 50, 50]
(1, 0.0, 0, 0, 8, 1, 0, 0, 6, 9, 0, 0, 8, 1, 0, 0, 6, 9);[49.95112463560218, 49.95035636561205, 50, 50]
(1, 1.0, 0, 0, 8, 1, 0, 0, 6, 9, 0, 0, 8, 1, 0, 0, 6, 9);[49.95358366008018, 50, 50, 50]
(0, 0.0, 0, 0, 9, 1, 1, 0, 6, 9, 0, 0, 9, 1, 0, 0, 6, 9);[49.95549161373058, 49.95239805748236, 50, 50]
(0, 1.0, 0, 0, 9, 1, 1, 0, 6, 9, 0, 0, 9, 1, 0, 0, 6, 9);[49.95179996457562, 50, 50, 50]
(0, 1.0, 0, 0, 9, 1, 0, 0, 6, 9, 0, 0, 9, 1, 0, 0, 6, 9);[49.95704008086826, 50, 50, 50]
(0, 1.0, 0, 0, 9, 1, 0, 1, 7, 9, 0, 0, 9, 1, 0, 0, 6, 9);[49.95492265594777, 50, 50, 50]
(0, 1.0, 0, 0, 9, 1, 0, 1, 8, 9, 0, 0, 9, 1, 0, 0, 6, 9);[49.951052867286116, 50, 50, 50]
(0, 1.0, 0, 0, 9, 1, 0, 1, 8, 9, 0, 0, 9, 1, 0, 0, 8, 9);[49.95375397780114, 50, 50, 50]
(0, 1.0, 0, 0, 9, 1, 1, 1, 8, 9, 0, 0, 9, 1, 0, 1, 8, 9);[49.95320909509664, 49.95368806934782, 50, 50]
(1, 0.0, 0, 0, 9, 1, 1, 1, 8, 9, 0, 0, 9, 1, 0, 0, 8, 9);[49.95176938442538, 50, 50, 50]
(1, 0.0, 0, 0, 9, 1, 1, 0, 8, 9, 0, 0, 9, 1, 1, 0, 8, 9);[49.9507562079149, 50, 50, 50]
(1, 1.0, 0, 0, 9, 1, 1, 0, 8, 9, 0, 0, 9, 1, 1, 0, 8, 9);[49.953320699582726, 50, 50, 50]
(0, 0.0, 0, 0, 9, 1, 1, 0, 8, 9, 0, 0, 9, 1, 0, 0, 8, 9);[49.95483450188859, 49.95569284935638, 50, 50]
(0, 1.0, 0, 0, 9, 1, 1, 0, 9, 9, 0, 0, 9, 1, 0, 0, 8, 9);[49.95170073478134, 50, 50, 50]
(0, 1.0, 0, 0, 9, 1, 0, 0, 9, 9, 0, 0, 9, 1, 0, 0, 9, 9);[49.95000039204278, 49.954846710216, 49.95126303477299, 50]
(1, 0.0, 0, 0, 9, 1, 1, 0, 9, 9, 0, 0, 9, 1, 0, 0, 9, 9);[49.95541096705981, 49.95128759540819, 50, 50]
(1, 1.0, 0, 0, 9, 1, 1, 0, 9, 9, 0, 0, 9, 1, 1, 0, 9, 9);[49.95052518048297, 50, 50, 50]
(0, 0.0, 0, 0, 9, 1, 1, 0, 9, 9, 0, 0, 9, 1, 0, 0, 9, 9);[49.95, 50, 50, 50]
(0, 0.0, 0, 0, 9, 1, 0, 0, 9, 9, 0, 0, 9, 1, 0, 0, 9, 9);[49.95, 50, 50, 50]
(2, 0.0, 0, 0, 8, 1, 0, 0, 9, 9, 0, 0, 7, 1, 0, 0, 8, 9);[49.955002400271766, 50, 50, 50]
(2, 0.0, 0, 0, 7, 1, 0, 0, 8, 9, 0, 0, 4, 1, 0, 0, 5, 9);[49.9584588418668, 50, 50, 50]
(2, 1.0, 0, 0, 5, 1, 0, 0, 6, 9, 0, 0, 2, 1, 0, 0, 3, 9);[49.96560939749632, 50, 50, 50]
(0, 0.0, 0, 0, 5, 1, 0, 0, 6, 9, 0, 0, 0, 1, 0, 0, 1, 9);[49.966814858537006, 50, 50, 50]
(0, 0.0, 0, 0, 5, 1, 1, 0, 6, 9, 0, 0, 1, 1, 0, 0, 2, 9);[49.95792803893709, 50, 50, 50]
(0, 1.0, 0, 0, 5, 1, 1, 0, 7, 9, 0, 0, 4, 1, 0, 0, 3, 9);[49.95060221854442, 50, 50, 50]
(0, 1.0, 0, 0, 5, 1, 0, 0, 7, 9, 0, 0, 5, 1, 0, 0, 5, 9);[49.950043390798164, 50, 50, 50]
(0, 1.0, 0, 0, 5, 1, 0, 0, 7, 9, 0, 0, 5, 1, 0, 0, 6, 9);[49.95000056129314, 50, 50, 50]
(0, 1.0, 0, 0, 5, 1, 0, 0, 7, 9, 0, 0, 5, 1, 0, 0, 7, 9);[49.95000002133766, 49.95351697689396, 50, 50]
(1, 0.0, 0, 0, 5, 1, 0, 0, 8, 9, 0, 0, 5, 1, 0, 0, 7, 9);[49.950066782208395, 50, 50, 50]
(1, 0.0, 0, 0, 5, 1, 0, 0, 8, 9, 0, 0, 5, 1, 0, 0, 8, 9);[49.953670987512425, 50, 50, 50]
(1, 1.0, 0, 0, 6, 1, 0, 0, 8, 9, 0, 0, 5, 1, 0, 0, 8, 9);[49.95393854202667, 50, 50, 50]
(0, 0.0, 0, 0, 6, 1, 0, 0, 8, 9, 0, 0, 6, 1, 0, 0, 8, 9);[49.95530159460022, 50, 50, 50]
(0, 0.0, 0, 0, 6, 1, 1, 0, 8, 9, 0, 0, 6, 1, 0, 0, 8, 9);[49.95327760452563, 50, 50, 50]
(0, 1.0, 0, 0, 6, 1, 1, 0, 8, 9, 0, 0, 6, 1, 0, 0, 8, 9);[49.95, 50, 50, 50]
(0, 1.0, 0, 0, 6, 1, 0, 0, 8, 9, 0, 0, 6, 1, 0, 0, 8, 9);[49.95194590350256, 49.95190242359847, 50, 50]
(1, 0.0, 0, 0, 6, 1, 0, 0, 8, 9, 0, 0, 6, 1, 0, 0, 8, 9);[49.95, 49.95102123719458, 50, 50]
(1, 1.0, 0, 0, 6, 1, 0, 0, 9, 9, 0, 0, 6, 1, 0, 0, 8, 9);[49.95485826428603, 50, 50, 50]
(0, 0.0, 0, 0, 6, 1, 1, 0, 9, 9, 0, 0, 6, 1, 0, 0, 9, 9);[49.95940418763323, 49.95, 50, 50]
(0, 0.0, 0, 0, 6, 1, 2, 1, 9, 9, 0, 0, 6, 1, 0, 0, 9, 9);[49.95495634288107, 50, 50, 50]
(0, 1.0, 0, 0, 6, 1, 1, 1, 9, 9, 0, 0, 6, 1, 0, 0, 9, 9);[49.955102744261765, 50, 50, 50]
(0, 1.0, 0, 0, 6, 1, 1, 1, 9, 9, 0, 0, 6, 1, 0, 1, 9, 9);[49.957899652895705, 49.95352593985976, 50, 50]
(1, 0.0, 0, 0, 6, 1, 1, 0, 9, 9, 0, 0, 6, 1, 0, 0, 9, 9);[49.950012615562045, 49.95025981869756, 49.95000091910856, 50]
(1, 0.0, 0, 0, 6, 1, 1, 0, 9, 9, 0, 0, 6, 1, 1, 0, 9, 9);[49.953258229575574, 50, 50, 50]
(1, 1.0, 0, 0, 6, 1, 2, 0, 9, 9, 0, 0, 6, 1, 1, 0, 9, 9);[49.95768401643251, 50, 50, 50]
(0, 0.0, 0, 0, 6, 1, 4, 0, 9, 9, 0, 0, 6, 1, 0, 0, 9, 9);[49.955438964743124, 50, 50, 50]
(0, 0.0, 0, 0, 6, 1, 3, 0, 9, 9, 0, 0, 6, 1, 0, 0, 9, 9);[49.9536716163334, 50, 50, 50]
(0, 1.0, 0, 0, 6, 1, 1, 0, 9, 9, 0, 0, 6, 1, 0, 0, 9, 9);[49.951862923172214, 49.957650015741535, 50, 50]
(0, 1.0, 0, 0, 6, 1, 0, 0, 9, 9, 0, 0, 6, 1, 0, 0, 9, 9);[49.95780447520429, 50, 50, 50]
(1, 1.0, 0, 0, 6, 1, 1, 0, 9, 9, 0, 0, 6, 1, 1, 0, 9, 9);[49.95045191960989, 50, 50, 50]
(0, 0.0, 0, 0, 6, 1, 0, 0, 9, 9, 0, 0, 6, 1, 0, 0, 9, 9);[49.95093908875752, 50, 50, 50]
(0, 1.0, 0, 0, 7, 1, 0, 0, 9, 9, 0, 0, 6, 1, 0, 0, 9, 9);[49.95000022200076, 50, 50, 50]
(0, 1.0, 0, 0, 7, 1, 0, 0, 9, 9, 0, 0, 7, 1, 0, 0, 9, 9);[49.95, 49.95667785044909, 49.95126987115414, 50]
(1, 0.0, 0, 0, 7, 1, 1, 0, 9, 9, 0, 0, 7, 1, 0, 0, 9, 9);[49.95819260270103, 49.955825556214315, 50, 50]
(1, 1.0, 2, 0, 7, 1, 1, 0, 9, 9, 0, 0, 7, 1, 0, 0, 9, 9);[49.95763652585853, 50, 50, 50]
(0, 0.0, 2, 0, 7, 1, 1, 0, 9, 9, 0, 0, 7, 1, 0, 0, 9, 9);[49.95448817868609, 50, 50, 50]
(0, 0.0, 1, 0, 7, 1, 0, 0, 9, 9, 0, 0, 7, 1, 0, 0, 9, 9);[49.95, 50, 50, 50]
(2, 0.0, 0, 0, 6, 1, 0, 0, 9, 9, 0, 0, 5, 1, 0, 0, 8, 9);[49.955382203956496, 50, 50, 50]
(2, 0.0, 0, 0, 5, 1, 0, 0, 8, 9, 0, 0, 2, 1, 0, 0, 5, 9);[49.96016016135992, 50, 50, 50]
(2, 1.0, 0, 0, 4, 1, 0, 0, 6, 9, 0, 0, 0, 1, 0, 0, 3, 9);[49.96466134899943, 50, 50, 50]
(0, 0.0, 0, 0, 4, 1, 0, 0, 6, 9, 0, 0, 0, 1, 0, 0, 1, 9);[49.96605321584832, 50, 50, 50]
(0, 0.0, 0, 0, 4, 1, 1, 0, 6, 9, 0, 0, 2, 1, 0, 0, 2, 9);[49.95984444147225, 50, 50, 50]
(0, 1.0, 0, 0, 4, 1, 1, 0, 8, 9, 0, 0, 4, 1, 0, 0, 3, 9);[49.95181966409351, 50, 50, 50]
(0, 1.0, 0, 0, 4, 1, 0, 0, 8, 9, 0, 0, 4, 1, 0, 0, 5, 9);[49.95057135481205, 50, 50, 50]
(0, 1.0, 0, 0, 4, 1, 0, 0, 9, 9, 0, 0, 4, 1, 0, 0, 6, 9);[49.95005694707161, 50, 50, 50]
(0, 1.0, 0, 0, 4, 1, 0, 0, 9, 9, 0, 0, 4, 1, 0, 0, 9, 9);[49.950001744263794, 49.95000001938189, 49.951232736283565, 50]
(1, 0.0, 0, 0, 4, 1, 0, 0, 9, 9, 0, 0, 4, 1, 0, 0, 9, 9);[49.95, 49.95212381112964, 50, 50]
(1, 1.0, 0, 0, 4, 1, 0, 0, 9, 9, 0, 0, 4, 1, 0, 0, 9, 9);[49.95390828227284, 50, 50, 50]
(0, 0.0, 0, 0, 4, 1, 0, 0, 9, 9, 0, 0, 4, 1, 0, 0, 9, 9);[49.95545056443807, 50, 50, 50]
(0, 0.0, 0, 0, 4, 1, 1, 0, 9, 9, 0, 0, 4, 1, 0, 0, 9, 9);[49.955072606122044, 50, 50, 50]
(0, 1.0, 0, 0, 4, 1, 1, 0, 9, 9, 0, 0, 4, 1, 0, 0, 9, 9);[49.95164275068503, 50, 50, 50]
(2, 0.0, 0, 0, 3, 1, 0, 0, 9, 9, 0, 0, 2, 1, 0, 0, 8, 9);[49.95609933654019, 50, 50, 50]
(2, 0.0, 0, 0, 2, 1, 0, 0, 9, 9, 0, 0, 0, 1, 0, 0, 6, 9);[49.95714689256623, 50, 50, 50]
(2, 1.0, 1, 0, 0, 1, 0, 0, 9, 9, 0, 0, 0, 1, 0, 0, 5, 9);[49.95337125982941, 50, 50, 50]
(0, 0.0, 0, 0, 0, 1, 0, 0, 9, 9, 0, 0, 0, 1, 0, 0, 5, 9);[49.95300781281294, 49.95249248080365, 50, 50]
(0, 1.0, 0, 0, 0, 1, 0, 0, 9, 9, 0, 0, 0, 1, 0, 0, 7, 9);[49.95448851139709, 50, 50, 50]
(0, 1.0, 0, 1, 0, 1, 0, 0, 9, 9, 0, 0, 0, 1, 0, 0, 9, 9);[49.95445937352195, 49.956880766437635, 50, 50]
(1, 0.0, 0, 0, 0, 1, 1, 0, 9, 9, 0, 0, 0, 1, 0, 0, 9, 9);[49.95584836337065, 49.951971713135265, 50, 50]
(1, 1.0, 0, 0, 0, 1, 1, 0, 9, 9, 0, 0, 0, 1, 0, 0, 9, 9);[49.955162579965815, 50, 50, 50]
(0, 0.0, 0, 0, 0, 1, 1, 1, 9, 9, 0, 0, 0, 1, 1, 0, 9, 9);[49.95909426276647, 50, 50, 50]
(0, 0.0, 0, 0, 0, 1, 2, 1, 9, 9, 0, 0, 0, 1, 1, 0, 9, 9);[49.95552324475045, 50, 50, 50]
(0, 1.0, 0, 0, 0, 1, 2, 2, 9, 9, 0, 0, 0, 1, 1, 0, 9, 9);[49.95367356101052, 50, 50, 50]
(0, 1.0, 1, 0, 0, 1, 2, 2, 9, 9, 0, 0, 0, 1, 2, 1, 9, 9);[49.96174942436709, 50, 50, 50]
(0, 1.0, 2, 0, 0, 1, 4, 2, 9, 9, 0, 0, 0, 1, 2, 2, 9, 9);[49.957066121198466, 50, 50, 50]
(0, 1.0, 1, 0, 0, 1, 4, 2, 9, 9, 0, 0, 0, 1, 2, 2, 9, 9);[49.95354651123567, 50, 50, 50]
(0, 1.0, 1, 0, 0, 1, 4, 2, 9, 9, 0, 0, 0, 1, 4, 2, 9, 9);[49.95175858244833, 50, 50, 50]
(0, 1.0, 0, 0, 0, 1, 4, 2, 9, 9, 0, 0, 0, 1, 4, 2, 9, 9);[49.95, 49.95064500652564, 50, 50]
(1, 0.0, 0, 0, 0, 1, 4, 1, 9, 9, 0, 0, 0, 1, 4, 0, 9, 9);[49.951018525261865, 50, 50, 50]
(1, 0.0, 0, 0, 0, 1, 4, 0, 9, 9, 0, 0, 0, 1, 4, 0, 9, 9);[49.95, 50, 50, 50]
(1, 1.0, 0, 0, 0, 1, 4, 0, 9, 9, 0, 0, 0, 1, 4, 0, 9, 9);[49.95, 50, 50, 50]
(0, 0.0, 0, 0, 0, 1, 4, 0, 9, 9, 0, 0, 0, 1, 4, 0, 9, 9);[49.95, 49.955257199064775, 50, 50]
(0, 1.0, 0, 0, 0, 1, 6, 0, 9, 9, 0, 0, 0, 1, 4, 0, 9, 9);[49.95053703489354, 49.951209144535596, 50, 50]
(1, 0.0, 0, 0, 0, 2, 6, 0, 9, 9, 0, 0, 0, 1, 6, 0, 9, 9);[49.95692509228459, 50, 50, 50]
(1, 0.0, 0, 0, 0, 3, 6, 0, 9, 9, 0, 0, 0, 1, 6, 0, 9, 9);[49.95302860413709, 50, 50, 50]
(1, 1.0, 0, 0, 0, 3, 6, 0, 9, 9, 0, 0, 0, 1, 6, 0, 9, 9);[49.950016527163285, 50, 50, 50]
(0, 0.0, 0, 0, 0, 3, 6, 0, 9, 9, 0, 0, 0, 2, 6, 0, 9, 9);[49.95, 50, 50, 50]
(0, 0.0, 0, 0, 0, 3, 6, 0, 9, 9, 0, 0, 0, 3, 6, 0, 9, 9);[49.95, 50, 50, 50]
(0, 1.0, 0, 0, 0, 3, 6, 0, 9, 9, 0, 0, 0, 3, 6, 0, 9, 9);[49.95, 49.952988882769084, 50, 50]
(1, 0.0, 0, 0, 0, 3, 6, 0, 9, 9, 0, 0, 0, 3, 6, 0, 9, 9);[49.95432932698799, 50, 50, 50]
(1, 0.0, 0, 0, 0, 3, 8, 0, 9, 9, 0, 0, 0, 3, 6, 0, 9, 9);[49.9507681263719, 50, 50, 50]
(1, 1.0, 0, 0, 0, 3, 8, 0, 9, 9, 0, 0, 0, 3, 7, 0, 9, 9);[49.95000003263575, 50, 50, 50]
(0, 0.0, 0, 0, 0, 3, 8, 0, 9, 9, 0, 0, 0, 3, 8, 0, 9, 9);[49.95, 49.95, 49.9516193768564, 50]
(0, 1.0, 0, 0, 0, 3, 8, 0, 9, 9, 0, 0, 0, 3, 8, 0, 9, 9);[49.95, 49.95, 50, 50]
(1, 0.0, 0, 0, 0, 3, 8, 0, 9, 9, 0, 0, 0, 3, 8, 0, 9, 9);[49.95, 49.95, 50, 50]
(1, 1.0, 0, 0, 0, 3, 8, 0, 9, 9, 0, 0, 0, 3, 8, 0, 9, 9);[49.95280581847888, 50, 50, 50]
(0, 0.0, 0, 0, 0, 3, 9, 0, 9, 9, 0, 0, 0, 3, 8, 0, 9, 9);[49.95000002821804, 50, 50, 50]
(0, 1.0, 0, 0, 0, 3, 9, 0, 9, 9, 0, 0, 0, 3, 9, 0, 9, 9);[49.95, 49.95000001439078, 49.95320720508042, 49.95107944907745]
(1, 0.0, 0, 0, 0, 3, 9, 0, 9, 9, 0, 0, 0, 3, 9, 0, 9, 9);[49.95, 49.95, 50, 50]
(1, 1.0, 0, 0, 0, 3, 9, 0, 9, 9, 0, 0, 0, 3, 9, 0, 9, 9);[49.95, 50, 50, 50]
(0, 0.0, 0, 0, 0, 3, 9, 0, 9, 9, 0, 0, 0, 3, 9, 0, 9, 9);[49.95, 49.951580138885554, 49.95, 49.95]
(2, 0.0, 1, 0, 0, 3, 9, 0, 9, 9, 0, 0, 0, 3, 9, 0, 9, 9);[49.95047145476034, 49.95000037809859, 50, 50]
(2, 1.0, 1, 0, 0, 3, 9, 0, 9, 9, 1, 0, 0, 3, 9, 0, 9, 9);[49.95037163966147, 50, 50, 50]
(3, 0.0, 0, 0, 0, 2, 9, 0, 9, 9, 0, 0, 0, 1, 9, 0, 9, 8);[49.954436367663284, 50, 50, 50]
(3, 0.0, 0, 0, 0, 1, 9, 0, 9, 8, 0, 0, 0, 0, 9, 0, 9, 5);[49.95422241323824, 50, 50, 50]
(3, 1.0, 0, 0, 0, 0, 9, 0, 9, 6, 0, 0, 0, 0, 9, 0, 9, 2);[49.955590293932715, 50, 50, 50]
(0, 0.0, 0, 0, 0, 0, 9, 0, 9, 6, 0, 0, 0, 0, 9, 0, 9, 0);[49.954981762393516, 50, 50, 50]
(0, 0.0, 0, 0, 0, 0, 9, 0, 9, 6, 0, 0, 0, 0, 9, 0, 9, 2);[49.955641907862656, 50, 50, 50]
(0, 1.0, 0, 0, 0, 0, 9, 0, 9, 8, 0, 0, 0, 0, 9, 0, 9, 3);[49.95584417697222, 50, 50, 50]
(0, 1.0, 1, 0, 0, 0, 9, 0, 9, 9, 0, 0, 0, 0, 9, 0, 9, 5);[49.95218464406454, 50, 50, 50]
(0, 1.0, 0, 0, 0, 0, 9, 0, 9, 9, 0, 0, 0, 0, 9, 0, 9, 8);[49.95003186876561, 50, 50, 50]
(0, 1.0, 0, 0, 0, 0, 9, 0, 9, 9, 0, 0, 0, 0, 9, 0, 9, 9);[49.95000106909988, 49.950000019040154, 50, 50]
(1, 0.0, 0, 0, 0, 0, 9, 0, 9, 9, 0, 0, 0, 0, 9, 0, 9, 9);[49.95, 49.95176683567195, 50, 50]
(1, 1.0, 0, 0, 0, 0, 9, 0, 9, 9, 0, 0, 0, 0, 9, 0, 9, 9);[49.953625315623825, 50, 50, 50]
(0, 0.0, 1, 0, 0, 0, 9, 0, 9, 9, 0, 0, 0, 0, 9, 0, 9, 9);[49.951778550885166, 50, 50, 50]
(0, 0.0, 0, 0, 0, 0, 9, 0, 9, 9, 0, 0, 0, 0, 9, 0, 9, 9);[49.95058587725982, 50, 50, 50]
(0, 1.0, 0, 0, 0, 0, 8, 0, 9, 9, 0, 0, 0, 0, 7, 0, 9, 9);[49.95168077333569, 50, 50, 50]
(0, 1.0, 0, 0, 0, 0, 8, 0, 9, 9, 0, 0, 0, 0, 4, 0, 9, 9);[49.95287387781767, 50, 50, 50]
(0, 1.0, 0, 0, 0, 0, 7, 0, 9, 9, 0, 0, 0, 0, 2, 0, 9, 9);[49.95606154697977, 50, 50, 50]
(0, 1.0, 0, 0, 0, 0, 6, 0, 9, 9, 0, 0, 0, 0, 0, 0, 9, 9);[49.95685507488563, 50, 50, 50]
(0, 1.0, 0, 0, 0, 0, 4, 0, 9, 9, 0, 0, 0, 0, 0, 0, 9, 9);[49.95889242129177, 50, 50, 50]
(0, 1.0, 0, 0, 0, 0, 3, 0, 9, 9, 0, 0, 0, 0, 0, 0, 9, 9);[49.958935321125075, 50, 50, 50]
(0, 1.0, 0, 0, 0, 0, 2, 0, 9, 9, 0, 0, 0, 0, 0, 0, 9, 9);[49.95929860901592, 50, 50, 50]
(0, 1.0, 0, 0, 0, 0, 1, 0, 9, 9, 0, 0, 0, 0, 0, 0, 9, 9);[49.956578062788324, 49.96019738706056, 50, 50]
(0, 1.0, 0, 0, 0, 0, 0, 0, 9, 9, 0, 0, 0, 0, 0, 0, 9, 9);[49.95656319065393, 50, 50, 50]
(1, 0.0, 0, 0, 0, 0, 3, 0, 9, 9, 0, 0, 0, 0, 0, 0, 9, 9);[49.95631947961007, 50, 50, 50]
(1, 0.0, 0, 0, 0, 0, 4, 0, 9, 9, 0, 0, 0, 0, 1, 0, 9, 9);[49.95247910499627, 50, 50, 50]
(1, 1.0, 0, 0, 0, 0, 4, 0, 9, 9, 0, 0, 0, 0, 2, 0, 9, 9);[49.95208517427575, 50, 50, 50]
(0, 0.0, 0, 0, 1, 0, 4, 0, 9, 9, 0, 0, 0, 0, 4, 0, 9, 9);[49.951980450161514, 49.95073972123687, 50, 50]
(0, 1.0, 0, 0, 1, 0, 4, 0, 9, 9, 0, 0, 0, 0, 4, 0, 9, 9);[49.95000031922636, 50, 50, 50]
(0, 1.0, 0, 0, 1, 0, 4, 0, 9, 9, 0, 0, 1, 0, 4, 0, 9, 9);[49.955990918712025, 50, 50, 50]
(0, 1.0, 0, 0, 1, 0, 5, 0, 9, 9, 0, 0, 1, 0, 4, 0, 9, 9);[49.956245438437335, 50, 50, 50]
(0, 1.0, 0, 0, 1, 0, 6, 0, 9, 9, 0, 0, 1, 0, 4, 0, 9, 9);[49.95632366831204, 50, 50, 50]
(0, 1.0, 0, 0, 1, 0, 7, 0, 9, 9, 0, 0, 1, 0, 5, 0, 9, 9);[49.95330922723321, 50, 50, 50]
(0, 1.0, 0, 0, 1, 0, 8, 0, 9, 9, 0, 0, 1, 0, 6, 0, 9, 9);[49.956302745955625, 50, 50, 50]
(0, 1.0, 0, 0, 2, 0, 8, 1, 9, 9, 0, 0, 1, 0, 8, 0, 9, 9);[49.951278954823664, 49.95, 50, 50]
(1, 0.0, 0, 0, 2, 0, 8, 1, 9, 9, 0, 0, 2, 0, 8, 1, 9, 9);[49.95, 49.95, 50, 50]
(1, 1.0, 0, 0, 2, 0, 8, 1, 9, 9, 0, 0, 2, 0, 8, 1, 9, 9);[49.951308942009994, 50, 50, 50]
(0, 0.0, 0, 0, 2, 0, 8, 1, 9, 9, 0, 0, 2, 0, 8, 1, 9, 9);[49.95330721612556, 49.95130664922377, 50, 50]
(0, 1.0, 0, 0, 2, 0, 8, 1, 9, 9, 0, 0, 2, 0, 8, 1, 9, 9);[49.95164903099875, 49.95170217071626, 50, 50]
(1, 0.0, 0, 0, 2, 0, 8, 2, 9, 9, 0, 0, 2, 0, 8, 1, 9, 9);[49.953828667940336, 50, 50, 50]
(1, 0.0, 0, 0, 2, 0, 8, 3, 9, 9, 0, 0, 2, 0, 8, 1, 9, 9);[49.95323373553189, 50, 50, 50]
(1, 1.0, 0, 0, 2, 0, 8, 4, 9, 9, 0, 0, 2, 0, 8, 1, 9, 9);[49.9524740050538, 50, 50, 50]
(0, 0.0, 0, 0, 3, 0, 8, 4, 9, 9, 0, 0, 2, 0, 8, 3, 9, 9);[49.95069195468821, 50, 50, 50]
(0, 0.0, 0, 0, 3, 0, 9, 4, 9, 9, 0, 0, 2, 0, 9, 4, 9, 9);[49.950000714578096, 50, 50, 50]
(0, 1.0, 0, 0, 3, 0, 9, 4, 9, 9, 0, 0, 3, 0, 9, 4, 9, 9);[49.95142635322633, 49.95245112821837, 50, 50]
(1, 0.0, 0, 0, 3, 0, 9, 4, 9, 9, 0, 0, 3, 0, 9, 4, 9, 9);[49.951469260418854, 50, 50, 50]
(1, 0.0, 0, 0, 4, 0, 9, 4, 9, 9, 0, 0, 3, 0, 9, 4, 9, 9);[49.951294122253614, 50, 50, 50]
(1, 1.0, 0, 0, 4, 0, 9, 4, 9, 9, 0, 0, 3, 0, 9, 4, 9, 9);[49.95113103384016, 50, 50, 50]
(0, 0.0, 0, 0, 4, 0, 9, 4, 9, 9, 0, 0, 4, 0, 9, 4, 9, 9);[49.952294478161484, 50, 50, 50]
(0, 0.0, 0, 0, 5, 0, 9, 4, 9, 9, 0, 0, 4, 0, 9, 4, 9, 9);[49.95018336921682, 50, 50, 50]
(0, 1.0, 0, 0, 5, 0, 9, 4, 9, 9, 0, 0, 4, 0, 9, 4, 9, 9);[49.95000044335288, 50, 50, 50]
(0, 1.0, 0, 0, 5, 0, 9, 4, 9, 9, 0, 0, 5, 0, 9, 4, 9, 9);[49.953128159914236, 49.95, 49.90832184273324, 49.950341052727]
(0, 1.0, 1, 0, 5, 0, 9, 4, 9, 9, 0, 0, 5, 0, 9, 4, 9, 9);[49.953410113099295, 49.9506383184324, 50, 50]
(1, 0.0, 1, 0, 5, 0, 9, 4, 9, 9, 0, 0, 5, 0, 9, 4, 9, 9);[49.952455579035835, 50, 50, 50]
(1, 0.0, 2, 0, 5, 0, 9, 4, 9, 9, 1, 0, 5, 0, 9, 4, 9, 9);[49.95201320144153, 50, 50, 50]
(1, 1.0, 2, 0, 5, 0, 9, 4, 9, 9, 1, 0, 5, 0, 9, 4, 9, 9);[49.951114085314636, 50, 50, 50]
(0, 0.0, 1, 0, 5, 0, 9, 4, 9, 9, 0, 0, 5, 0, 9, 4, 9, 9);[49.95076739289846, 50, 50, 50]
(0, 0.0, 0, 0, 5, 0, 9, 4, 9, 9, 0, 0, 5, 0, 9, 4, 9, 9);[49.95, 49.951307538813424, 49.951360731587386, 50]
(1, 0.0, 0, 0, 5, 0, 9, 4, 9, 9, 0, 0, 5, 0, 9, 4, 9, 9);[49.901409723361695, 49.907709397741186, 49.95, 49.95]
(1, 1.0, 0, 0, 5, 0, 9, 4, 9, 9, 0, 0, 5, 0, 9, 4, 9, 9);[49.95, 49.95, 49.95, 49.95180059085638]
(2, 0.0, 0, 0, 5, 0, 9, 4, 9, 9, 0, 0, 4, 0, 9, 4, 8, 9);[49.95392071017167, 50, 50, 50]
(2, 0.0, 0, 0, 4, 0, 9, 4, 8, 9, 0, 0, 1, 0, 9, 4, 5, 9);[49.95286926697136, 50, 50, 50]
(2, 1.0, 0, 0, 4, 0, 9, 4, 8, 9, 0, 0, 1, 0, 9, 4, 4, 9);[49.95201319876197, 50, 50, 50]
(0, 0.0, 0, 0, 4, 0, 9, 4, 8, 9, 0, 0, 3, 0, 9, 4, 3, 9);[49.951803955835906, 50, 50, 50]
(0, 0.0, 0, 0, 4, 0, 9, 4, 8, 9, 0, 0, 4, 0, 9, 4, 4, 9);[49.950952171389005, 50, 50, 50]
(0, 1.0, 0, 0, 4, 0, 9, 4, 9, 9, 0, 0, 4, 0, 9, 4, 5, 9);[49.951463514274636, 50, 50, 50]
(0, 1.0, 0, 0, 5, 0, 9, 4, 9, 9, 0, 0, 4, 0, 9, 4, 8, 9);[49.952777658878915, 50, 50, 50]
(0, 1.0, 0, 1, 5, 0, 9, 4, 9, 9, 0, 0, 4, 0, 9, 4, 9, 9);[49.95270265185147, 50, 50, 50]
(0, 1.0, 0, 1, 5, 0, 9, 4, 9, 9, 0, 0, 5, 0, 9, 4, 9, 9);[49.950062312612665, 49.95027598734491, 50, 50]
(2, 0.0, 0, 0, 5, 0, 9, 4, 9, 9, 0, 0, 5, 0, 9, 4, 9, 9);[49.95164731638177, 50, 50, 50]
(2, 0.0, 0, 0, 5, 0, 9, 4, 8, 9, 0, 0, 5, 0, 9, 4, 6, 9);[49.952375668899656, 50, 50, 50]
(2, 1.0, 0, 0, 5, 0, 9, 4, 6, 9, 0, 0, 5, 0, 9, 4, 3, 9);[49.953060075927944, 49.95667449896727, 50, 50]
(0, 0.0, 0, 0, 5, 0, 9, 4, 6, 9, 0, 0, 5, 0, 9, 4, 2, 9);[49.95466291619757, 50, 50, 50]
(0, 0.0, 0, 0, 5, 0, 9, 4, 6, 9, 0, 0, 5, 0, 9, 4, 1, 9);[49.95531054799652, 50, 50, 50]
(0, 1.0, 0, 0, 5, 0, 9, 4, 8, 9, 0, 0, 5, 0, 9, 4, 3, 9);[49.95302940140991, 50, 50, 50]
(0, 1.0, 0, 0, 5, 0, 9, 4, 9, 9, 0, 0, 5, 0, 9, 4, 5, 9);[49.950366749426166, 50, 50, 50]
(0, 1.0, 0, 0, 5, 0, 9, 4, 9, 9, 0, 0, 5, 0, 9, 4, 6, 9);[49.951360006169075, 50, 50, 50]
(0, 1.0, 0, 0, 5, 0, 9, 4, 9, 9, 0, 0, 5, 0, 9, 4, 8, 9);[49.9500015184522, 50, 50, 50]
(3, 0.0, 0, 0, 5, 0, 9, 4, 9, 9, 0, 0, 5, 0, 9, 4, 9, 8);[49.951548659125194, 49.951971388210026, 50, 50]
(3, 0.0, 0, 0, 5, 0, 9, 4, 9, 8, 0, 0, 5, 0, 9, 4, 9, 5);[49.954229052908445, 49.953045225943235, 50, 50]
(3, 1.0, 0, 0, 5, 0, 9, 4, 9, 6, 0, 0, 5, 0, 9, 4, 9, 3);[49.95680736387526, 49.95393063034508, 50, 50]
(0, 0.0, 0, 1, 5, 0, 9, 4, 9, 6, 0, 0, 5, 0, 9, 4, 9, 1);[49.95502669186542, 50, 50, 50]
(0, 0.0, 0, 1, 5, 0, 9, 4, 9, 6, 0, 0, 5, 0, 9, 4, 9, 2);[49.9524163809282, 50, 50, 50]
(0, 1.0, 0, 1, 5, 0, 9, 4, 9, 8, 0, 1, 5, 0, 9, 4, 9, 3);[49.95130771158751, 50, 50, 50]
(0, 1.0, 0, 1, 5, 0, 9, 4, 9, 8, 0, 1, 5, 0, 9, 4, 9, 5);[49.95036630458073, 50, 50, 50]
(0, 1.0, 0, 1, 5, 0, 9, 4, 9, 9, 0, 1, 5, 0, 9, 4, 9, 7);[49.95002039437949, 50, 50, 50]
(0, 1.0, 0, 1, 5, 0, 9, 4, 9, 9, 0, 1, 5, 0, 9, 4, 9, 9);[49.95000233691216, 49.94540015500473, 50, 50]
(1, 0.0, 0, 0, 5, 0, 9, 4, 9, 6, 0, 0, 5, 0, 9, 4, 9, 1);[49.95346111728141, 49.95260448508042, 50, 50]
(1, 1.0, 0, 0, 5, 0, 9, 4, 9, 8, 0, 0, 5, 0, 9, 4, 9, 3);[49.951095677960545, 50, 50, 50]
(0, 0.0, 0, 0, 5, 0, 9, 4, 9, 9, 0, 0, 5, 0, 9, 4, 9, 5);[49.950260905023185, 50, 50, 50]
(0, 0.0, 0, 0, 5, 0, 9, 4, 9, 9, 0, 0, 5, 0, 9, 4, 9, 7);[49.94538525090272, 50, 50, 50]
(2, 0.0, 0, 0, 5, 0, 9, 4, 9, 9, 0, 0, 5, 0, 9, 4, 8, 9);[49.95155284911676, 50, 50, 50]
(2, 0.0, 0, 0, 5, 0, 9, 4, 8, 9, 0, 0, 5, 0, 9, 4, 5, 9);[49.95283481822193, 50, 50, 50]
(1, 0.0, 0, 0, 5, 0, 9, 4, 6, 9, 0, 0, 5, 0, 9, 4, 1, 9);[49.956250911498884, 50, 50, 50]
(1, 0.0, 0, 0, 5, 0, 9, 4, 6, 9, 0, 0, 5, 0, 9, 4, 2, 9);[49.95431952825598, 50, 50, 50]
(1, 1.0, 0, 0, 5, 0, 9, 4, 8, 9, 0, 0, 5, 0, 9, 4, 3, 9);[49.951473595391946, 50, 50, 50]
(0, 0.0, 0, 0, 5, 0, 9, 4, 9, 9, 0, 0, 5, 0, 9, 4, 5, 9);[49.950338984587276, 50, 50, 50]
(0, 0.0, 0, 0, 5, 0, 9, 4, 9, 9, 0, 0, 5, 0, 9, 4, 7, 9);[49.95245683909291, 50, 50, 50]
(0, 1.0, 0, 0, 5, 0, 9, 5, 9, 9, 0, 0, 5, 0, 9, 4, 9, 9);[49.954153012021926, 50, 50, 50]
(0, 1.0, 0, 0, 5, 0, 9, 6, 9, 9, 0, 0, 5, 0, 9, 4, 9, 9);[49.952611971046565, 50, 50, 50]
(0, 1.0, 0, 1, 5, 0, 9, 7, 9, 9, 0, 0, 5, 0, 9, 6, 9, 9);[49.95210037407697, 50, 50, 50]
(0, 1.0, 0, 1, 5, 0, 9, 7, 9, 9, 0, 0, 5, 0, 9, 7, 9, 9);[49.95000774194945, 50, 50, 50]
(0, 1.0, 0, 1, 5, 0, 9, 7, 9, 9, 0, 1, 5, 0, 9, 7, 9, 9);[49.95, 49.950310383281895, 50, 50]
(1, 0.0, 0, 0, 5, 0, 9, 7, 9, 9, 0, 0, 5, 0, 9, 7, 9, 9);[49.95, 49.95, 49.952239576032774, 50]
(1, 1.0, 0, 0, 5, 0, 9, 7, 9, 9, 0, 0, 5, 0, 9, 7, 9, 9);[49.95, 50, 50, 50]
(0, 0.0, 0, 0, 5, 0, 9, 7, 9, 9, 0, 0, 5, 0, 9, 7, 9, 9);[49.95, 49.95247805202594, 50, 50]
(0, 1.0, 0, 0, 5, 0, 9, 7, 9, 9, 0, 0, 5, 0, 9, 7, 9, 9);[49.95246071136345, 49.95000313888966, 50, 50]
(1, 0.0, 0, 0, 6, 0, 9, 7, 9, 9, 0, 0, 5, 0, 9, 7, 9, 9);[49.95002651078001, 50, 50, 50]
(1, 1.0, 0, 0, 6, 0, 9, 7, 9, 9, 0, 0, 6, 0, 9, 7, 9, 9);[49.95, 49.95089436783974, 49.952121732080336, 50]
(0, 0.0, 0, 0, 6, 0, 9, 7, 9, 9, 0, 0, 6, 0, 9, 7, 9, 9);[49.95, 49.95, 50, 50]
(0, 1.0, 0, 0, 6, 0, 9, 7, 9, 9, 0, 0, 6, 0, 9, 7, 9, 9);[49.95, 49.95116929752091, 50, 50]
(1, 0.0, 0, 0, 6, 0, 9, 7, 9, 9, 0, 0, 6, 0, 9, 7, 9, 9);[49.95122381556329, 49.951215771380426, 50, 50]
(2, 0.0, 0, 0, 6, 0, 9, 8, 9, 9, 0, 0, 6, 0, 9, 7, 8, 9);[49.95265262918611, 50, 50, 50]
(2, 0.0, 0, 0, 6, 0, 9, 8, 8, 9, 0, 0, 6, 0, 9, 8, 5, 9);[49.95254422358396, 50, 50, 50]
(2, 1.0, 0, 0, 6, 0, 9, 8, 6, 9, 0, 0, 6, 0, 9, 8, 2, 9);[49.95315208965652, 50, 50, 50]
(0, 0.0, 0, 0, 6, 0, 9, 8, 6, 9, 0, 0, 6, 0, 9, 8, 1, 9);[49.95293439292937, 50, 50, 50]
(0, 0.0, 0, 0, 6, 0, 9, 8, 6, 9, 0, 0, 6, 0, 9, 8, 2, 9);[49.95265218922806, 50, 50, 50]
(0, 1.0, 0, 0, 6, 0, 9, 8, 8, 9, 0, 0, 6, 0, 9, 8, 3, 9);[49.95358456505886, 50, 50, 50]
(0, 1.0, 0, 1, 6, 0, 9, 8, 9, 9, 0, 0, 6, 0, 9, 8, 5, 9);[49.9525793800538, 50, 50, 50]
(0, 1.0, 0, 1, 6, 0, 9, 8, 9, 9, 0, 0, 6, 0, 9, 8, 6, 9);[49.95064121299817, 50, 50, 50]
(0, 1.0, 0, 1, 6, 0, 9, 8, 9, 9, 0, 0, 6, 0, 9, 8, 8, 9);[49.9500013506254, 50, 50, 50]
(0, 1.0, 0, 1, 6, 0, 9, 8, 9, 9, 0, 1, 6, 0, 9, 8, 9, 9);[49.95, 49.95033066842219, 50, 50]
(1, 0.0, 0, 0, 6, 0, 9, 8, 9, 9, 0, 0, 6, 0, 9, 8, 9, 9);[49.95, 49.95, 50, 50]
(1, 1.0, 0, 0, 6, 0, 9, 8, 9, 9, 0, 0, 6, 0, 9, 8, 9, 9);[49.95, 50, 50, 50]
(0, 0.0, 0, 0, 6, 0, 9, 8, 9, 9, 0, 0, 6, 0, 9, 8, 9, 9);[49.95113076123196, 49.9503364802615, 50, 50]
(0, 1.0, 0, 0, 7, 0, 9, 8, 9, 9, 0, 0, 6, 0, 9, 8, 9, 9);[49.95, 50, 50, 50]
(0, 1.0, 0, 0, 7, 0, 9, 8, 9, 9, 0, 0, 7, 0, 9, 8, 9, 9);[49.951204725094854, 50, 50, 50]
(0, 1.0, 0, 0, 7, 1, 9, 8, 9, 9, 0, 0, 7, 0, 9, 8, 9, 9);[49.95157984692439, 49.951118722191325, 50, 50]
(1, 0.0, 0, 0, 7, 1, 9, 8, 9, 9, 0, 0, 7, 1, 9, 8, 9, 9);[49.95, 49.95, 49.95010945675872, 50]
(1, 1.0, 0, 0, 7, 1, 9, 8, 9, 9, 0, 0, 7, 1, 9, 8, 9, 9);[49.95043712845851, 50, 50, 50]
(0, 0.0, 0, 0, 7, 1, 9, 8, 9, 9, 0, 0, 7, 1, 8, 8, 9, 9);[49.950506202946094, 50, 50, 50]
(0, 0.0, 0, 0, 7, 1, 9, 8, 9, 9, 0, 0, 7, 1, 6, 6, 9, 9);[49.952618870335954, 50, 50, 50]
(0, 1.0, 0, 0, 7, 1, 9, 8, 9, 9, 0, 0, 7, 1, 6, 7, 9, 9);[49.95225333067677, 50, 50, 50]
(0, 1.0, 0, 0, 7, 1, 9, 8, 9, 9, 0, 0, 7, 1, 9, 8, 9, 9);[49.95003296681482, 49.95, 50, 50]
(1, 0.0, 0, 0, 8, 1, 9, 8, 9, 9, 0, 0, 7, 1, 9, 8, 9, 9);[49.950000014737896, 50, 50, 50]
(1, 1.0, 0, 0, 8, 1, 9, 8, 9, 9, 0, 0, 8, 1, 9, 8, 9, 9);[49.95, 49.95, 49.950330916911014, 50]
(0, 0.0, 0, 0, 8, 1, 9, 8, 9, 9, 0, 0, 8, 1, 9, 8, 9, 9);[49.95, 49.95, 50, 50]
(0, 1.0, 0, 0, 8, 1, 9, 8, 9, 9, 0, 0, 8, 1, 9, 8, 9, 9);[49.9511831646248, 49.95166591937799, 49.951283779383246, 49.95046523563189]
(1, 0.0, 0, 0, 8, 1, 9, 8, 9, 9, 0, 0, 8, 1, 9, 8, 9, 9);[49.95109413208776, 49.95, 50, 50]
(2, 0.0, 0, 0, 8, 1, 9, 8, 9, 9, 0, 0, 8, 1, 9, 8, 8, 9);[49.95178822337412, 49.951665701490576, 50, 50]
(2, 0.0, 0, 0, 8, 1, 9, 8, 8, 9, 0, 0, 8, 1, 9, 8, 5, 9);[49.952152302831976, 49.95281037462474, 50, 50]
(2, 1.0, 0, 0, 8, 1, 9, 8, 6, 9, 0, 0, 8, 1, 9, 8, 3, 9);[49.95315591787477, 49.95312882171388, 50, 50]
(0, 0.0, 0, 0, 8, 1, 9, 8, 6, 9, 0, 0, 8, 1, 9, 8, 1, 9);[49.95323053770499, 49.95203389801459, 50, 50]
(0, 1.0, 0, 0, 8, 1, 9, 8, 7, 9, 0, 0, 8, 1, 9, 8, 3, 9);[49.95151179917501, 50, 50, 50]
(0, 1.0, 0, 0, 8, 1, 9, 8, 8, 9, 0, 0, 8, 1, 9, 8, 5, 9);[49.95147308157297, 50, 50, 50]
(0, 1.0, 0, 0, 8, 1, 9, 8, 9, 9, 0, 0, 8, 1, 9, 8, 7, 9);[49.95232616057478, 50, 50, 50]
(1, 0.0, 0, 0, 8, 1, 9, 8, 6, 9, 0, 0, 8, 1, 9, 8, 0, 9);[49.95297837914785, 50, 50, 50]
(1, 0.0, 0, 0, 8, 1, 9, 8, 6, 9, 0, 0, 8, 1, 9, 8, 2, 9);[49.95345736192468, 50, 50, 50]
(1, 1.0, 0, 0, 8, 1, 9, 8, 8, 9, 0, 0, 8, 1, 9, 8, 3, 9);[49.9530126394547, 50, 50, 50]
(0, 0.0, 0, 0, 8, 1, 9, 8, 9, 9, 0, 0, 8, 1, 9, 8, 5, 9);[49.951367132046656, 50, 50, 50]
(0, 0.0, 0, 0, 8, 1, 9, 8, 9, 9, 0, 0, 8, 1, 9, 8, 7, 9);[49.95103282440803, 50, 50, 50]
(0, 1.0, 0, 0, 8, 1, 9, 8, 9, 9, 0, 0, 8, 1, 9, 8, 8, 9);[49.95000050449604, 50, 50, 50]
(3, 0.0, 0, 0, 8, 1, 9, 8, 9, 9, 0, 0, 8, 1, 9, 8, 9, 8);[49.951436464383576, 50, 50, 50]
(3, 0.0, 0, 0, 8, 1, 9, 8, 9, 8, 0, 0, 8, 1, 9, 8, 9, 5);[50, 49.95143068870657, 50, 50]
(3, 1.0, 0, 0, 8, 1, 9, 8, 9, 8, 0, 0, 8, 1, 9, 8, 9, 3);[49.95163703641997, 50, 50, 50]
(0, 0.0, 0, 0, 8, 1, 9, 8, 9, 8, 0, 0, 8, 1, 9, 8, 9, 3);[49.951122620826006, 50, 50, 50]
(0, 0.0, 0, 0, 8, 1, 9, 8, 9, 8, 0, 0, 8, 1, 9, 8, 9, 4);[49.950247456524345, 50, 50, 50]
(0, 1.0, 0, 0, 8, 1, 9, 8, 9, 8, 0, 0, 8, 1, 9, 8, 9, 6);[49.95002044854302, 50, 50, 50]
(0, 1.0, 0, 0, 8, 1, 9, 8, 9, 8, 0, 0, 8, 1, 9, 8, 9, 7);[49.950000163290014, 50, 50, 50]
(0, 1.0, 0, 0, 8, 1, 9, 8, 9, 8, 0, 0, 8, 1, 9, 8, 9, 8);[49.95000001725339, 49.95116402420591, 49.95051241580935, 50]
(1, 0.0, 0, 0, 8, 1, 9, 8, 9, 8, 0, 0, 8, 1, 9, 8, 9, 8);[49.95234307698746, 49.95042513355874, 50, 50]
(1, 1.0, 0, 0, 8, 1, 9, 8, 9, 8, 0, 0, 8, 1, 9, 8, 9, 8);[49.95000009748163, 50, 50, 50]
(0, 0.0, 0, 0, 8, 1, 9, 8, 9, 8, 0, 0, 8, 1, 9, 8, 9, 8);[49.95, 49.95, 50, 50]
(2, 0.0, 0, 0, 8, 1, 9, 8, 9, 8, 0, 0, 8, 1, 9, 8, 8, 8);[49.95407682678026, 50, 50, 50]
(2, 0.0, 0, 1, 8, 1, 9, 8, 8, 8, 0, 0, 8, 1, 9, 8, 5, 8);[49.95522629466298, 50, 50, 50]
(2, 1.0, 0, 1, 8, 1, 9, 8, 6, 8, 0, 0, 8, 1, 9, 8, 3, 8);[49.954485820676595, 50, 50, 50]
(0, 0.0, 0, 1, 8, 1, 9, 8, 6, 8, 0, 0, 8, 1, 9, 8, 1, 8);[49.95335032968234, 50, 50, 50]
(0, 0.0, 0, 1, 8, 1, 9, 8, 6, 8, 0, 1, 8, 1, 9, 8, 2, 8);[49.95221163996152, 50, 50, 50]
(0, 1.0, 0, 1, 8, 1, 9, 8, 8, 8, 0, 1, 8, 1, 9, 8, 4, 8);[49.95108605941315, 50, 50, 50]
(0, 1.0, 0, 1, 8, 1, 9, 8, 9, 8, 0, 1, 8, 1, 9, 8, 5, 8);[49.95025384600619, 49.95136999526681, 50, 50]
(0, 1.0, 0, 1, 8, 1, 9, 8, 9, 8, 0, 1, 8, 1, 9, 8, 7, 8);[49.95001069636899, 50, 50, 50]
(0, 1.0, 0, 1, 8, 1, 9, 8, 9, 8, 0, 1, 8, 1, 9, 8, 9, 8);[49.950000145409035, 49.95230018536649, 49.95048082541429, 50]
(1, 0.0, 0, 1, 8, 1, 9, 8, 9, 8, 0, 1, 8, 1, 9, 8, 9, 8);[49.95223122711052, 49.950061779425944, 50, 50]
(1, 1.0, 0, 1, 8, 1, 9, 8, 9, 8, 0, 1, 8, 1, 9, 8, 9, 8);[49.950000011563915, 50, 50, 50]
(0, 0.0, 0, 1, 8, 1, 9, 8, 9, 8, 0, 1, 8, 1, 9, 8, 9, 8);[49.95, 49.95, 50, 50]
(2, 0.0, 0, 1, 8, 1, 9, 8, 9, 8, 0, 1, 8, 1, 9, 8, 8, 8);[49.95156723699665, 50, 50, 50]
(2, 0.0, 0, 1, 8, 1, 9, 8, 8, 8, 0, 1, 8, 1, 9, 8, 5, 8);[49.95234204914053, 50, 50, 50]
(2, 1.0, 0, 1, 8, 1, 9, 8, 6, 8, 0, 1, 8, 1, 9, 8, 3, 8);[49.95451895681313, 50, 50, 50]
(0, 0.0, 0, 1, 8, 1, 9, 8, 6, 8, 0, 1, 8, 1, 9, 8, 1, 8);[49.95306504544791, 49.95245513450004, 50, 50]
(0, 1.0, 0, 1, 8, 1, 9, 8, 8, 8, 0, 1, 8, 1, 9, 8, 3, 8);[49.951306869539756, 50, 50, 50]
(1, 0.0, 0, 2, 8, 1, 9, 8, 9, 8, 0, 1, 8, 1, 9, 8, 7, 8);[49.95119552050807, 50, 50, 50]
(1, 0.0, 0, 2, 8, 1, 9, 8, 9, 8, 0, 1, 8, 1, 9, 8, 9, 8);[49.950007669453456, 49.950399978012086, 50, 50]
(1, 1.0, 0, 2, 8, 1, 9, 8, 9, 8, 0, 2, 8, 1, 9, 8, 9, 8);[49.95000002770968, 49.95, 49.950377166387376, 49.95000013003967]
(0, 0.0, 0, 2, 8, 1, 9, 8, 9, 8, 0, 2, 8, 1, 9, 8, 9, 8);[49.95, 49.95, 49.95216139758829, 50]
(0, 1.0, 0, 2, 8, 1, 9, 8, 9, 8, 0, 2, 8, 1, 9, 8, 9, 8);[49.95114670656218, 49.95231264927496, 50, 50]
(1, 0.0, 0, 2, 8, 1, 9, 8, 9, 8, 0, 2, 8, 1, 9, 8, 9, 8);[49.950367342609404, 49.95000002421936, 50, 50]
(2, 0.0, 0, 2, 8, 1, 9, 8, 9, 8, 0, 2, 8, 1, 9, 8, 8, 8);[49.95105018279754, 50, 50, 50]
(2, 0.0, 0, 2, 8, 1, 9, 8, 7, 8, 0, 2, 8, 1, 9, 8, 5, 8);[49.952971656363154, 50, 50, 50]
(2, 1.0, 0, 2, 8, 1, 9, 8, 6, 8, 0, 2, 8, 1, 9, 8, 3, 8);[49.953925632765525, 50, 50, 50]
(0, 0.0, 0, 2, 8, 1, 9, 8, 5, 8, 0, 2, 8, 1, 9, 8, 0, 8);[49.95495919657015, 50, 50, 50]
(0, 0.0, 0, 2, 8, 1, 9, 8, 6, 8, 0, 2, 8, 1, 9, 8, 1, 8);[49.95502630695478, 50, 50, 50]
(0, 1.0, 0, 3, 8, 1, 9, 8, 7, 8, 0, 2, 8, 1, 9, 8, 3, 8);[49.95143163619758, 50, 50, 50]
(0, 1.0, 0, 3, 8, 1, 9, 8, 8, 8, 0, 2, 8, 1, 9, 8, 4, 8);[49.950368699035714, 50, 50, 50]
(0, 1.0, 0, 3, 8, 1, 9, 8, 9, 8, 0, 3, 8, 1, 9, 8, 6, 8);[49.950083502211214, 50, 50, 50]
(0, 1.0, 0, 3, 8, 1, 9, 8, 9, 8, 0, 3, 8, 1, 9, 8, 8, 8);[49.95000654818872, 50, 50, 50]
(0, 1.0, 0, 3, 8, 1, 9, 8, 9, 8, 0, 3, 8, 1, 9, 8, 9, 8);[49.95000016927699, 49.907205609374735, 49.95025883613286, 49.950000188933615]
(1, 0.0, 0, 2, 8, 1, 9, 8, 9, 8, 0, 0, 8, 1, 9, 8, 9, 8);[49.95002664632185, 50, 50, 50]
(3, 0.0, 0, 2, 8, 1, 9, 8, 9, 8, 0, 2, 8, 1, 9, 8, 9, 8);[49.95000000893828, 49.95, 50, 50]
(3, 1.0, 0, 2, 8, 1, 9, 8, 9, 8, 0, 2, 8, 1, 9, 8, 9, 8);[49.95121275204579, 50, 50, 50]
(0, 0.0, 0, 3, 8, 1, 9, 8, 9, 8, 0, 2, 8, 1, 9, 8, 9, 8);[49.950008291042764, 50, 50, 50]
(0, 1.0, 0, 3, 8, 1, 9, 8, 9, 8, 0, 2, 8, 1, 9, 8, 9, 8);[49.95, 50, 50, 50]
(2, 0.0, 0, 3, 8, 1, 9, 8, 9, 8, 0, 3, 8, 1, 9, 8, 8, 8);[49.950467960743055, 50, 50, 50]
(2, 0.0, 0, 3, 8, 1, 9, 8, 9, 8, 0, 3, 8, 1, 9, 8, 6, 8);[49.9505499898756, 50, 50, 50]
(2, 1.0, 0, 3, 8, 1, 9, 8, 9, 8, 0, 3, 8, 1, 9, 8, 5, 8);[49.95051348511974, 50, 50, 50]
(0, 0.0, 0, 3, 8, 1, 9, 8, 9, 8, 0, 3, 8, 1, 9, 8, 5, 8);[49.95148345653873, 49.95227322149016, 50, 50]
(0, 1.0, 1, 3, 8, 1, 9, 8, 9, 8, 0, 3, 8, 1, 9, 8, 7, 8);[49.95001361243452, 50, 50, 50]
(3, 0.0, 0, 3, 8, 1, 9, 8, 9, 8, 0, 3, 8, 1, 9, 8, 9, 8);[49.950000008758096, 49.95, 50, 50]
(3, 1.0, 0, 3, 8, 1, 9, 8, 9, 8, 0, 3, 8, 1, 9, 8, 9, 8);[49.95, 50, 50, 50]
(0, 0.0, 0, 3, 8, 1, 9, 8, 9, 8, 0, 3, 8, 1, 9, 8, 9, 8);[49.95, 49.945080306620504, 50, 50]
(1, 0.0, 0, 4, 8, 1, 9, 8, 9, 8, 0, 3, 8, 1, 9, 8, 9, 8);[49.95193821410131, 49.95000973081659, 50, 50]
(1, 1.0, 0, 4, 8, 1, 9, 8, 9, 8, 0, 4, 8, 1, 9, 8, 9, 8);[49.95, 49.951472254039864, 49.95000008498593, 50]
(0, 0.0, 0, 4, 8, 1, 9, 8, 9, 8, 0, 4, 8, 1, 9, 8, 9, 8);[49.95, 49.95, 50, 50]
(0, 1.0, 0, 4, 8, 1, 9, 8, 9, 8, 0, 4, 8, 1, 9, 8, 9, 8);[49.95, 49.95, 50, 50]
(1, 0.0, 0, 4, 8, 1, 9, 8, 9, 8, 0, 4, 8, 1, 9, 8, 9, 8);[49.95, 49.95216993943122, 50, 50]
(2, 0.0, 0, 4, 8, 1, 9, 8, 9, 8, 0, 4, 8, 1, 9, 8, 9, 8);[49.95036101477946, 50, 50, 50]
(2, 0.0, 0, 4, 9, 1, 9, 8, 9, 8, 0, 4, 8, 1, 9, 8, 9, 8);[49.95139725463775, 50, 50, 50]
(2, 1.0, 0, 4, 9, 1, 9, 8, 9, 9, 0, 4, 9, 1, 9, 8, 9, 8);[49.950001613558456, 50, 50, 50]
(0, 0.0, 0, 4, 9, 1, 9, 8, 9, 9, 0, 4, 9, 1, 9, 8, 9, 9);[49.81028319850256, 49.80615770642812, 49.805239905, 49.80535377937221]
(0, 1.0, 0, 4, 9, 1, 9, 8, 9, 9, 0, 4, 9, 1, 9, 8, 9, 9);[49.9000500301491, 49.865734489409896, 49.85519095070338, 49.85272958419371]
(1, 0.0, 0, 4, 9, 1, 9, 8, 9, 9, 0, 4, 9, 1, 9, 8, 9, 9);[49.905, 49.90108445960685, 49.86221138590328, 49.90005]
(1, 1.0, 0, 4, 9, 1, 9, 8, 9, 9, 0, 4, 9, 1, 9, 8, 9, 9);[49.89153975398145, 49.90294031779115, 49.946015233375654, 49.94505]
(2, 0.0, 0, 4, 9, 1, 9, 8, 9, 9, 0, 4, 9, 1, 9, 8, 9, 9);[49.9000501350557, 49.85955, 49.90005, 49.856063229825004]
(2, 1.0, 0, 4, 9, 1, 9, 8, 9, 9, 0, 4, 9, 1, 9, 8, 9, 9);[49.946041299330396, 49.90005, 49.95, 49.95]
(3, 0.0, 0, 4, 9, 1, 9, 8, 9, 9, 0, 4, 9, 1, 9, 8, 9, 9);[49.86650899368779, 49.90005, 49.905, 49.902036768371175]
(3, 1.0, 0, 4, 9, 1, 9, 8, 9, 9, 0, 4, 9, 1, 9, 8, 9, 9);[49.94505, 49.945152565228526, 49.94505, 50]
(1, 0.0, 1, 4, 9, 1, 9, 8, 9, 9, 0, 4, 9, 1, 9, 8, 9, 9);[49.95158175350819, 50, 50, 50]
(1, 1.0, 1, 4, 9, 1, 9, 8, 9, 9, 0, 4, 9, 1, 9, 8, 9, 9);[49.94059500088294, 50, 50, 50]
(3, 1.0, 1, 4, 9, 1, 9, 8, 9, 9, 0, 4, 9, 1, 9, 8, 9, 9);[49.94090249636003, 50, 50, 50]
(2, 1.0, 1, 4, 9, 1, 9, 8, 9, 9, 0, 4, 9, 1, 9, 8, 9, 9);[49.936697900956005, 50, 50, 50]
(1, 0.0, 0, 4, 9, 1, 9, 8, 9, 9, 0, 2, 9, 1, 9, 8, 9, 9);[49.951214231573275, 50, 50, 50]
(1, 0.0, 0, 2, 9, 1, 9, 8, 9, 9, 0, 0, 9, 1, 9, 8, 9, 9);[49.951300727710425, 50, 50, 50]
(1, 1.0, 0, 2, 9, 1, 9, 8, 9, 9, 0, 0, 9, 1, 9, 8, 9, 9);[49.95109960790786, 50, 50, 50]
(0, 0.0, 0, 2, 9, 1, 9, 8, 9, 9, 0, 1, 9, 1, 9, 8, 9, 9);[49.95108522189917, 50, 50, 50]
(0, 0.0, 0, 2, 9, 1, 9, 8, 9, 9, 0, 2, 9, 1, 9, 8, 9, 9);[49.616468747673586, 49.65340812862254, 49.61104694400044, 49.63404327553803]
(0, 1.0, 0, 2, 9, 1, 9, 8, 9, 9, 0, 2, 9, 1, 9, 8, 9, 9);[49.6640010633336, 49.69848207374753, 49.671282081465755, 49.681334171748965]
(1, 0.0, 0, 2, 9, 1, 9, 8, 9, 9, 0, 2, 9, 1, 9, 8, 9, 9);[49.73890780398409, 49.76197265714033, 49.75543469335446, 49.733586655697074]
(1, 1.0, 0, 2, 9, 1, 9, 8, 9, 9, 0, 2, 9, 1, 9, 8, 9, 9);[49.82344474492133, 49.85014995, 49.843691588634734, 49.828346870084495]
(2, 0.0, 0, 2, 9, 1, 9, 8, 9, 9, 0, 2, 9, 1, 9, 8, 8, 9);[49.95121298429298, 49.95231594973659, 49.95137514326517, 49.952128644261876]
(2, 0.0, 0, 2, 9, 1, 9, 8, 8, 9, 0, 2, 9, 1, 9, 8, 5, 9);[49.95229421353981, 49.95246882791045, 50, 50]
(2, 1.0, 0, 2, 9, 1, 9, 8, 6, 9, 0, 2, 9, 1, 9, 8, 3, 9);[49.95296398322657, 49.953228401748845, 50, 50]
(0, 0.0, 0, 2, 9, 1, 9, 8, 6, 9, 0, 2, 9, 1, 9, 8, 0, 9);[49.95413645886579, 50, 50, 50]
(0, 0.0, 0, 2, 9, 1, 9, 8, 6, 9, 0, 2, 9, 1, 9, 8, 2, 9);[49.95382428165164, 50, 50, 50]
(0, 1.0, 0, 2, 9, 1, 9, 8, 8, 9, 0, 2, 9, 1, 9, 8, 3, 9);[49.950928198310876, 50, 50, 50]
(0, 1.0, 0, 2, 9, 1, 9, 8, 9, 9, 0, 2, 9, 1, 9, 8, 5, 9);[49.950311200397095, 50, 50, 50]
(0, 1.0, 0, 2, 9, 1, 9, 8, 9, 9, 0, 2, 9, 1, 9, 8, 6, 9);[49.950064147570814, 49.95107248032289, 49.9500370046409, 50]
(3, 0.0, 0, 2, 9, 1, 9, 8, 9, 9, 0, 2, 9, 1, 9, 8, 9, 9);[49.70074903529789, 49.709885850098615, 49.72492070373632, 49.71948924785053]
(3, 1.0, 0, 2, 9, 1, 9, 8, 9, 9, 0, 2, 9, 1, 9, 8, 9, 9);[49.81557460322777, 49.745563188277174, 49.84610965356565, 49.85014995]
(2, 0.0, 0, 2, 9, 1, 9, 8, 7, 9, 0, 2, 9, 1, 9, 8, 5, 9);[49.95492143612782, 50, 50, 50]
(2, 1.0, 1, 2, 9, 1, 9, 8, 6, 9, 0, 2, 9, 1, 9, 8, 3, 9);[49.954360195438284, 50, 50, 50]
(0, 0.0, 0, 2, 9, 1, 9, 8, 5, 9, 0, 2, 9, 1, 9, 8, 1, 9);[49.953632267881815, 50, 50, 50]
(0, 0.0, 0, 2, 9, 1, 9, 8, 6, 9, 0, 2, 9, 1, 9, 8, 1, 9);[49.9524279753438, 50, 50, 50]
(0, 1.0, 0, 2, 9, 1, 9, 8, 7, 9, 0, 2, 9, 1, 9, 8, 3, 9);[49.95151184079187, 50, 50, 50]
(0, 1.0, 0, 2, 9, 1, 9, 8, 8, 9, 0, 2, 9, 1, 9, 8, 5, 9);[49.95162017909749, 50, 50, 50]
(1, 0.0, 0, 2, 9, 1, 9, 8, 9, 9, 0, 2, 9, 1, 9, 8, 8, 9);[49.95000705687131, 50, 50, 50]
(1, 0.0, 0, 2, 9, 1, 9, 8, 6, 9, 0, 2, 9, 1, 9, 8, 1, 9);[49.95280934847269, 50, 50, 50]
(1, 0.0, 0, 2, 9, 1, 9, 8, 6, 9, 0, 2, 9, 1, 9, 8, 2, 9);[49.95176762136341, 50, 50, 50]
(1, 1.0, 0, 2, 9, 1, 9, 8, 8, 9, 0, 2, 9, 1, 9, 8, 4, 9);[49.951886357419255, 50, 50, 50]
(0, 0.0, 0, 2, 9, 1, 9, 8, 8, 9, 0, 2, 9, 1, 9, 8, 5, 9);[49.9512315417112, 50, 50, 50]
(0, 0.0, 0, 2, 9, 1, 9, 8, 9, 9, 0, 2, 9, 1, 9, 8, 7, 9);[49.95002424521863, 50, 50, 50]
(0, 1.0, 0, 2, 9, 1, 9, 8, 9, 9, 0, 2, 9, 1, 9, 8, 8, 9);[49.94505101572036, 50, 50, 50]
(2, 0.0, 1, 2, 9, 1, 9, 8, 8, 9, 0, 2, 9, 1, 9, 8, 5, 9);[49.95210596375164, 50, 50, 50]
(2, 1.0, 1, 2, 9, 1, 9, 8, 8, 9, 0, 2, 9, 1, 9, 8, 4, 9);[49.95129115056829, 50, 50, 50]
(0, 0.0, 0, 2, 9, 1, 9, 8, 8, 9, 0, 2, 9, 1, 9, 8, 3, 9);[49.950744576484325, 50, 50, 50]
(0, 0.0, 0, 2, 9, 1, 9, 8, 9, 9, 0, 2, 9, 1, 9, 8, 5, 9);[50, 49.95030912256803, 50, 50]
(2, 0.0, 0, 2, 9, 1, 9, 8, 9, 9, 0, 2, 9, 1, 9, 8, 9, 9);[49.77549870293083, 49.763247489788085, 49.761844610304856, 49.76726422305984]
(2, 1.0, 0, 2, 9, 1, 9, 8, 9, 9, 0, 2, 9, 1, 9, 8, 9, 9);[49.878017066475884, 49.842924960912, 49.852210288826974, 49.818432872169524]
(1, 0.0, 0, 1, 9, 1, 9, 8, 9, 9, 0, 0, 9, 1, 9, 8, 9, 9);[49.95005223371761, 49.95000076276376, 50, 50]
(1, 1.0, 0, 1, 9, 1, 9, 8, 9, 9, 0, 1, 9, 1, 9, 8, 9, 9);[49.95, 50, 50, 50]
(0, 0.0, 0, 1, 9, 1, 9, 8, 9, 9, 0, 1, 9, 1, 9, 8, 9, 9);[49.95, 49.95, 49.95000000998594, 50]
(0, 1.0, 0, 1, 9, 1, 9, 8, 9, 9, 0, 1, 9, 1, 9, 8, 9, 9);[49.95105302297516, 49.952808131960786, 49.95, 50]
(1, 0.0, 1, 1, 9, 1, 9, 8, 9, 9, 0, 1, 9, 1, 9, 8, 9, 9);[49.95301268961306, 50, 50, 50]
(1, 0.0, 2, 1, 9, 1, 9, 8, 9, 9, 0, 1, 9, 1, 9, 8, 9, 9);[49.95075678000337, 50, 50, 50]
(1, 1.0, 2, 1, 9, 1, 9, 8, 9, 9, 1, 1, 9, 1, 9, 8, 9, 9);[49.95029419777469, 50, 50, 50]
(0, 0.0, 1, 1, 9, 1, 9, 8, 9, 9, 0, 1, 9, 1, 9, 8, 9, 9);[49.95063306314311, 50, 50, 50]
(2, 0.0, 0, 1, 9, 1, 9, 8, 9, 9, 0, 1, 9, 1, 9, 8, 9, 9);[49.95101730756353, 49.953149228456816, 50, 50]
(2, 1.0, 1, 1, 9, 1, 9, 8, 9, 9, 0, 1, 9, 1, 9, 8, 9, 9);[49.95409084166328, 50, 50, 50]
(0, 0.0, 2, 1, 9, 1, 9, 8, 9, 9, 0, 1, 9, 1, 9, 8, 9, 9);[49.95398898349124, 49.95208076556045, 50, 50]
(0, 1.0, 0, 2, 9, 1, 9, 8, 9, 9, 0, 1, 9, 1, 9, 8, 9, 9);[49.95105433676668, 49.94505540647134, 50, 50]
(1, 0.0, 1, 2, 9, 1, 9, 8, 9, 9, 0, 2, 9, 1, 9, 8, 9, 9);[49.85757864581644, 49.86856243927959, 49.85891099044492, 49.86666014815474]
(1, 1.0, 1, 2, 9, 1, 9, 8, 9, 9, 0, 2, 9, 1, 9, 8, 9, 9);[49.945505313519945, 49.90015708168193, 49.95, 49.90673562982573]
(1, 1.0, 1, 2, 9, 1, 9, 8, 9, 9, 1, 2, 9, 1, 9, 8, 9, 9);[49.94045602037824, 49.90302376616046, 49.95, 49.94505237838036]
(2, 0.0, 1, 2, 9, 1, 9, 8, 9, 9, 1, 2, 9, 1, 9, 8, 9, 9);[49.95, 49.95, 49.95, 49.906944112807494]
(2, 1.0, 1, 2, 9, 1, 9, 8, 9, 9, 1, 2, 9, 1, 9, 8, 9, 9);[49.95119519209207, 49.95000001932111, 49.95080358967956, 49.950002293298844]
(0, 0.0, 1, 2, 9, 1, 9, 8, 9, 9, 0, 2, 9, 1, 9, 8, 9, 9);[49.88929944092729, 49.87853897569554, 49.86918121587445, 49.93664703937586]
(3, 0.0, 1, 2, 9, 1, 9, 8, 9, 9, 1, 2, 9, 1, 9, 8, 9, 9);[49.900073743953314, 49.905, 49.90693806631507, 49.905]
(3, 1.0, 1, 2, 9, 1, 9, 8, 9, 9, 1, 2, 9, 1, 9, 8, 9, 9);[49.87194635157982, 49.94505000081483, 49.945152695278225, 49.95]
(0, 1.0, 1, 2, 9, 1, 9, 8, 9, 9, 0, 2, 9, 1, 9, 8, 9, 9);[49.93791013534138, 49.94666122775344, 49.95207242885139, 49.95126706224341]
(1, 1.0, 2, 2, 9, 1, 9, 8, 9, 9, 1, 2, 9, 1, 9, 8, 9, 9);[49.904846166385, 49.91041180087441, 49.950720643580716, 49.95026013956158]
(0, 0.0, 3, 2, 9, 1, 9, 8, 9, 9, 0, 2, 9, 1, 9, 8, 9, 9);[49.952715103375816, 49.952526172203356, 50, 50]
(0, 0.0, 2, 2, 9, 1, 9, 8, 9, 9, 0, 2, 9, 1, 9, 8, 9, 9);[49.952648217777565, 50, 50, 50]
(2, 0.0, 1, 2, 9, 1, 9, 8, 9, 9, 0, 2, 9, 1, 9, 8, 9, 9);[49.951092353884654, 49.95000409238152, 49.95175315642474, 49.95006360987401]
(1, 0.0, 1, 2, 9, 1, 9, 8, 9, 9, 1, 2, 9, 1, 9, 8, 9, 9);[49.90155916070435, 49.95, 49.906049416887896, 49.90005000822238]
(2, 0.0, 2, 2, 9, 1, 9, 8, 9, 9, 2, 2, 9, 1, 9, 8, 9, 9);[49.95000011054711, 49.95, 50, 50]
(2, 1.0, 2, 2, 9, 1, 9, 8, 9, 9, 2, 2, 9, 1, 9, 8, 9, 9);[49.950396899681266, 50, 50, 50]
(0, 0.0, 2, 2, 9, 1, 9, 8, 9, 9, 1, 2, 9, 1, 9, 8, 9, 9);[49.950989912195574, 50, 50, 50]
(2, 1.0, 1, 2, 9, 1, 9, 8, 9, 9, 0, 2, 9, 1, 9, 8, 9, 9);[49.93541666714887, 49.94199296661683, 49.95203968448355, 49.94515026877088]
(3, 0.0, 2, 2, 9, 1, 9, 8, 9, 9, 1, 2, 9, 1, 9, 8, 9, 9);[49.950000037812636, 49.95449034139977, 50, 50]
(3, 0.0, 2, 2, 9, 1, 9, 8, 9, 9, 2, 2, 9, 1, 9, 8, 9, 9);[49.95, 50, 50, 50]
(3, 1.0, 2, 2, 9, 1, 9, 8, 9, 9, 2, 2, 9, 1, 9, 8, 9, 9);[49.9456143896035, 50, 50, 50]
(3, 1.0, 1, 2, 9, 1, 9, 8, 9, 9, 0, 2, 9, 1, 9, 8, 9, 9);[49.93154643092208, 49.95000012320889, 50, 50]
(3, 0.0, 1, 2, 9, 1, 9, 8, 9, 9, 0, 2, 9, 1, 9, 8, 9, 9);[49.950993386847074, 49.945050712294965, 50, 50]
(2, 0.0, 2, 2, 9, 1, 9, 8, 9, 9, 1, 2, 9, 1, 9, 8, 9, 9);[49.950492781025645, 50, 50, 50]
(2, 1.0, 2, 2, 9, 1, 9, 8, 9, 9, 1, 2, 9, 1, 9, 8, 9, 9);[49.94435739946965, 50, 50, 50]
(3, 1.0, 4, 2, 9, 1, 9, 8, 9, 9, 1, 2, 9, 1, 9, 8, 9, 9);[49.95234172332725, 50, 50, 50]
(0, 0.0, 4, 2, 9, 1, 9, 8, 9, 9, 0, 2, 9, 1, 9, 8, 9, 9);[49.952479589845865, 49.95190821988024, 49.95227708810338, 50]
(0, 1.0, 2, 2, 9, 1, 9, 8, 9, 9, 0, 2, 9, 1, 9, 8, 9, 9);[49.92739993905548, 50, 50, 50]
(1, 1.0, 4, 2, 9, 1, 9, 8, 9, 9, 1, 2, 9, 1, 9, 8, 9, 9);[49.95251227141513, 50, 50, 50]
(3, 0.0, 1, 3, 9, 1, 9, 8, 9, 9, 0, 2, 9, 1, 9, 8, 9, 9);[49.95082608910202, 50, 50, 50]
(3, 0.0, 1, 3, 9, 1, 9, 8, 9, 9, 1, 2, 9, 1, 9, 8, 9, 9);[49.95000148423101, 50, 50, 50]
(3, 1.0, 1, 3, 9, 1, 9, 8, 9, 9, 1, 3, 9, 1, 9, 8, 9, 9);[49.95126852655133, 50, 50, 50]
(0, 0.0, 1, 3, 9, 1, 9, 8, 9, 9, 0, 3, 9, 1, 9, 8, 9, 9);[49.95211020934765, 50, 50, 50]
(0, 0.0, 0, 4, 9, 1, 9, 8, 9, 9, 0, 3, 9, 1, 9, 8, 9, 9);[49.95001446866151, 50, 50, 50]
(0, 1.0, 0, 4, 9, 1, 9, 8, 9, 9, 0, 3, 9, 1, 9, 8, 9, 9);[49.940595, 50, 50, 50]
(3, 0.0, 0, 5, 9, 1, 9, 8, 9, 9, 0, 4, 9, 1, 9, 8, 9, 9);[49.95004943292133, 50, 50, 50]
(3, 1.0, 0, 5, 9, 1, 9, 8, 9, 9, 0, 4, 9, 1, 9, 8, 9, 9);[49.950000045802184, 50, 50, 50]
(0, 0.0, 0, 5, 9, 1, 9, 8, 9, 9, 0, 5, 9, 1, 9, 8, 9, 9);[49.95, 49.95, 49.95, 49.95]
(0, 1.0, 0, 5, 9, 1, 9, 8, 9, 9, 0, 5, 9, 1, 9, 8, 9, 9);[49.95, 49.95, 49.95, 50]
(1, 0.0, 0, 5, 9, 1, 9, 8, 9, 9, 0, 5, 9, 1, 9, 8, 9, 9);[49.95100012014076, 49.95196636308888, 50, 50]
(1, 1.0, 0, 5, 9, 1, 9, 8, 9, 9, 0, 5, 9, 1, 9, 8, 9, 9);[49.950005306640385, 50, 50, 50]
(2, 0.0, 0, 5, 9, 1, 9, 8, 9, 9, 0, 5, 9, 1, 9, 8, 9, 9);[49.95, 49.95197734445566, 50, 50]
(2, 1.0, 0, 6, 9, 1, 9, 8, 9, 9, 0, 5, 9, 1, 9, 8, 9, 9);[49.95035148299142, 50, 50, 50]
(0, 0.0, 0, 6, 9, 1, 9, 8, 9, 9, 0, 5, 9, 1, 9, 8, 9, 9);[49.951933983227654, 50, 50, 50]
(0, 0.0, 1, 6, 9, 1, 9, 8, 9, 9, 0, 6, 9, 1, 9, 8, 9, 9);[49.95370079859753, 50, 50, 50]
(0, 1.0, 2, 6, 9, 1, 9, 8, 9, 9, 0, 6, 9, 1, 9, 8, 9, 9);[49.9525914289215, 50, 50, 50]
(0, 1.0, 1, 6, 9, 1, 9, 8, 9, 9, 0, 6, 9, 1, 9, 8, 9, 9);[49.95101018255206, 50, 50, 50]
(0, 1.0, 0, 6, 9, 1, 9, 8, 9, 9, 0, 6, 9, 1, 9, 8, 9, 9);[49.95, 49.95099596233943, 49.95, 50]
(1, 0.0, 0, 6, 9, 1, 9, 8, 9, 9, 0, 6, 9, 1, 9, 8, 9, 9);[49.95183459675241, 49.95021083998407, 50, 50]
(1, 1.0, 0, 6, 9, 1, 9, 8, 9, 9, 0, 6, 9, 1, 9, 8, 9, 9);[49.95, 50, 50, 50]
(0, 0.0, 0, 6, 9, 1, 9, 8, 9, 9, 0, 6, 9, 1, 9, 8, 9, 9);[49.95, 49.95, 49.95117386527079, 50]
(2, 0.0, 0, 6, 9, 1, 9, 8, 9, 9, 0, 6, 9, 1, 9, 8, 9, 9);[49.95, 49.95, 50, 50]
(2, 1.0, 0, 6, 9, 1, 9, 8, 9, 9, 0, 6, 9, 1, 9, 8, 9, 9);[49.95097912954987, 50, 50, 50]
(0, 0.0, 0, 7, 9, 1, 9, 8, 9, 9, 0, 6, 9, 1, 9, 8, 9, 9);[49.95000040103965, 50, 50, 50]
(0, 1.0, 0, 7, 9, 1, 9, 8, 9, 9, 0, 7, 9, 1, 9, 8, 9, 9);[49.95, 49.95, 50, 50]
(1, 0.0, 0, 7, 9, 1, 9, 8, 9, 9, 0, 7, 9, 1, 9, 8, 9, 9);[49.95, 49.95094974287041, 50, 50]
(1, 1.0, 0, 7, 9, 1, 9, 8, 9, 9, 0, 7, 9, 1, 9, 8, 9, 9);[49.9509859458692, 50, 50, 50]
(0, 0.0, 0, 8, 9, 1, 9, 8, 9, 9, 0, 7, 9, 1, 9, 8, 9, 9);[49.95000005690886, 50, 50, 50]
(0, 0.0, 0, 8, 9, 1, 9, 8, 9, 9, 0, 8, 9, 1, 9, 8, 9, 9);[49.95, 49.95007723658996, 49.95, 50]
(0, 1.0, 0, 8, 9, 1, 9, 8, 9, 9, 0, 8, 9, 1, 9, 8, 9, 9);[49.95, 49.95, 49.95, 50]
(1, 0.0, 0, 8, 9, 1, 9, 8, 9, 9, 0, 8, 9, 1, 9, 8, 9, 9);[49.95, 49.95098483120229, 50, 50]
(1, 1.0, 0, 8, 9, 1, 9, 8, 9, 9, 0, 8, 9, 1, 9, 8, 9, 9);[49.95090857450667, 50, 50, 50]
(2, 0.0, 0, 8, 9, 1, 9, 8, 9, 9, 0, 8, 9, 1, 9, 8, 9, 9);[49.95, 49.95, 50, 50]
(2, 1.0, 0, 8, 9, 1, 9, 8, 9, 9, 0, 8, 9, 1, 9, 8, 9, 9);[49.95092370494998, 50, 50, 50]
(0, 0.0, 1, 8, 9, 1, 9, 8, 9, 9, 0, 8, 9, 1, 9, 8, 9, 9);[49.95064698854609, 49.95168872963034, 50, 50]
(0, 1.0, 2, 8, 9, 1, 9, 8, 9, 9, 1, 8, 9, 1, 9, 8, 9, 9);[49.953258492018314, 50, 50, 50]
(0, 1.0, 3, 8, 9, 1, 9, 8, 9, 9, 1, 8, 9, 1, 9, 8, 9, 9);[49.95215190926469, 50, 50, 50]
(0, 1.0, 4, 8, 9, 1, 9, 8, 9, 9, 1, 8, 9, 1, 9, 8, 9, 9);[49.95081188387629, 50, 50, 50]
(0, 1.0, 4, 8, 9, 1, 9, 8, 9, 9, 2, 8, 9, 1, 9, 8, 9, 9);[49.95000136513083, 50, 50, 50]
(0, 1.0, 4, 8, 9, 1, 9, 8, 9, 9, 4, 8, 9, 1, 9, 8, 9, 9);[49.95000000956885, 49.95087311403804, 50, 50]
(1, 0.0, 5, 8, 9, 1, 9, 8, 9, 9, 4, 8, 9, 1, 9, 8, 9, 9);[49.95043408485785, 49.95, 50, 50]
(1, 1.0, 5, 8, 9, 1, 9, 8, 9, 9, 5, 8, 9, 1, 9, 8, 9, 9);[49.95, 49.950826833607906, 49.951291691005636, 50]
(0, 0.0, 5, 8, 9, 1, 9, 8, 9, 9, 5, 8, 9, 1, 9, 8, 9, 9);[49.95, 49.95, 50, 50]
(0, 1.0, 5, 8, 9, 1, 9, 8, 9, 9, 5, 8, 9, 1, 9, 8, 9, 9);[49.95, 49.95, 50, 50]
(1, 0.0, 5, 8, 9, 1, 9, 8, 9, 9, 5, 8, 9, 1, 9, 8, 9, 9);[49.95, 49.95, 50, 50]
(2, 0.0, 6, 8, 9, 1, 9, 8, 9, 9, 5, 8, 9, 1, 9, 8, 9, 9);[49.95003250491897, 50, 50, 50]
(2, 0.0, 6, 8, 9, 1, 9, 8, 9, 9, 6, 8, 9, 1, 9, 8, 9, 9);[49.95, 50, 50, 50]
(2, 1.0, 6, 8, 9, 1, 9, 8, 9, 9, 6, 8, 9, 1, 9, 8, 9, 9);[49.95, 50, 50, 50]
(0, 0.0, 6, 8, 9, 1, 9, 8, 9, 9, 6, 8, 9, 1, 9, 8, 9, 9);[49.95, 49.9503651145818, 50, 50]
(0, 1.0, 7, 8, 9, 1, 9, 8, 9, 9, 6, 8, 9, 1, 9, 8, 9, 9);[49.95026962675121, 50, 50, 50]
(0, 1.0, 8, 8, 9, 1, 9, 8, 9, 9, 7, 8, 9, 1, 9, 8, 9, 9);[49.950000026057225, 50, 50, 50]
(0, 1.0, 8, 8, 9, 1, 9, 8, 9, 9, 8, 8, 9, 1, 9, 8, 9, 9);[49.95, 49.95, 50, 50]
(1, 0.0, 8, 8, 9, 1, 9, 8, 9, 9, 8, 8, 9, 1, 9, 8, 9, 9);[49.95041249105568, 50, 50, 50]
(1, 0.0, 9, 8, 9, 1, 9, 8, 9, 9, 8, 8, 9, 1, 9, 8, 9, 9);[49.950013340748484, 50, 50, 50]
(1, 1.0, 9, 9, 9, 1, 9, 8, 9, 9, 9, 8, 9, 1, 9, 8, 9, 9);[49.95, 50, 50, 50]
(0, 0.0, 9, 9, 9, 1, 9, 8, 9, 9, 9, 9, 9, 1, 9, 8, 9, 9);[28.47431393100635, 28.47814106522469, 28.491791215919026, 28.49476372442601]
(0, 1.0, 9, 9, 9, 1, 9, 8, 9, 9, 9, 9, 9, 1, 9, 8, 9, 9);[28.586774585913798, 28.568567226018793, 28.55822290795076, 28.551563344285206]
(1, 0.0, 9, 9, 9, 1, 9, 8, 9, 9, 9, 9, 9, 1, 9, 8, 9, 9);[28.488468567955426, 28.495720609182268, 28.484380075848886, 28.501037433776272]
(1, 1.0, 9, 9, 9, 1, 9, 8, 9, 9, 9, 9, 9, 1, 9, 8, 9, 9);[28.56107231966157, 28.581033084304426, 28.570765041619943, 28.558752911551288]
(2, 0.0, 9, 9, 9, 1, 9, 8, 9, 9, 9, 9, 9, 1, 9, 8, 9, 9);[28.498490580647434, 28.485502163298655, 28.492974682395854, 28.473738525412312]
(2, 1.0, 9, 9, 9, 1, 9, 8, 9, 9, 9, 9, 9, 1, 9, 8, 9, 9);[28.548817217874735, 28.580851900236933, 28.581033084304426, 28.574359463085806]
(3, 0.0, 9, 9, 9, 1, 9, 8, 9, 9, 9, 9, 9, 1, 9, 8, 9, 9);[28.48089988235642, 28.487880799639612, 28.491755264925033, 28.478874178186043]
(3, 1.0, 9, 9, 9, 1, 9, 8, 9, 9, 9, 9, 9, 1, 9, 8, 9, 9);[28.57255372667399, 28.557201301436542, 28.54640542972359, 28.554523016549073]
