(0, 0.0, 0, 0, 0, 0, 0, 0, 0, 0, 0, 0, 0, 0, 0, 0, 0, 0);[0.05879306075467224, 0.052873710624333756, 0.054346718959243416, 0.08709068241374111]
(0, 0.0, 0, 0, 0, 0, 1, 0, 1, 0, 0, 0, 0, 0, 0, 0, 0, 0);[-0.07736584979281609, -0.014518046972051843, -0.10263433893082943, -0.07397468672393379]
(0, 1.0, 0, 0, 0, 0, 0, 0, 1, 0, 0, 0, 0, 0, 0, 0, 0, 0);[-0.017162654387774964, -0.0485984356664985, 0.13038874224598157, -0.03688779495426034]
(0, 1.0, 0, 0, 0, 0, 0, 0, 1, 0, 0, 0, 0, 0, 0, 0, 1, 0);[-0.018378310916728688, -0.06334288634003493, 0.17584202474464483, -0.03968277410641749]
(1, 0.0, 0, 0, 0, 0, 0, 0, 1, 0, 0, 0, 0, 0, 0, 0, 1, 0);[-0.072467065, -0.07007907083418437, -0.0763676014715, -0.05494853249288662]
(1, 1.0, 0, 0, 0, 0, 0, 0, 1, 0, 0, 0, 0, 0, 0, 0, 1, 0);[-0.015000000000000003, -0.016000000000000004, 0.17613597213473772, 0]
(0, 0.0, 0, 0, 0, 0, 0, 0, 1, 0, 0, 0, 0, 0, 0, 0, 1, 0);[0.04744435748052405, -0.09110854673250195, -0.09735325254860244, -0.09468023344061784]
(2, 0.0, 0, 0, 0, 0, 0, 0, 0, 0, 0, 0, 0, 0, 0, 0, 0, 0);[0.08298290802400214, 0.0947856813074805, 0.08031426219335214, 0.16415661949061416]
(2, 1.0, 0, 0, 0, 0, 0, 0, 0, 0, 0, 0, 0, 0, 0, 0, 0, 0);[0.08083357943909465, -0.025909907096702732, 0.15305909879188673, 0.34083733406156824]
(0, 1.0, 0, 0, 0, 0, 0, 0, 0, 0, 0, 0, 0, 0, 0, 0, 0, 0);[0.09341455383527733, 0.04353271504236464, 0.1369381481889717, 0.09485372638349687]
(1, 0.0, 0, 0, 0, 0, 0, 0, 0, 0, 0, 0, 0, 0, 0, 0, 0, 0);[0.0016413435051072511, 0.01838297844517283, 0.0095143005845628, -0.009374842077164363]
(1, 1.0, 0, 0, 0, 0, 0, 0, 0, 0, 0, 0, 0, 0, 0, 0, 0, 0);[-0.0022115506875239853, 0.0021948111801012174, 0.04814239322382017, 0.215413035435216]
(3, 0.0, 0, 0, 0, 0, 0, 0, 0, 0, 0, 0, 0, 0, 0, 0, 0, 0);[0.03678967982734071, 0.04449520833800623, 0.0960479949933058, 0.05121268795053961]
(3, 1.0, 0, 0, 0, 0, 0, 0, 0, 0, 0, 0, 0, 0, 0, 0, 0, 0);[0.274733859498845, 0.018764466122566947, 0.07894358629148823, 0.09850250040384147]
(2, 1.0, 0, 0, 0, 0, 1, 0, 1, 0, 0, 0, 0, 0, 0, 0, 0, 0);[-0.048685259430922355, -0.06713092035170652, -0.023303063681557434, -0.06724823937233662]
(0, 0.0, 0, 0, 0, 0, 0, 0, 1, 0, 0, 0, 0, 0, 0, 0, 0, 0);[-0.09709200398761818, -0.012390237891515827, -0.09806103856796017, -0.10264399709093845]
(2, 1.0, 1, 0, 0, 0, 0, 0, 0, 0, 0, 0, 0, 0, 0, 0, 0, 0);[0.1294090706815429, -0.029659217046177317, -0.011306248981891205, 0.06857941921714811]
(2, 0.0, 0, 0, 0, 0, 1, 0, 1, 0, 0, 0, 0, 0, 0, 0, 0, 0);[-0.039529253752267186, -0.05267698005018393, -0.021904143554831973, -0.05568977476599065]
(1, 0.0, 0, 0, 0, 0, 1, 0, 1, 0, 0, 0, 0, 0, 0, 0, 0, 0);[-0.1461044862912238, -0.1252739120641992, -0.13457608055011244, -0.1271259904478249]
(1, 0.0, 0, 0, 0, 0, 1, 0, 1, 0, 0, 0, 0, 0, 1, 0, 1, 0);[-0.27087055441970187, -0.29050907036047646, -0.27000933027897633, -0.28107358337077437]
(1, 1.0, 0, 0, 0, 0, 1, 0, 1, 0, 0, 0, 0, 0, 1, 0, 1, 0);[-0.06412718014175847, -0.08694300000000002, -0.08568206174377414, -0.10275364878666396]
(2, 0.0, 0, 0, 0, 0, 1, 0, 0, 0, 0, 0, 0, 0, 1, 0, 0, 0);[-0.14503518500298318, -0.14120258024035484, -0.15851057610267646, -0.14513566083470175]
(2, 1.0, 0, 0, 0, 0, 1, 0, 0, 0, 0, 0, 0, 0, 1, 0, 0, 0);[-0.016517445329943106, -0.07900673478038527, -0.03890974509445076, -0.037457984363338845]
(0, 0.0, 0, 0, 0, 0, 1, 0, 0, 0, 0, 0, 0, 0, 0, 0, 0, 0);[0.05352502303970497, -0.001585539359744979, 0.027043603054085524, 0.021055173869447198]
(2, 1.0, 0, 0, 0, 0, 1, 0, 0, 0, 0, 0, 0, 0, 0, 0, 0, 0);[-0.0009661515195874704, -0.10039493216613596, -0.04768292717628983, -0.04420977451553126]
(2, 0.0, 1, 0, 0, 0, 0, 0, 0, 0, 0, 0, 0, 0, 0, 0, 0, 0);[-0.023118120210641028, -0.02478829409558923, 0.001179103305248009, -0.023945027514169652]
(1, 0.0, 0, 0, 0, 0, 1, 0, 0, 0, 0, 0, 0, 0, 1, 0, 0, 0);[-0.15382995979646943, -0.15097045894042463, -0.15704909246477813, -0.15884993117411556]
(1, 1.0, 0, 0, 0, 0, 1, 0, 0, 0, 0, 0, 0, 0, 1, 0, 0, 0);[0.12608428678375086, 0, 0, 0]
(3, 0.0, 0, 0, 0, 0, 0, 0, 1, 0, 0, 0, 0, 0, 0, 0, 1, 0);[-0.04740519467801431, -0.056440013500000004, -0.05780658544753612, -0.04786689037777889]
(3, 1.0, 0, 0, 0, 0, 0, 0, 1, 0, 0, 0, 0, 0, 0, 0, 1, 0);[-0.0003938035960197214, -0.013485, 0.1484720240946218, 0]
(1, 1.0, 1, 0, 0, 0, 0, 0, 1, 0, 0, 0, 0, 0, 0, 0, 1, 0);[-0.013188, -0.020000000000000004, -0.0024072085183471275, 0.001108999999999996]
(3, 0.0, 0, 0, 0, 0, 1, 0, 1, 0, 0, 0, 0, 0, 0, 0, 0, 0);[-0.08556777691394069, -0.17343543701635292, -0.1619153006866455, -0.1616725670852703]
(3, 1.0, 0, 0, 0, 0, 1, 0, 1, 0, 0, 0, 0, 0, 0, 0, 0, 0);[-0.025469395344376693, -0.1474562675722823, -0.07487931212913987, -0.11521652708137127]
(0, 0.0, 0, 0, 0, 0, 1, 0, 1, 0, 0, 0, 0, 0, 0, 0, 1, 0);[-0.058672363287459076, -0.06386679670861187, -0.06228569352007081, -0.007544398339580889]
(2, 1.0, 1, 0, 0, 0, 1, 0, 0, 0, 0, 0, 0, 0, 0, 0, 0, 0);[0.13099157086324326, 0, 0, 0]
(1, 1.0, 1, 0, 0, 0, 1, 0, 1, 0, 0, 0, 0, 0, 1, 0, 1, 0);[-0.00329247562022442, -0.030000000000000006, -0.0316464775753136, -0.048]
(3, 1.0, 0, 0, 0, 0, 1, 0, 1, 0, 0, 0, 0, 0, 1, 0, 1, 0);[-0.10677860712952242, -0.2008904530931686, -0.14315947468010137, -0.14383986829288004]
(0, 1.0, 0, 0, 0, 0, 1, 0, 1, 0, 0, 0, 0, 0, 0, 0, 0, 0);[0.07171701970670577, -0.043783331496351705, -0.024925676880574968, -0.0430831578288262]
(3, 0.0, 0, 0, 0, 0, 1, 0, 1, 0, 0, 0, 0, 0, 1, 0, 0, 0);[-0.10926419247663638, -0.10855059157361927, -0.10005708615219758, -0.09647126596150253]
(3, 0.0, 0, 0, 0, 0, 1, 0, 1, 0, 0, 0, 0, 0, 1, 0, 1, 0);[-0.20391567143745923, -0.19171949823249798, -0.19005854366167574, -0.19308834661006588]
(0, 1.0, 1, 0, 0, 0, 0, 0, 0, 0, 0, 0, 0, 0, 0, 0, 0, 0);[-0.00668633814084684, -0.0022296536243487527, -0.0001639215748799411, 0.1544597404575866]
(2, 0.0, 0, 0, 0, 0, 1, 0, 1, 1, 0, 0, 0, 0, 0, 0, 0, 0);[-0.004999999999999983, -0.008000000000000007, -0.004999999999999994, 0.3641229118211408]
(2, 1.0, 0, 0, 0, 0, 1, 0, 0, 1, 0, 0, 0, 0, 0, 0, 0, 1);[-0.010000000000000009, -0.023, -0.006112272630359743, 0]
(0, 0.0, 0, 0, 0, 0, 1, 0, 0, 1, 0, 0, 0, 0, 0, 0, 0, 1);[-0.010000000000000009, -0.008394651708007631, 0.12482639270776735, 0]
(0, 0.0, 1, 0, 0, 0, 0, 0, 0, 1, 0, 0, 0, 0, 0, 0, 0, 1);[-0.010000000000000009, 0, 0, 0]
(0, 1.0, 0, 0, 0, 0, 0, 0, 0, 1, 0, 0, 0, 0, 0, 0, 0, 1);[-0.009999999999999966, -0.010000000000000054, -0.0019999999999999575, 0.2677582151179978]
(1, 0.0, 0, 0, 0, 0, 0, 0, 0, 1, 0, 0, 0, 0, 0, 0, 0, 1);[-0.028989999999999967, -0.031988000000000016, -0.03445609484313868, -0.03561919000000001]
(1, 1.0, 0, 0, 0, 0, 0, 0, 0, 1, 0, 0, 0, 0, 0, 0, 0, 1);[-0.009999999999999966, -0.009999999999999988, -0.01128717623134673, 0.015803166939610185]
(0, 0.0, 0, 0, 0, 0, 0, 0, 0, 1, 0, 0, 0, 0, 0, 0, 0, 1);[0.058722847298213476, -0.015000000000000036, -0.024000000000000063, -0.012960212689895147]
(2, 0.0, 0, 0, 0, 0, 0, 0, 0, 1, 0, 0, 0, 0, 0, 0, 0, 1);[-0.027679887498659468, -0.02610638476703547, 0.10049986696489008, -0.030999999999999986]
(2, 1.0, 0, 0, 0, 0, 0, 0, 0, 1, 0, 0, 0, 0, 0, 0, 0, 1);[-0.009999999999999966, -0.014999999999999993, -0.014999999999999993, 0.34809416377950436]
(3, 0.0, 1, 0, 0, 0, 0, 0, 0, 0, 0, 0, 0, 0, 0, 0, 0, 0);[0.12379898732421547, 0.020509816265296153, 0.039425697948307845, -0.014093101862894867]
(3, 1.0, 1, 0, 0, 0, 0, 0, 0, 0, 0, 0, 0, 0, 0, 0, 0, 0);[0.2502105755490497, -0.011000000000000005, -0.002987928372411339, 0.03876199550787866]
(2, 0.0, 0, 0, 0, 0, 1, 0, 0, 0, 0, 0, 0, 0, 0, 0, 0, 0);[-0.10439205274890043, -0.10247601385333215, -0.03872867123310987, -0.10322377222360904]
(3, 0.0, 0, 0, 0, 0, 1, 0, 0, 0, 0, 0, 0, 0, 1, 0, 0, 0);[-0.07007602403005556, -0.06006301547121263, -0.05974303008452044, -0.05919352994803854]
(3, 1.0, 0, 0, 0, 0, 1, 0, 0, 0, 0, 0, 0, 0, 1, 0, 0, 0);[0.11976221031970992, 0, 0, 0]
(2, 1.0, 1, 0, 0, 0, 1, 0, 0, 0, 0, 0, 0, 0, 1, 0, 0, 0);[0.24245949959009705, 0, 0, 0]
(3, 0.0, 0, 0, 0, 0, 1, 0, 1, 0, 0, 0, 0, 0, 0, 0, 1, 0);[-0.09047731185189323, -0.08397738560713958, -0.10324321998040778, -0.08952836908390634]
(3, 1.0, 1, 0, 0, 0, 1, 0, 1, 0, 0, 0, 0, 0, 1, 0, 1, 0);[0.06406940675426628, -0.03199999999999999, -0.030334584698214442, -0.056972999999999996]
(1, 0.0, 0, 0, 0, 0, 1, 0, 1, 0, 0, 0, 0, 0, 0, 0, 1, 0);[-0.026188000000000003, 0, 0, 0]
(1, 0.0, 1, 0, 0, 0, 1, 0, 1, 0, 0, 0, 0, 0, 1, 0, 1, 0);[-0.06253061233075624, -0.08448711, -0.07944422181713698, -0.08818237790606621]
(1, 0.0, 1, 0, 0, 0, 1, 0, 1, 0, 1, 0, 0, 0, 1, 0, 1, 0);[-0.03565431499739638, -0.029045774808765513, -0.039999999999999994, 0]
(1, 1.0, 1, 0, 0, 0, 1, 0, 1, 0, 1, 0, 0, 0, 1, 0, 1, 0);[0.11359434609212414, 0, 0, 0]
(3, 1.0, 0, 0, 0, 0, 1, 0, 1, 0, 0, 0, 0, 0, 0, 0, 1, 0);[-0.10952130200878338, -0.13387422968421725, -0.11399139664653932, -0.12617112039306266]
(0, 0.0, 1, 0, 0, 0, 0, 0, 1, 0, 0, 0, 0, 0, 0, 0, 1, 0);[0.049765026874313195, 0, 0, 0]
(2, 1.0, 1, 0, 0, 0, 0, 0, 0, 0, 1, 0, 0, 0, 0, 0, 0, 0);[0.08754663784541464, 0, 0, 0]
(2, 0.0, 1, 0, 0, 0, 1, 0, 0, 0, 0, 0, 0, 0, 0, 0, 0, 0);[-0.017643220027084867, -0.01741220565933607, 0.07563374241949308, 0]
(1, 1.0, 0, 0, 0, 0, 1, 0, 1, 0, 0, 0, 0, 0, 0, 0, 0, 0);[-0.02663907158714282, -0.02759174119818422, -0.02023462513129018, -0.02876039339809137]
(2, 0.0, 1, 0, 0, 0, 1, 0, 0, 0, 0, 0, 0, 0, 1, 0, 0, 0);[-0.026704408997704616, 0.0004402369730935659, -0.030255455608711852, -0.02635391477423457]
(2, 0.0, 1, 0, 0, 0, 1, 0, 0, 0, 1, 0, 0, 0, 1, 0, 0, 0);[-0.020000000000000004, -0.0009893039820126851, -0.02126059361109077, -0.025088705340693872]
(2, 1.0, 1, 0, 0, 0, 1, 0, 0, 0, 1, 0, 0, 0, 1, 0, 0, 0);[0.37657802681616837, 0, 0, 0]
(3, 1.0, 1, 0, 0, 0, 0, 0, 0, 0, 1, 0, 0, 0, 0, 0, 0, 0);[0.23396393656287198, 0, -0.01053468414341443, 0]
(3, 1.0, 0, 0, 0, 0, 1, 0, 1, 0, 0, 0, 0, 0, 1, 0, 0, 0);[-0.11582714597207211, -0.1404299690558863, -0.11622078616778334, -0.12761608708568387]
(0, 1.0, 1, 0, 0, 0, 0, 0, 1, 0, 0, 0, 0, 0, 0, 0, 1, 0);[-0.006050727185724613, -0.0178215, 0.07742712493174847, 0]
(0, 0.0, 1, 0, 0, 0, 1, 0, 0, 0, 0, 0, 0, 0, 0, 0, 0, 0);[0.146598081997308, 0, 0.03090418439841293, 0]
(3, 0.0, 1, 0, 0, 0, 0, 0, 0, 0, 1, 0, 0, 0, 0, 0, 0, 0);[-0.010000000000000002, 0.0539185339176201, -0.0013871651261111295, -0.011320181062753839]
(1, 0.0, 1, 0, 0, 0, 0, 0, 0, 0, 0, 0, 0, 0, 0, 0, 0, 0);[-0.028547431225086194, -0.03360828734499157, -0.03936346228177003, -0.027897359947299024]
(1, 1.0, 1, 0, 0, 0, 0, 0, 0, 0, 1, 0, 0, 0, 0, 0, 0, 0);[0.10599766710770474, 0, 0, 0]
(1, 1.0, 1, 0, 0, 0, 0, 0, 0, 0, 0, 0, 0, 0, 0, 0, 0, 0);[0.07214223917526874, 0, 0, 0]
(3, 1.0, 1, 0, 0, 0, 0, 0, 1, 0, 0, 0, 0, 0, 0, 0, 1, 0);[-0.0044475705290175594, -0.020999999999999998, 0.022561211904319374, 0]
(0, 0.0, 1, 0, 0, 0, 0, 0, 0, 0, 0, 0, 0, 0, 0, 0, 0, 0);[0.10244654543320983, 0, 0, 0]
(0, 1.0, 0, 0, 0, 0, 1, 0, 1, 0, 0, 0, 0, 0, 0, 0, 1, 0);[0.007378731562168815, -0.034630632810347846, -0.01605970934614589, -0.013770218]
(1, 0.0, 1, 0, 0, 0, 0, 0, 1, 0, 0, 0, 0, 0, 0, 0, 1, 0);[-0.018, -0.016999999999999998, 0, 0]
(2, 0.0, 1, 0, 0, 0, 0, 0, 0, 0, 1, 0, 0, 0, 0, 0, 0, 0);[-0.01539544908354561, -0.017152057354605163, -0.011348701164944462, -0.009983066735863168]
(3, 1.0, 0, 0, 1, 0, 1, 0, 1, 0, 0, 0, 0, 0, 0, 0, 0, 0);[-0.014999999999999993, 0.011870000000000007, 0, 0]
(0, 0.0, 0, 0, 1, 0, 1, 0, 1, 0, 0, 0, 0, 0, 0, 0, 1, 0);[-0.010999999999999989, -0.012651244933448942, 0, 0]
(0, 0.0, 0, 0, 1, 0, 0, 0, 1, 0, 0, 0, 0, 0, 0, 0, 1, 0);[-0.01900000000000004, -0.015000000000000003, 0.01821237809997958, 0]
(0, 1.0, 0, 0, 1, 0, 0, 0, 1, 0, 0, 0, 1, 0, 0, 0, 1, 0);[-0.018999999999999996, -0.019999999999999976, 0.37237203963288523, 0]
(1, 0.0, 0, 0, 1, 0, 0, 0, 1, 0, 0, 0, 1, 0, 0, 0, 1, 0);[-0.049980000000000024, -0.037832542174658236, -0.043975, -0.04085526310820022]
(1, 1.0, 0, 0, 1, 0, 0, 0, 1, 0, 0, 0, 1, 0, 0, 0, 1, 0);[-0.019999999999999976, -0.025, 0.22891854493428826, 0]
(0, 0.0, 0, 0, 1, 0, 0, 0, 1, 0, 0, 0, 1, 0, 0, 0, 1, 0);[-0.020000000000000018, -0.019999999999999976, 0.024856017112748634, 0]
(1, 0.0, 0, 0, 0, 0, 1, 0, 0, 0, 0, 0, 0, 0, 0, 0, 0, 0);[-0.02698, -0.057397768288054866, -0.0546296896689463, -0.027572983589118107]
(1, 1.0, 1, 0, 0, 0, 1, 0, 0, 0, 0, 0, 0, 0, 1, 0, 0, 0);[0.026986255629585253, 0, 0, 0]
(3, 0.0, 1, 0, 0, 0, 1, 0, 1, 0, 0, 0, 0, 0, 1, 0, 1, 0);[-0.058968000000000007, -0.08627376256288617, -0.08678083466198433, -0.06155682708128684]
(3, 0.0, 1, 0, 0, 0, 1, 0, 1, 0, 1, 0, 0, 0, 1, 0, 1, 0);[-0.03499999999999999, 0, 0, 0]
(3, 1.0, 1, 0, 0, 0, 1, 0, 1, 0, 1, 0, 0, 0, 1, 0, 1, 0);[0.04469077117284585, 0, 0, 0]
(3, 0.0, 0, 0, 0, 0, 1, 0, 0, 0, 0, 0, 0, 0, 0, 0, 0, 0);[-0.030613194083424285, -0.04037246529946317, -0.05154511335377247, -0.03372872248278639]
(1, 0.0, 1, 0, 0, 0, 0, 0, 0, 0, 1, 0, 0, 0, 0, 0, 0, 0);[-0.019460450178990445, -0.015000000000000003, -0.014186910811496263, -0.015000000000000003]
(0, 0.0, 1, 0, 0, 0, 1, 0, 1, 0, 0, 0, 0, 0, 0, 0, 1, 0);[-0.0024110217745559595, -0.00752256543191983, -0.005159084753653131, 0.07194885705015744]
(1, 0.0, 1, 0, 0, 0, 1, 0, 0, 0, 0, 0, 0, 0, 1, 0, 0, 0);[-0.022, -0.026000000000000002, 0, 0]
(1, 1.0, 1, 0, 0, 0, 1, 0, 0, 0, 1, 0, 0, 0, 1, 0, 0, 0);[0.015135751083657202, 0, 0, 0]
(3, 1.0, 1, 0, 0, 0, 1, 0, 0, 0, 0, 0, 0, 0, 1, 0, 0, 0);[0.10081201749624015, 0, 0, 0]
(2, 1.0, 0, 0, 0, 0, 1, 0, 1, 0, 0, 0, 0, 0, 1, 0, 0, 0);[-0.004162977035865685, 0, 0, 0]
(0, 0.0, 1, 0, 0, 0, 0, 0, 1, 0, 0, 0, 0, 0, 0, 0, 0, 0);[-0.019984221024307733, -0.006111461944030828, 0, 0]
(3, 0.0, 1, 0, 0, 0, 1, 0, 0, 0, 0, 0, 0, 0, 1, 0, 0, 0);[-0.020513325204397203, -0.014000000000000012, -0.029999999999999985, -0.010099303367386027]
(3, 0.0, 1, 0, 0, 0, 0, 0, 1, 0, 0, 0, 0, 0, 0, 0, 1, 0);[-0.019000000000000003, -0.03229464030549041, -0.023991, -0.020999999999999998]
(1, 0.0, 1, 0, 0, 0, 0, 0, 1, 0, 1, 0, 0, 0, 0, 0, 1, 0);[-0.029000000000000005, -0.030000000000000006, -0.04410800777812861, -0.025]
(1, 1.0, 1, 0, 0, 0, 0, 0, 1, 0, 1, 0, 0, 0, 0, 0, 1, 0);[0.03316103198301673, 0, 0, 0]
(0, 1.0, 0, 0, 1, 0, 0, 0, 1, 0, 0, 0, 0, 0, 0, 0, 1, 0);[-0.020000000000000007, -0.022, 0.26513277503259086, 0]
(3, 1.0, 1, 0, 0, 0, 1, 0, 1, 0, 0, 0, 0, 0, 0, 0, 0, 0);[0.022827493829526452, -0.03716582123393449, -0.02199562336131284, -0.012627183993390578]
(3, 1.0, 1, 0, 0, 0, 1, 0, 1, 0, 1, 0, 0, 0, 0, 0, 0, 0);[-0.0054218268660541635, 0, 0, 0]
(3, 0.0, 0, 0, 1, 0, 0, 0, 0, 0, 0, 0, 0, 0, 0, 0, 0, 0);[-0.010000000000000002, 0.06449447019060962, -0.008562695112235827, -0.009999999999999988]
(3, 1.0, 0, 0, 1, 0, 0, 0, 0, 0, 0, 0, 0, 0, 0, 0, 0, 0);[-0.008714329429999997, -0.006, 0.28166212298371296, 0]
(0, 0.0, 0, 0, 1, 0, 0, 0, 0, 0, 0, 0, 0, 0, 0, 0, 0, 0);[-0.027572926762623972, 0.09900780234828992, -0.0213833998824458, -0.02433680398085923]
(0, 0.0, 0, 0, 1, 0, 0, 0, 0, 0, 0, 0, 1, 0, 0, 0, 0, 0);[-0.02401444259421778, 0.000723265456857477, -0.018312653026103902, -0.017999999999999995]
(0, 1.0, 0, 0, 1, 0, 0, 0, 0, 0, 0, 0, 1, 0, 0, 0, 0, 0);[-0.009999999999999998, -0.010000000000000004, 0.24567776236829966, 0]
(1, 0.0, 0, 0, 1, 0, 1, 0, 1, 0, 0, 0, 1, 0, 0, 0, 0, 0);[-0.028000000000000004, -0.009999999999999998, -0.027999999999999997, -0.034703]
(1, 1.0, 0, 0, 1, 0, 1, 0, 1, 0, 0, 0, 1, 0, 0, 0, 0, 0);[-0.021000000000000008, 0, 0, 0]
(0, 0.0, 0, 0, 1, 0, 1, 0, 1, 0, 0, 0, 1, 0, 0, 0, 1, 0);[-0.02499999999999999, -0.001899449056725797, 0, 0]
(2, 0.0, 0, 0, 1, 0, 0, 0, 0, 0, 0, 0, 0, 0, 0, 0, 0, 0);[0.1689566080987152, 0, 0, 0]
(0, 1.0, 1, 0, 0, 0, 1, 0, 1, 0, 0, 0, 0, 0, 0, 0, 0, 0);[0.0, 0, 0, 0]
(0, 1.0, 1, 0, 0, 0, 0, 0, 1, 0, 0, 0, 0, 0, 0, 0, 0, 0);[0.019132070872069997, 0, 0, 0]
(2, 0.0, 1, 0, 0, 0, 1, 0, 1, 0, 0, 0, 0, 0, 0, 0, 0, 0);[-0.001, -0.009901, -0.006, -0.009999999999999998]
(2, 1.0, 1, 0, 0, 0, 1, 0, 1, 0, 0, 0, 0, 0, 0, 0, 0, 0);[-0.003100000000000001, -0.001, 0.04386873595278738, 0]
(0, 0.0, 1, 0, 0, 0, 1, 0, 1, 0, 0, 0, 0, 0, 0, 0, 0, 0);[-0.017933468775140345, -0.009999999999999998, 0.0006914967001729446, -0.012299294104617657]
(0, 0.0, 0, 1, 0, 0, 0, 0, 0, 0, 0, 0, 0, 0, 0, 0, 0, 0);[-0.022902097668111732, -0.01730582566401749, -0.011124033298718599, -0.015045636964913612]
(0, 1.0, 0, 1, 0, 0, 0, 0, 0, 0, 0, 0, 0, 0, 0, 0, 0, 0);[-0.011, 0.056239051000849805, 0, 0]
(0, 1.0, 0, 1, 0, 0, 0, 0, 0, 0, 0, 1, 0, 0, 0, 0, 0, 0);[-0.015000000000000008, 0.2607154247155569, 0, 0]
(1, 1.0, 0, 0, 0, 0, 1, 0, 1, 0, 0, 0, 0, 0, 1, 0, 0, 0);[-0.024956870909210664, -0.029825551832564908, 0, 0]
(0, 1.0, 0, 1, 0, 0, 1, 0, 1, 0, 0, 0, 0, 0, 0, 0, 0, 0);[-0.006000000000000005, 0, 0, 0]
(0, 1.0, 0, 1, 0, 0, 1, 0, 1, 0, 0, 1, 0, 0, 0, 0, 0, 0);[-0.009999999999999998, 0.03940370152043237, 0, 0]
(0, 1.0, 0, 1, 0, 0, 0, 0, 1, 0, 0, 1, 0, 0, 0, 0, 0, 0);[-0.015999999999999993, 0.046, 0, 0]
(1, 0.0, 0, 1, 0, 0, 0, 0, 1, 0, 0, 0, 0, 0, 0, 0, 1, 0);[-0.02582234802288155, 0.02625553352436292, 0, 0]
(0, 1.0, 0, 1, 0, 0, 0, 0, 1, 0, 0, 0, 0, 0, 0, 0, 1, 0);[-0.019999999999999997, 0.03760038351960815, 0, -0.015000000000000003]
(0, 0.0, 0, 0, 0, 0, 1, 0, 0, 1, 0, 0, 0, 0, 0, 0, 0, 0);[-0.005000000000000001, -0.009178948471508422, -0.0063302159011185515, 0.005079090789021528]
(0, 1.0, 0, 0, 0, 0, 1, 0, 0, 1, 0, 0, 0, 0, 0, 0, 0, 0);[-0.004999999999999999, -0.00619184719602987, -0.004089446189436552, -0.005842879213236158]
(0, 1.0, 0, 0, 0, 0, 0, 0, 0, 1, 0, 0, 0, 0, 0, 0, 0, 0);[0.07371522617679646, 0, 0, 0]
(3, 0.0, 0, 0, 0, 0, 1, 0, 0, 1, 0, 0, 0, 0, 0, 0, 0, 0);[-0.014500000000000013, -0.011810405529440864, 0.016892970801701768, -0.008058209706152846]
(3, 1.0, 0, 0, 0, 0, 1, 0, 0, 1, 0, 0, 0, 0, 0, 0, 0, 0);[-0.004999999999999994, -0.0057303819640407904, -0.00414040681060311, 0.022315648826056727]
(0, 0.0, 0, 0, 0, 0, 0, 0, 0, 1, 0, 0, 0, 0, 0, 0, 0, 0);[-0.014989999999999998, 0.0525069350585379, 0, 0]
(0, 1.0, 0, 0, 1, 0, 0, 0, 0, 0, 0, 0, 0, 0, 0, 0, 0, 0);[-0.0050000000000000044, -0.006, 0.32494692144553383, 0]
(0, 1.0, 0, 0, 1, 0, 1, 0, 1, 1, 0, 0, 0, 0, 0, 0, 0, 0);[-0.004999999999999994, -0.016000000000000004, 0, 0]
(1, 0.0, 0, 0, 1, 0, 1, 0, 1, 1, 0, 0, 1, 0, 0, 0, 1, 0);[-0.04100000000000001, 0, 0, 0]
(1, 0.0, 0, 0, 1, 0, 1, 0, 1, 1, 0, 0, 1, 0, 1, 0, 1, 1);[-0.05, 0, 0, 0]
(1, 1.0, 0, 0, 1, 0, 1, 0, 1, 1, 0, 0, 1, 0, 1, 0, 1, 1);[-0.03200000000000001, 0, 0, 0]
(0, 0.0, 0, 0, 1, 0, 1, 0, 1, 1, 0, 0, 1, 0, 0, 0, 1, 1);[-0.014000000000000012, 0, 0, 0]
(0, 0.0, 0, 0, 1, 0, 0, 0, 1, 1, 0, 0, 1, 0, 0, 0, 1, 1);[-0.03499999999999997, 0, 0, 0]
(0, 1.0, 0, 0, 1, 0, 0, 0, 1, 1, 0, 0, 1, 0, 0, 0, 1, 1);[-0.03500000000000001, -0.03500000000000001, 0, 0]
(1, 0.0, 0, 0, 1, 0, 0, 0, 1, 1, 0, 0, 1, 0, 0, 0, 1, 1);[-0.03500000000000001, -0.03500000000000001, 0, 0]
(1, 1.0, 0, 0, 1, 0, 0, 0, 1, 1, 0, 0, 1, 0, 0, 0, 1, 1);[-0.03699999999999997, 0, 0, 0]
(0, 0.0, 0, 0, 2, 0, 0, 0, 1, 1, 0, 0, 1, 0, 0, 0, 1, 1);[-0.03500000000000005, 0, 0, 0]
(0, 0.0, 0, 0, 3, 0, 0, 0, 1, 1, 0, 0, 1, 0, 0, 0, 1, 1);[-0.03799999999999999, 0, 0, 0]
(0, 1.0, 0, 0, 3, 0, 1, 0, 1, 2, 0, 0, 2, 0, 0, 0, 1, 1);[-0.04499999999999993, 0, 0, 0]
(0, 1.0, 0, 0, 3, 0, 1, 0, 1, 2, 0, 0, 3, 0, 0, 0, 1, 1);[-0.05, -0.05800000000000001, 0, 0]
(1, 0.0, 0, 0, 3, 0, 1, 0, 1, 2, 0, 0, 3, 0, 0, 0, 1, 2);[-0.07300000000000005, 0, 0, 0]
(1, 0.0, 0, 0, 3, 0, 1, 0, 1, 2, 0, 0, 3, 0, 1, 0, 1, 2);[-0.07799999999999994, 0, 0, 0]
(1, 1.0, 0, 0, 3, 0, 1, 0, 1, 2, 0, 0, 3, 0, 1, 0, 1, 2);[-0.05500000000000008, 0, 0, 0]
(0, 0.0, 0, 0, 3, 0, 0, 0, 1, 2, 0, 0, 3, 0, 0, 0, 1, 2);[-0.053999999999999916, -0.06500000000000004, -0.06000000000000005, -0.05999999999999997]
(0, 1.0, 0, 0, 3, 0, 0, 0, 1, 2, 0, 0, 3, 0, 0, 0, 1, 2);[-0.06500000000000004, -0.06500000000000004, 0.11699999999999999, 0]
(1, 0.0, 0, 0, 3, 0, 0, 0, 1, 2, 0, 0, 3, 0, 0, 0, 1, 2);[-0.06500000000000004, -0.06699999999999999, 0, 0]
(1, 1.0, 0, 0, 3, 0, 0, 0, 1, 2, 0, 0, 3, 0, 0, 0, 1, 2);[-0.06499999999999986, 0, 0, 0]
(0, 0.0, 0, 0, 4, 0, 0, 0, 1, 2, 0, 0, 3, 0, 0, 0, 1, 2);[-0.06800000000000016, -0.07500000000000001, 0, 0]
(0, 1.0, 0, 0, 4, 0, 1, 0, 2, 2, 0, 0, 4, 0, 0, 0, 1, 2);[-0.07500000000000001, -0.08099999999999988, 0, 0]
(1, 0.0, 0, 0, 4, 0, 1, 0, 2, 2, 0, 0, 4, 0, 0, 0, 2, 2);[-0.0990000000000002, 0, 0, 0]
(1, 0.0, 0, 0, 4, 0, 1, 0, 2, 2, 0, 0, 4, 0, 1, 0, 2, 2);[-0.1, 0, 0, 0]
(1, 1.0, 0, 0, 4, 0, 1, 0, 2, 2, 0, 0, 4, 0, 1, 0, 2, 2);[-0.08200000000000003, 0, 0, 0]
(0, 0.0, 0, 0, 4, 0, 0, 0, 2, 2, 0, 0, 4, 0, 0, 0, 2, 2);[-0.14969999999999986, -0.09499999999999993, -0.08999999999999986, -0.08999999999999986]
(0, 1.0, 0, 0, 4, 0, 0, 0, 2, 2, 0, 0, 4, 0, 0, 0, 2, 2);[-0.09499999999999993, -0.07500000000000001, 0.19399999999999995, 0]
(1, 0.0, 0, 0, 4, 0, 0, 0, 2, 2, 0, 0, 4, 0, 0, 0, 2, 2);[-0.09000000000000022, -0.08999999999999986, 0, 0]
(1, 1.0, 0, 0, 4, 0, 0, 0, 2, 2, 0, 0, 4, 0, 0, 0, 2, 2);[-0.09000000000000022, 0, 0, 0]
(0, 1.0, 0, 0, 4, 0, 1, 0, 3, 3, 0, 0, 4, 0, 0, 0, 2, 2);[-0.09000000000000022, -0.09699999999999989, 0, 0]
(1, 0.0, 0, 0, 4, 0, 1, 0, 3, 3, 0, 0, 4, 0, 0, 0, 3, 3);[-0.10899999999999999, 0, 0, 0]
(1, 0.0, 0, 0, 4, 0, 1, 0, 3, 3, 0, 0, 4, 0, 1, 0, 3, 3);[-0.11999999999999994, 0, 0, 0]
(1, 1.0, 0, 0, 4, 0, 1, 0, 3, 3, 0, 0, 4, 0, 1, 0, 3, 3);[-0.10500000000000008, 0, 0, 0]
(0, 0.0, 0, 0, 4, 0, 1, 0, 3, 3, 0, 0, 4, 0, 0, 0, 3, 3);[-0.08800000000000026, 0, 0, 0]
(0, 0.0, 0, 0, 4, 0, 0, 0, 3, 3, 0, 0, 4, 0, 0, 0, 3, 3);[-0.10499999999999972, -0.10499999999999972, -0.10499999999999972, 0]
(0, 1.0, 0, 0, 4, 0, 0, 0, 3, 3, 0, 0, 4, 0, 0, 0, 3, 3);[-0.10300000000000012, -0.10499999999999972, 0, 0]
(1, 0.0, 0, 0, 4, 0, 0, 0, 3, 3, 0, 0, 4, 0, 0, 0, 3, 3);[-0.10500000000000043, -0.10499999999999972, 0, 0]
(1, 1.0, 0, 0, 4, 0, 0, 0, 3, 3, 0, 0, 4, 0, 0, 0, 3, 3);[-0.10500000000000043, 0, 0, 0]
(0, 1.0, 0, 0, 4, 0, 0, 0, 4, 3, 0, 0, 4, 0, 0, 0, 3, 3);[-0.10500000000000043, 0, 0, 0]
(0, 1.0, 0, 0, 4, 0, 1, 0, 4, 4, 0, 0, 4, 0, 0, 0, 3, 3);[-0.10700000000000004, 0, 0, 0]
(0, 1.0, 0, 0, 4, 0, 1, 0, 4, 4, 0, 0, 4, 0, 0, 0, 4, 3);[-0.11699999999999947, 0, 0, 0]
(0, 1.0, 0, 0, 4, 0, 0, 0, 4, 4, 0, 0, 4, 0, 0, 0, 4, 4);[-0.12000000000000029, -0.12000000000000029, 0.625, 0]
(1, 0.0, 0, 0, 4, 0, 0, 0, 4, 4, 0, 0, 4, 0, 0, 0, 4, 4);[-0.1239999999999995, -0.125, 0, 0]
(1, 1.0, 0, 0, 4, 0, 0, 0, 4, 4, 0, 0, 4, 0, 0, 0, 4, 4);[-0.11099999999999995, 0, 0, 0]
(0, 0.0, 0, 0, 4, 0, 0, 0, 4, 4, 0, 0, 4, 0, 0, 0, 4, 4);[-0.12000000000000029, -0.12000000000000029, 0, 0]
(2, 0.0, 0, 0, 3, 0, 0, 0, 3, 4, 0, 0, 2, 0, 0, 0, 2, 4);[1.186, 0, 0, 0]
(2, 0.0, 0, 0, 3, 0, 0, 0, 2, 4, 0, 0, 0, 0, 0, 0, 0, 4);[1.2670000000000003, 0, 0, 0]
(2, 1.0, 0, 0, 1, 0, 0, 0, 1, 4, 0, 0, 0, 0, 0, 0, 0, 4);[-0.043999999999999775, 0, 0, 0]
(0, 0.0, 0, 0, 1, 0, 0, 0, 1, 4, 0, 0, 0, 0, 0, 0, 0, 4);[-0.06099999999999994, 0, 0, 0]
(0, 0.0, 0, 0, 1, 0, 1, 0, 1, 5, 0, 0, 1, 0, 0, 0, 1, 4);[-0.06500000000000021, 0, 0, 0]
(0, 1.0, 0, 0, 1, 0, 1, 0, 1, 5, 0, 0, 1, 0, 0, 0, 1, 4);[-0.07399999999999984, 0, 0, 0]
(0, 1.0, 0, 0, 1, 0, 0, 0, 1, 5, 0, 0, 1, 0, 0, 0, 1, 5);[-0.08000000000000007, -0.08000000000000007, 0.3670000000000002, 0]
(1, 0.0, 0, 0, 1, 0, 0, 0, 1, 5, 0, 0, 1, 0, 0, 0, 1, 5);[-0.08399999999999999, -0.08500000000000014, 0, 0]
(1, 1.0, 0, 0, 1, 0, 0, 0, 1, 5, 0, 0, 1, 0, 0, 0, 1, 5);[-0.07099999999999973, 0, 0, 0]
(0, 0.0, 0, 0, 1, 0, 0, 0, 1, 5, 0, 0, 1, 0, 0, 0, 1, 5);[-0.08000000000000007, -0.08000000000000007, 0, 0]
(2, 0.0, 0, 0, 1, 0, 0, 0, 1, 5, 0, 0, 0, 0, 0, 0, 0, 5);[0.40199999999999997, 0, 0, 0]
(2, 0.0, 0, 0, 0, 0, 0, 0, 0, 5, 0, 0, 0, 0, 0, 0, 0, 5);[-0.07272600000000012, -0.06579999999999984, -0.05500000000000008, -0.10195799999999997]
(2, 1.0, 0, 0, 0, 0, 0, 0, 0, 5, 0, 0, 0, 0, 0, 0, 0, 5);[-0.05, -0.05500000000000008, -0.05500000000000008, 0.6696220000000003]
(0, 0.0, 0, 0, 0, 0, 0, 0, 0, 5, 0, 0, 0, 0, 0, 0, 0, 5);[-0.05, 0, 0, 0]
(0, 0.0, 0, 0, 0, 0, 1, 0, 0, 6, 0, 0, 0, 0, 0, 0, 0, 5);[-0.05500000000000008, 0, 0, 0]
(0, 1.0, 0, 0, 0, 0, 1, 0, 0, 6, 0, 0, 0, 0, 0, 0, 0, 5);[-0.062000000000000104, 0, 0, 0]
(0, 1.0, 0, 0, 0, 0, 1, 0, 0, 6, 0, 0, 0, 0, 0, 0, 0, 6);[-0.06799999999999998, 0, 0, 0]
(0, 1.0, 0, 0, 0, 0, 0, 0, 0, 6, 0, 0, 0, 0, 0, 0, 0, 6);[-0.06999999999999994, -0.06999999999999994, -0.05488100000000016, 0]
(1, 0.0, 0, 0, 1, 0, 0, 0, 0, 6, 0, 0, 0, 0, 0, 0, 0, 6);[-0.06999999999999994, -0.07000000000000028, 0, 0]
(1, 1.0, 0, 0, 1, 0, 0, 0, 0, 6, 0, 0, 0, 0, 0, 0, 0, 6);[-0.07500000000000001, 0, 0, 0]
(0, 0.0, 0, 0, 1, 0, 0, 0, 0, 6, 0, 0, 1, 0, 0, 0, 0, 6);[-0.07500000000000001, -0.07500000000000001, -0.07925106500000006, 0]
(0, 1.0, 0, 0, 1, 0, 0, 0, 0, 6, 0, 0, 1, 0, 0, 0, 0, 6);[-0.07500000000000001, -0.07500000000000001, -0.042191500000000166, 0]
(1, 0.0, 0, 0, 1, 0, 0, 0, 0, 6, 0, 0, 1, 0, 0, 0, 0, 6);[-0.0759999999999998, -0.08000000000000043, 0, 0]
(1, 1.0, 0, 0, 1, 0, 0, 0, 0, 6, 0, 0, 1, 0, 0, 0, 0, 6);[-0.07999999999999972, 0, 0, 0]
(0, 0.0, 0, 0, 1, 0, 1, 0, 1, 6, 0, 0, 1, 0, 0, 0, 0, 6);[-0.08299999999999984, -0.08700000000000047, 0, 0]
(0, 1.0, 0, 0, 1, 0, 0, 0, 1, 6, 0, 0, 1, 0, 0, 0, 1, 6);[-0.09399999999999978, -0.09499999999999958, 0.16940000000000005, 0]
(1, 0.0, 0, 0, 1, 0, 0, 0, 1, 6, 0, 0, 1, 0, 0, 0, 1, 6);[-0.0980000000000004, -0.1, 0, 0]
(1, 1.0, 0, 0, 2, 0, 0, 0, 1, 6, 0, 0, 1, 0, 0, 0, 1, 6);[-0.08699999999999974, 0, 0, 0]
(0, 0.0, 0, 0, 2, 0, 0, 0, 1, 6, 0, 0, 1, 0, 0, 0, 1, 6);[-0.09600000000000009, 0, 0, 0]
(0, 0.0, 0, 0, 2, 0, 0, 0, 1, 6, 0, 0, 2, 0, 0, 0, 1, 6);[-0.1, 0, 0, 0]
(0, 1.0, 0, 0, 2, 0, 0, 0, 1, 6, 0, 0, 2, 0, 0, 0, 1, 6);[-0.1, -0.1, 0, 0]
(1, 0.0, 0, 0, 2, 0, 0, 0, 1, 6, 0, 0, 2, 0, 0, 0, 1, 6);[-0.1, 0, 0, 0]
(1, 0.0, 1, 0, 2, 0, 0, 0, 1, 6, 0, 0, 2, 0, 0, 0, 1, 6);[-0.1, 0, 0, 0]
(1, 1.0, 1, 0, 2, 0, 0, 0, 1, 6, 0, 0, 2, 0, 0, 0, 1, 6);[-0.1, 0, 0, 0]
(0, 0.0, 1, 0, 2, 0, 1, 0, 2, 7, 0, 0, 2, 0, 0, 0, 1, 6);[-0.10300000000000012, 0, 0, 0]
(0, 0.0, 0, 0, 2, 0, 1, 0, 2, 7, 0, 0, 2, 0, 0, 0, 1, 7);[-0.11700000000000017, 0, 0, 0]
(0, 1.0, 0, 0, 2, 0, 1, 0, 2, 7, 0, 0, 2, 0, 0, 0, 2, 7);[-0.11999999999999958, 0, 0, 0]
(0, 1.0, 0, 0, 2, 0, 0, 0, 2, 7, 0, 0, 2, 0, 0, 0, 2, 7);[-0.12000000000000029, -0.0990000000000002, 0.275, 0]
(1, 0.0, 0, 0, 2, 0, 0, 0, 2, 7, 0, 0, 2, 0, 0, 0, 2, 7);[-0.11999999999999958, -0.12000000000000029, 0, 0]
(1, 1.0, 0, 0, 2, 0, 0, 0, 2, 7, 0, 0, 2, 0, 0, 0, 2, 7);[-0.10399999999999993, 0, 0, 0]
(0, 0.0, 0, 0, 2, 0, 0, 0, 2, 7, 0, 0, 2, 0, 0, 0, 2, 7);[-0.11499999999999987, -0.11499999999999987, 0, 0]
(2, 0.0, 0, 0, 2, 0, 0, 0, 1, 7, 0, 0, 1, 0, 0, 0, 0, 7);[0.45, 0, 0, 0]
(2, 0.0, 0, 0, 1, 0, 0, 0, 0, 7, 0, 0, 0, 0, 0, 0, 0, 7);[0.06869999999999933, 0, 0, 0]
(2, 1.0, 0, 0, 0, 0, 0, 0, 0, 7, 0, 0, 0, 0, 0, 0, 0, 7);[-0.07500000000000001, -0.08000000000000043, -0.07999999999999972, 0.6057773790000003]
(0, 0.0, 0, 0, 0, 0, 0, 0, 0, 8, 0, 0, 0, 0, 0, 0, 0, 7);[-0.0759999999999998, 0, 0, 0]
(0, 0.0, 0, 0, 0, 0, 1, 0, 0, 8, 0, 0, 0, 0, 0, 0, 0, 8);[-0.08299999999999984, -0.08599999999999995, 0, 0]
(0, 1.0, 0, 0, 0, 0, 1, 0, 0, 8, 0, 0, 0, 0, 0, 0, 0, 8);[-0.08700000000000047, 0, 0, 0]
(0, 1.0, 0, 0, 0, 0, 0, 0, 0, 8, 0, 0, 0, 0, 0, 0, 0, 8);[-0.08999999999999986, -0.08999999999999986, -0.04799999999999969, 0.625]
(1, 0.0, 0, 0, 0, 0, 0, 0, 0, 8, 0, 0, 0, 0, 0, 0, 0, 8);[-0.08999999999999986, -0.08999999999999986, 0, 0]
(1, 1.0, 0, 0, 0, 0, 0, 0, 0, 8, 0, 0, 0, 0, 0, 0, 0, 8);[-0.09000000000000058, 0, 0, 0]
(0, 0.0, 0, 0, 0, 0, 0, 0, 0, 8, 0, 0, 0, 0, 0, 0, 0, 8);[-0.08999999999999986, -0.08999999999999986, -0.08499999999999944, -0.08999999999999986]
(2, 0.0, 0, 0, 0, 0, 0, 0, 0, 8, 0, 0, 0, 0, 0, 0, 0, 8);[-0.08500000000000014, -0.08500000000000014, 0, 0]
(2, 1.0, 0, 0, 0, 0, 0, 0, 0, 8, 0, 0, 0, 0, 0, 0, 0, 8);[-0.08500000000000014, 0, 0, 0]
(0, 0.0, 0, 0, 0, 0, 1, 0, 0, 9, 0, 0, 0, 0, 0, 0, 0, 8);[-0.09399999999999978, 0, 0, 0]
(0, 1.0, 0, 0, 0, 0, 1, 0, 0, 9, 0, 0, 0, 0, 0, 0, 0, 9);[-0.09700000000000131, 0, 0, 0]
(0, 1.0, 0, 0, 0, 0, 0, 0, 0, 9, 0, 0, 0, 0, 0, 0, 0, 9);[-0.1, -0.1, -0.04699999999999989, 0.7439999999999998]
(1, 0.0, 0, 0, 0, 0, 0, 0, 0, 9, 0, 0, 0, 0, 0, 0, 0, 9);[-0.1, -0.1, -0.09500000000000029, 0]
(1, 1.0, 0, 0, 0, 0, 0, 0, 0, 9, 0, 0, 0, 0, 0, 0, 0, 9);[-0.10099999999999909, 0, 0, 0]
(0, 0.0, 0, 0, 0, 0, 0, 0, 0, 9, 0, 0, 0, 0, 0, 0, 0, 9);[-0.10499999999999972, -0.10500000000000115, -0.09899999999999949, 0]
(2, 0.0, 0, 0, 0, 0, 0, 0, 0, 9, 0, 0, 0, 0, 0, 0, 0, 9);[-0.185499999999999, -0.09500000000000029, -0.11995000000000028, -0.09500000000000029]
(2, 1.0, 0, 0, 0, 0, 0, 0, 0, 9, 0, 0, 0, 0, 0, 0, 0, 9);[-0.09500000000000029, -0.06899999999999977, -0.0960000000000008, 1.4336830000000003]
(0, 0.0, 0, 0, 1, 0, 0, 0, 0, 9, 0, 0, 0, 0, 0, 0, 0, 9);[-0.09500000000000029, 0, 0, 0]
(0, 0.0, 0, 0, 1, 0, 1, 0, 0, 9, 0, 0, 0, 0, 0, 0, 0, 9);[-0.09899999999999949, -0.10499999999999972, 0, 0]
(0, 1.0, 0, 0, 1, 0, 1, 0, 0, 9, 0, 0, 0, 0, 0, 0, 0, 9);[-0.10799999999999983, 0, 0, 0]
(0, 1.0, 0, 0, 1, 0, 1, 0, 0, 9, 0, 0, 1, 0, 0, 0, 0, 9);[-0.11300000000000097, -0.11599999999999966, 0, 0]
(0, 1.0, 0, 0, 1, 0, 0, 0, 0, 9, 0, 0, 1, 0, 0, 0, 0, 9);[-0.11499999999999916, -0.11500000000000057, 0.025734939999998763, 0]
(1, 0.0, 0, 0, 1, 0, 0, 0, 0, 9, 0, 0, 1, 0, 0, 0, 0, 9);[-0.11700000000000017, -0.11499999999999916, -0.10499999999999972, 0]
(1, 1.0, 0, 0, 1, 0, 0, 0, 0, 9, 0, 0, 1, 0, 0, 0, 0, 9);[-0.11300000000000097, -0.10500000000000115, 0, 0]
(0, 0.0, 0, 0, 1, 0, 0, 0, 0, 9, 0, 0, 1, 0, 0, 0, 0, 9);[-0.11499999999999916, -0.11500000000000057, -0.1921746565999996, -0.11299999999999955]
(0, 1.0, 0, 0, 2, 0, 0, 0, 0, 9, 0, 0, 1, 0, 0, 0, 0, 9);[-0.11499999999999916, -0.11700000000000017, 0, 0]
(1, 0.0, 0, 0, 2, 0, 0, 0, 1, 9, 0, 0, 2, 0, 0, 0, 0, 9);[-0.12000000000000029, -0.12000000000000029, 0, 0]
(1, 1.0, 0, 0, 2, 0, 0, 0, 1, 9, 0, 0, 2, 0, 0, 0, 0, 9);[-0.1239999999999995, 0, 0, 0]
(0, 0.0, 0, 0, 2, 0, 1, 0, 2, 9, 0, 0, 2, 0, 0, 0, 1, 9);[-0.125, -0.12900000000000064, 0, 0]
(0, 1.0, 0, 0, 2, 0, 0, 0, 2, 9, 0, 0, 2, 0, 0, 0, 2, 9);[-0.13700000000000045, -0.13299999999999984, 0.04620000000000019, 0]
(1, 0.0, 0, 0, 2, 0, 0, 0, 2, 9, 0, 0, 2, 0, 0, 0, 2, 9);[-0.13499999999999943, -0.13799999999999954, 0, 0]
(1, 1.0, 0, 0, 2, 0, 0, 0, 2, 9, 0, 0, 2, 0, 0, 0, 2, 9);[-0.13300000000000126, 0, 0, 0]
(0, 0.0, 0, 0, 2, 0, 0, 0, 2, 9, 0, 0, 2, 0, 0, 0, 2, 9);[-0.14499999999999888, -0.1450000000000003, 0, 0]
(2, 0.0, 0, 0, 2, 0, 0, 0, 1, 9, 0, 0, 1, 0, 0, 0, 0, 9);[0.2259999999999991, 0, 0, 0]
(2, 0.0, 0, 0, 1, 0, 0, 0, 0, 9, 0, 0, 0, 0, 0, 0, 0, 9);[0.12500704600000068, 0, 0, 0]
(1, 0.0, 0, 0, 0, 0, 1, 0, 1, 9, 0, 0, 0, 0, 0, 0, 0, 9);[-0.09500000000000029, 0, 0, 0]
(1, 1.0, 0, 0, 0, 0, 1, 0, 1, 9, 0, 0, 0, 0, 0, 0, 0, 9);[-0.09500000000000029, 0, 0, 0]
(0, 0.0, 0, 0, 0, 0, 1, 0, 1, 9, 0, 0, 0, 0, 0, 0, 0, 9);[-0.10099999999999909, 0, 0, 0]
(0, 0.0, 0, 0, 0, 0, 0, 0, 1, 9, 0, 0, 0, 0, 0, 0, 1, 9);[-0.10500000000000115, -0.10499999999999972, -0.10499999999999972, -0.02530600000000054]
(0, 1.0, 0, 0, 0, 0, 0, 0, 1, 9, 0, 0, 0, 0, 0, 0, 1, 9);[-0.10499999999999972, -0.10499999999999972, -0.05399999999999921, 1.69253]
(1, 0.0, 0, 0, 0, 0, 0, 0, 1, 9, 0, 0, 0, 0, 0, 0, 1, 9);[-0.10499999999999972, -0.10499999999999972, 0, 0]
(1, 1.0, 0, 0, 0, 0, 0, 0, 1, 9, 0, 0, 0, 0, 0, 0, 1, 9);[-0.10500000000000115, 0, 0, 0]
(2, 1.0, 0, 0, 0, 0, 1, 0, 1, 9, 0, 0, 0, 0, 0, 0, 0, 9);[-0.08599999999999995, 0, 0, 0]
(0, 0.0, 1, 0, 0, 0, 1, 0, 1, 9, 0, 0, 0, 0, 0, 0, 0, 9);[-0.08499999999999944, 0, 0, 0]
(0, 0.0, 0, 0, 0, 0, 0, 0, 1, 9, 0, 0, 0, 0, 0, 0, 0, 9);[-0.09399999999999978, 0, 0, 0]
(3, 0.0, 0, 0, 0, 0, 0, 0, 1, 9, 0, 0, 0, 0, 0, 0, 1, 8);[3.1289999999999996, 0, 0, 0]
(3, 0.0, 0, 0, 0, 0, 0, 0, 1, 8, 0, 0, 0, 0, 0, 0, 1, 5);[2.5800000000000014, 0, 0, 0]
(3, 1.0, 0, 0, 0, 0, 0, 0, 1, 6, 0, 0, 0, 0, 0, 0, 1, 3);[-0.030000000000001137, 0, 0, 0]
(0, 0.0, 0, 0, 0, 0, 0, 0, 1, 6, 0, 0, 0, 0, 0, 0, 1, 1);[-0.026999999999999604, 0, 0, 0]
(0, 0.0, 0, 0, 0, 0, 0, 0, 1, 6, 0, 0, 0, 0, 0, 0, 1, 2);[-0.04099999999999966, 0, 0, 0]
(0, 1.0, 0, 0, 0, 0, 0, 0, 1, 7, 0, 0, 0, 0, 0, 0, 1, 3);[-0.053000000000000116, 0, 0, 0]
(0, 1.0, 0, 0, 0, 0, 0, 0, 1, 8, 0, 0, 0, 0, 0, 0, 1, 5);[-0.06700000000000017, 0, 0, 0]
(0, 1.0, 0, 0, 0, 0, 0, 0, 1, 8, 0, 0, 0, 0, 0, 0, 1, 6);[-0.08700000000000047, 0, 0, 0]
(0, 1.0, 0, 0, 0, 0, 0, 0, 1, 8, 0, 0, 0, 0, 0, 0, 1, 8);[-0.09899999999999949, -0.1, 0, 0]
(1, 0.0, 0, 0, 0, 0, 1, 0, 1, 9, 0, 0, 0, 0, 0, 0, 1, 8);[-0.10900000000000035, 0, 0, 0]
(1, 0.0, 0, 0, 0, 0, 1, 0, 1, 9, 0, 0, 0, 0, 0, 0, 1, 9);[-0.11099999999999995, 0, 0, 0]
(1, 1.0, 0, 0, 0, 0, 1, 0, 1, 9, 0, 0, 0, 0, 0, 0, 1, 9);[-0.11499999999999916, 0, 0, 0]
(0, 0.0, 0, 0, 0, 0, 1, 0, 1, 9, 0, 0, 0, 0, 0, 0, 1, 9);[-0.11500000000000057, 0, 0, 0]
(3, 0.0, 0, 0, 1, 0, 0, 0, 1, 8, 0, 0, 0, 0, 0, 0, 1, 5);[1.9940000000000007, 0, 0, 0]
(3, 1.0, 0, 0, 1, 0, 0, 0, 1, 6, 0, 0, 0, 0, 0, 0, 1, 3);[-0.04100000000000037, 0, 0, 0]
(0, 0.0, 0, 0, 1, 0, 0, 0, 1, 6, 0, 0, 0, 0, 0, 0, 1, 1);[-0.03699999999999975, 0, 0, 0]
(0, 0.0, 1, 0, 1, 0, 0, 0, 1, 6, 0, 0, 0, 0, 0, 0, 1, 1);[-0.05200000000000032, 0, 0, 0]
(0, 1.0, 1, 0, 1, 0, 0, 0, 1, 6, 0, 0, 1, 0, 0, 0, 1, 3);[-0.06999999999999958, 0, 0, 0]
(0, 1.0, 0, 0, 1, 0, 0, 0, 1, 6, 0, 0, 1, 0, 0, 0, 1, 5);[-0.08599999999999995, 0, 0, 0]
(2, 0.0, 0, 0, 0, 0, 1, 0, 1, 7, 0, 0, 0, 0, 0, 0, 0, 6);[0.13900000000000007, 0, 0, 0]
(2, 0.0, 0, 0, 0, 0, 1, 0, 0, 7, 0, 0, 0, 0, 0, 0, 0, 6);[-0.07199999999999988, 0, 0, 0]
(2, 1.0, 0, 0, 0, 0, 1, 0, 0, 7, 0, 0, 0, 0, 0, 0, 0, 7);[-0.07500000000000001, 0, 0, 0]
(0, 0.0, 0, 0, 0, 0, 1, 0, 0, 7, 0, 0, 0, 0, 0, 0, 0, 7);[-0.07500000000000001, -0.07600000000000051, -0.06300000000000026, 0]
(0, 0.0, 0, 0, 0, 0, 0, 0, 0, 7, 0, 0, 0, 0, 0, 0, 0, 7);[-0.07500000000000001, -0.07999999999999972, -0.08000000000000043, -0.02564899999999969]
(0, 1.0, 0, 0, 0, 0, 0, 0, 0, 7, 0, 0, 0, 0, 0, 0, 0, 7);[-0.07500000000000001, -0.07500000000000001, -0.05599999999999952, 1.155932]
(1, 0.0, 0, 0, 0, 0, 0, 0, 0, 7, 0, 0, 0, 0, 0, 0, 0, 7);[-0.07500000000000001, -0.07899999999999992, 0, 0]
(1, 1.0, 0, 0, 0, 0, 0, 0, 0, 7, 0, 0, 0, 0, 0, 0, 0, 7);[-0.08000000000000043, 0, 0, 0]
(2, 0.0, 0, 0, 0, 0, 0, 0, 0, 7, 0, 0, 0, 0, 0, 0, 0, 7);[-0.14750000000000046, -0.07500000000000001, -0.07999999999999972, -0.07500000000000001]
(2, 1.0, 0, 0, 0, 0, 1, 0, 0, 8, 0, 0, 0, 0, 0, 0, 0, 7);[-0.08400000000000035, 0, 0, 0]
(3, 0.0, 0, 0, 0, 0, 0, 0, 0, 8, 0, 0, 0, 0, 0, 0, 0, 7);[2.3273, 0, 0, 0]
(3, 0.0, 0, 0, 0, 0, 0, 0, 0, 7, 0, 0, 0, 0, 0, 0, 0, 4);[1.5909999999999997, 0, 0, 0]
(3, 1.0, 0, 0, 0, 0, 0, 0, 0, 5, 0, 0, 0, 0, 0, 0, 0, 2);[-0.016999999999999817, 0, 0, 0]
(0, 0.0, 0, 0, 0, 0, 0, 0, 0, 5, 0, 0, 0, 0, 0, 0, 0, 0);[-0.02200000000000024, 0, 0, 0]
(0, 0.0, 0, 0, 0, 0, 0, 0, 0, 5, 0, 0, 0, 0, 0, 0, 0, 2);[-0.03499999999999979, 0, 0, 0]
(0, 1.0, 0, 0, 0, 0, 0, 0, 0, 5, 0, 0, 0, 0, 0, 0, 0, 3);[-0.05199999999999996, 0, 0, 0]
(0, 1.0, 0, 0, 0, 0, 0, 0, 0, 5, 0, 0, 0, 0, 0, 0, 0, 5);[-0.06400000000000006, -0.06500000000000021, -0.039157999999999776, 0]
(1, 0.0, 0, 0, 0, 0, 0, 0, 0, 5, 0, 0, 0, 0, 0, 0, 0, 5);[-0.06499999999999986, -0.06499999999999986, -0.05500000000000008, 0]
(1, 1.0, 0, 0, 0, 0, 1, 0, 1, 6, 0, 0, 0, 0, 0, 0, 0, 5);[-0.06600000000000002, 0, 0, 0]
(0, 0.0, 0, 0, 0, 0, 1, 0, 1, 6, 0, 0, 0, 0, 0, 0, 0, 6);[0, -0.0740000000000002, 0, 0]
(0, 0.0, 0, 0, 0, 0, 0, 0, 1, 6, 0, 0, 0, 0, 0, 0, 0, 6);[-0.07800000000000012, 0, 0, 0]
(0, 1.0, 0, 0, 0, 0, 0, 0, 1, 6, 0, 0, 0, 0, 0, 0, 1, 6);[-0.07999999999999972, -0.08000000000000007, 0.13099999999999987, 0]
(1, 0.0, 0, 0, 0, 0, 0, 0, 1, 6, 0, 0, 0, 0, 0, 0, 1, 6);[-0.08200000000000003, -0.08000000000000007, 0, 0]
(1, 1.0, 0, 0, 0, 0, 0, 0, 1, 6, 0, 0, 0, 0, 0, 0, 1, 6);[-0.07800000000000012, 0, 0, 0]
(0, 0.0, 0, 0, 0, 0, 0, 0, 1, 6, 0, 0, 0, 0, 0, 0, 1, 6);[-0.07999999999999972, -0.08000000000000007, 0, 0]
(2, 0.0, 0, 0, 0, 0, 0, 0, 0, 6, 0, 0, 0, 0, 0, 0, 0, 6);[-0.08660000000000008, -0.1137415000000001, -0.08398100000000035, -0.06999999999999958]
(2, 1.0, 0, 0, 1, 0, 0, 0, 0, 6, 0, 0, 0, 0, 0, 0, 0, 6);[-0.06499999999999986, -0.07000000000000028, 0, 0]
(0, 0.0, 0, 0, 1, 0, 0, 0, 0, 7, 0, 0, 0, 0, 0, 0, 0, 6);[-0.06999999999999994, 0, 0, 0]
(0, 0.0, 0, 0, 1, 0, 1, 0, 0, 7, 0, 0, 0, 0, 0, 0, 0, 6);[-0.08300000000000018, 0, 0, 0]
(0, 1.0, 0, 0, 1, 0, 1, 0, 0, 7, 0, 0, 1, 0, 0, 0, 0, 7);[-0.09299999999999997, 0, 0, 0]
(0, 1.0, 0, 0, 1, 0, 0, 0, 0, 7, 0, 0, 1, 0, 0, 0, 0, 7);[-0.09499999999999958, -0.0970000000000006, -0.05898669999999942, 0]
(1, 0.0, 0, 0, 1, 0, 0, 0, 0, 7, 0, 0, 1, 0, 0, 0, 0, 7);[-0.09499999999999958, -0.09500000000000029, 0, 0]
(1, 1.0, 0, 0, 1, 0, 0, 0, 0, 7, 0, 0, 1, 0, 0, 0, 0, 7);[-0.09299999999999997, 0, 0, 0]
(0, 0.0, 0, 0, 1, 0, 0, 0, 0, 7, 0, 0, 1, 0, 0, 0, 0, 7);[-0.09499999999999958, 0, 0, 0]
(0, 0.0, 1, 0, 1, 0, 0, 0, 0, 7, 0, 0, 1, 0, 0, 0, 0, 7);[-0.09500000000000029, 0, 0, 0]
(1, 0.0, 0, 0, 1, 0, 0, 0, 0, 7, 0, 0, 0, 0, 0, 0, 0, 7);[-0.07999999999999972, 0, 0, 0]
(1, 0.0, 0, 0, 1, 0, 1, 0, 0, 8, 0, 0, 0, 0, 0, 0, 0, 7);[-0.08999999999999986, 0, 0, 0]
(1, 1.0, 0, 0, 1, 0, 1, 0, 0, 8, 0, 0, 1, 0, 0, 0, 0, 8);[-0.0740000000000002, 0, 0, 0]
(0, 0.0, 0, 0, 1, 0, 1, 0, 0, 8, 0, 0, 1, 0, 0, 0, 0, 8);[-0.10399999999999993, 0, 0, 0]
(0, 0.0, 0, 0, 1, 0, 0, 0, 0, 8, 0, 0, 1, 0, 0, 0, 0, 8);[-0.10500000000000043, 0, 0, 0]
(0, 1.0, 0, 0, 1, 0, 0, 0, 0, 8, 0, 0, 1, 0, 0, 0, 0, 8);[-0.10499999999999972, 0, 0, 0]
(0, 1.0, 1, 0, 1, 0, 0, 0, 0, 8, 0, 0, 1, 0, 0, 0, 0, 8);[-0.10499999999999972, -0.10600000000000023, 0, 0]
(1, 0.0, 1, 0, 1, 0, 0, 0, 0, 8, 0, 0, 1, 0, 0, 0, 0, 8);[-0.11300000000000027, 0, 0, 0]
(1, 0.0, 1, 0, 1, 0, 0, 0, 0, 8, 1, 0, 1, 0, 0, 0, 0, 8);[-0.11499999999999987, 0, 0, 0]
(1, 1.0, 1, 0, 2, 0, 0, 0, 0, 8, 1, 0, 1, 0, 0, 0, 0, 8);[-0.09699999999999989, 0, 0, 0]
(0, 0.0, 0, 0, 2, 0, 0, 0, 0, 8, 0, 0, 1, 0, 0, 0, 0, 8);[-0.09500000000000029, 0, 0, 0]
(0, 0.0, 0, 0, 2, 0, 0, 0, 0, 8, 0, 0, 2, 0, 0, 0, 0, 8);[-0.11000000000000015, 0, 0, 0]
(0, 1.0, 0, 0, 2, 0, 0, 0, 0, 8, 0, 0, 2, 0, 0, 0, 0, 8);[-0.10999999999999943, -0.11000000000000015, 0, 0]
(1, 0.0, 0, 0, 2, 0, 1, 0, 1, 9, 0, 0, 2, 0, 0, 0, 0, 8);[-0.11400000000000006, 0, 0, 0]
(1, 0.0, 0, 0, 2, 0, 1, 0, 1, 9, 0, 0, 2, 0, 0, 0, 0, 9);[-0.12000000000000029, 0, 0, 0]
(1, 1.0, 0, 0, 2, 0, 1, 0, 1, 9, 0, 0, 2, 0, 0, 0, 0, 9);[-0.125, 0, 0, 0]
(0, 0.0, 0, 0, 2, 0, 1, 0, 1, 9, 0, 0, 2, 0, 0, 0, 1, 9);[-0.125, 0, 0, 0]
(0, 0.0, 0, 0, 2, 0, 0, 0, 1, 9, 0, 0, 2, 0, 0, 0, 1, 9);[-0.125, -0.1280000000000001, -0.12999999999999973, 0]
(0, 1.0, 0, 0, 2, 0, 0, 0, 1, 9, 0, 0, 2, 0, 0, 0, 1, 9);[-0.125, -0.125, 0.13200000000000076, 0]
(1, 0.0, 0, 0, 2, 0, 0, 0, 1, 9, 0, 0, 2, 0, 0, 0, 1, 9);[-0.125, -0.125, 0, 0]
(1, 1.0, 0, 0, 2, 0, 0, 0, 1, 9, 0, 0, 2, 0, 0, 0, 1, 9);[-0.125, 0, 0, 0]
(2, 0.0, 0, 0, 2, 0, 0, 0, 0, 9, 0, 0, 1, 0, 0, 0, 0, 9);[0.2155739999999996, 0, 0, 0]
(2, 1.0, 0, 0, 0, 0, 1, 0, 0, 9, 0, 0, 0, 0, 0, 0, 0, 9);[-0.09500000000000029, 0, 0, 0]
(0, 0.0, 0, 0, 0, 0, 1, 0, 0, 9, 0, 0, 0, 0, 0, 0, 0, 9);[-0.09500000000000029, 0, 0, 0]
(3, 0.0, 0, 0, 0, 0, 0, 0, 0, 9, 0, 0, 0, 0, 0, 0, 0, 8);[0.947, 0, 0, 0]
(3, 0.0, 0, 0, 0, 0, 0, 0, 0, 8, 0, 0, 0, 0, 0, 0, 0, 5);[1.458, 0, 0, 0]
(3, 1.0, 0, 0, 0, 0, 0, 0, 0, 6, 0, 0, 0, 0, 0, 0, 0, 3);[-0.018999999999999774, 0.4830000000000002, 0, 0]
(0, 0.0, 0, 0, 0, 0, 0, 0, 0, 6, 0, 0, 0, 0, 0, 0, 0, 1);[-0.0240000000000002, -0.034999999999999434, 0, 0]
(0, 1.0, 0, 0, 0, 0, 0, 0, 0, 7, 0, 0, 0, 0, 0, 0, 0, 3);[-0.053000000000000116, 0, 0, 0]
(0, 1.0, 0, 0, 0, 0, 0, 0, 0, 7, 0, 0, 0, 0, 0, 0, 0, 4);[-0.06600000000000038, 0, 0, 0]
(0, 1.0, 0, 0, 1, 0, 0, 0, 0, 7, 0, 0, 0, 0, 0, 0, 0, 6);[-0.08299999999999984, 0, 0, 0]
(0, 1.0, 0, 0, 1, 0, 0, 0, 0, 7, 0, 0, 0, 0, 0, 0, 0, 7);[-0.08500000000000014, 0, 0, 0]
(0, 1.0, 0, 0, 2, 0, 0, 0, 0, 7, 0, 0, 0, 0, 0, 0, 0, 7);[-0.09099999999999966, 0, 0, 0]
(0, 1.0, 0, 0, 2, 0, 1, 0, 1, 8, 0, 0, 1, 0, 0, 0, 0, 7);[-0.0990000000000002, 0, 0, 0]
(0, 1.0, 0, 0, 2, 0, 1, 0, 1, 8, 0, 0, 2, 0, 0, 0, 0, 8);[-0.11000000000000015, -0.11599999999999966, 0, 0]
(1, 0.0, 0, 0, 2, 0, 1, 0, 1, 8, 0, 0, 2, 0, 0, 0, 1, 8);[-0.125, 0, 0, 0]
(1, 0.0, 0, 0, 2, 0, 1, 0, 1, 8, 0, 0, 2, 0, 1, 0, 1, 8);[-0.13000000000000042, 0, 0, 0]
(1, 1.0, 0, 0, 2, 0, 1, 0, 1, 8, 0, 0, 2, 0, 1, 0, 1, 8);[-0.1019999999999996, 0, 0, 0]
(0, 0.0, 0, 0, 2, 0, 0, 0, 1, 8, 0, 0, 2, 0, 0, 0, 1, 8);[-0.10200000000000031, 0, 0, 0]
(0, 0.0, 1, 0, 2, 0, 0, 0, 1, 8, 0, 0, 2, 0, 0, 0, 1, 8);[-0.11499999999999987, 0, 0, 0]
(0, 1.0, 1, 0, 2, 0, 0, 0, 1, 8, 0, 0, 2, 0, 0, 0, 1, 8);[-0.11499999999999987, 0, 0, 0]
(0, 1.0, 0, 0, 2, 0, 0, 0, 1, 8, 0, 0, 2, 0, 0, 0, 1, 8);[-0.11499999999999987, -0.11500000000000057, 0, 0]
(1, 0.0, 0, 0, 3, 0, 0, 0, 1, 8, 0, 0, 2, 0, 0, 0, 1, 8);[-0.11499999999999987, -0.12199999999999989, 0, 0]
(1, 1.0, 0, 0, 4, 0, 0, 0, 1, 8, 0, 0, 3, 0, 0, 0, 1, 8);[-0.12999999999999973, 0, 0, 0]
(0, 0.0, 0, 0, 4, 0, 0, 0, 1, 9, 0, 0, 3, 0, 0, 0, 1, 8);[-0.13599999999999995, 0, 0, 0]
(0, 0.0, 0, 0, 4, 0, 1, 0, 1, 9, 0, 0, 4, 0, 0, 0, 1, 9);[-0.1450000000000003, 0, 0, 0]
(0, 1.0, 0, 0, 4, 0, 1, 0, 1, 9, 0, 0, 4, 0, 0, 0, 1, 9);[-0.1479999999999997, 0, 0, 0]
(0, 1.0, 0, 0, 4, 0, 0, 0, 1, 9, 0, 0, 4, 0, 0, 0, 1, 9);[-0.15000000000000002, -0.15000000000000002, 0, 0]
(1, 0.0, 0, 0, 4, 0, 0, 0, 1, 9, 0, 0, 4, 0, 0, 0, 1, 9);[-0.15100000000000052, -0.15499999999999972, 0, 0]
(1, 1.0, 0, 0, 5, 0, 0, 0, 1, 9, 0, 0, 4, 0, 0, 0, 1, 9);[-0.14399999999999977, 0, 0, 0]
(0, 0.0, 0, 0, 5, 0, 0, 0, 1, 9, 0, 0, 4, 0, 0, 0, 1, 9);[-0.15400000000000064, 0, 0, 0]
(0, 0.0, 1, 0, 5, 0, 0, 0, 1, 9, 0, 0, 5, 0, 0, 0, 1, 9);[-0.15499999999999972, 0, 0, 0]
(0, 1.0, 1, 0, 5, 0, 0, 0, 1, 9, 0, 0, 5, 0, 0, 0, 1, 9);[-0.15499999999999972, 0, 0, 0]
(0, 1.0, 0, 0, 5, 0, 0, 0, 1, 9, 0, 0, 5, 0, 0, 0, 1, 9);[-0.15499999999999972, -0.15500000000000114, 0, 0]
(1, 0.0, 0, 0, 5, 0, 0, 0, 1, 9, 0, 0, 5, 0, 0, 0, 1, 9);[-0.15499999999999972, -0.15499999999999972, 0, 0]
(1, 1.0, 0, 0, 5, 0, 1, 0, 2, 9, 0, 0, 5, 0, 0, 0, 1, 9);[-0.15499999999999972, 0, 0, 0]
(0, 0.0, 0, 0, 5, 0, 1, 0, 2, 9, 0, 0, 5, 0, 0, 0, 1, 9);[-0.15799999999999984, 0, 0, 0]
(0, 0.0, 0, 0, 5, 0, 1, 0, 2, 9, 0, 0, 5, 0, 0, 0, 2, 9);[-0.16000000000000086, 0, 0, 0]
(0, 1.0, 0, 0, 5, 0, 0, 0, 2, 9, 0, 0, 5, 0, 0, 0, 2, 9);[-0.15999999999999945, -0.15999999999999945, 0.3439999999999998, 0]
(1, 0.0, 0, 0, 5, 0, 0, 0, 2, 9, 0, 0, 5, 0, 0, 0, 2, 9);[-0.16200000000000048, -0.16000000000000086, 0, 0]
(1, 1.0, 0, 0, 5, 0, 0, 0, 2, 9, 0, 0, 5, 0, 0, 0, 2, 9);[-0.15799999999999984, 0, 0, 0]
(0, 0.0, 0, 0, 5, 0, 0, 0, 2, 9, 0, 0, 5, 0, 0, 0, 2, 9);[-0.15999999999999945, -0.15999999999999945, 0, 0]
(2, 0.0, 0, 0, 4, 0, 0, 0, 1, 9, 0, 0, 3, 0, 0, 0, 0, 9);[0.597999999999999, 0, 0, 0]
(2, 0.0, 0, 0, 3, 0, 0, 0, 0, 9, 0, 0, 0, 0, 0, 0, 0, 9);[0.43000000000000116, 0, 0, 0]
(2, 1.0, 0, 0, 1, 0, 0, 0, 0, 9, 0, 0, 0, 0, 0, 0, 0, 9);[-0.09500000000000029, -0.09500000000000029, 0, 0]
(0, 0.0, 0, 0, 1, 0, 1, 0, 0, 9, 0, 0, 1, 0, 0, 0, 0, 9);[-0.11000000000000086, -0.11519699999999973, 0, 0]
(1, 0.0, 0, 0, 1, 0, 1, 0, 0, 9, 0, 0, 1, 0, 0, 0, 0, 9);[-0.1239999999999995, 0, 0, 0]
(1, 0.0, 0, 0, 1, 0, 1, 0, 0, 9, 0, 0, 1, 0, 1, 0, 0, 9);[-0.125, 0, 0, 0]
(1, 1.0, 0, 0, 1, 0, 1, 0, 0, 9, 0, 0, 1, 0, 1, 0, 0, 9);[-0.10700000000000075, 0, 0, 0]
(1, 0.0, 0, 0, 1, 0, 0, 0, 0, 9, 0, 0, 0, 0, 0, 0, 0, 9);[-0.09899999999999949, 0, 0, 0]
(1, 1.0, 0, 0, 1, 0, 1, 0, 0, 9, 0, 0, 1, 0, 0, 0, 0, 9);[-0.10499999999999972, 0, 0, 0]
(3, 0.0, 0, 0, 1, 0, 0, 0, 0, 9, 0, 0, 0, 0, 0, 0, 0, 8);[1.5180000000000007, 0, 0, 0]
(3, 0.0, 0, 0, 2, 0, 0, 0, 0, 8, 0, 0, 0, 0, 0, 0, 0, 5);[2.065, 0, 0, 0]
(3, 1.0, 0, 0, 2, 0, 0, 0, 0, 6, 0, 0, 1, 0, 0, 0, 0, 3);[-0.014000000000000058, 0, 0, 0]
(0, 0.0, 0, 0, 2, 0, 0, 0, 0, 6, 0, 0, 1, 0, 0, 0, 0, 2);[-0.03599999999999994, 0, 0, 0]
(0, 0.0, 0, 0, 2, 0, 0, 0, 0, 6, 0, 0, 2, 0, 0, 0, 0, 2);[-0.053000000000000116, 0, 0, 0]
(0, 1.0, 0, 0, 2, 0, 0, 0, 1, 7, 0, 0, 2, 0, 0, 0, 0, 3);[-0.06799999999999998, 0, 0, 0]
(0, 1.0, 0, 0, 2, 0, 0, 0, 1, 8, 0, 0, 2, 0, 0, 0, 0, 5);[-0.08900000000000007, 0, 0, 0]
(0, 1.0, 0, 0, 2, 0, 1, 0, 2, 9, 0, 0, 2, 0, 0, 0, 1, 7);[-0.10700000000000004, 0, 0, 0]
(0, 1.0, 0, 0, 2, 0, 1, 0, 2, 9, 0, 0, 2, 0, 0, 0, 1, 8);[-0.11999999999999958, 0, 0, 0]
(0, 1.0, 0, 0, 2, 0, 1, 0, 2, 9, 0, 0, 2, 0, 0, 0, 1, 9);[-0.11829800000000008, 0, 0, 0]
(2, 0.0, 0, 0, 1, 0, 0, 0, 1, 9, 0, 0, 0, 0, 0, 0, 0, 9);[0.04165615505999982, 0, 0, 0]
(3, 0.0, 0, 0, 0, 0, 0, 0, 0, 7, 0, 0, 0, 0, 0, 0, 0, 5);[1.115, 0, 0, 0]
(1, 0.0, 0, 0, 0, 0, 0, 0, 0, 6, 0, 0, 0, 0, 0, 0, 0, 1);[-0.021999999999999888, 0, 0, 0]
(1, 0.0, 0, 0, 0, 0, 0, 0, 0, 6, 0, 0, 0, 0, 0, 0, 0, 2);[-0.0370000000000001, 0, 0, 0]
(1, 1.0, 0, 0, 0, 0, 0, 0, 0, 6, 0, 0, 0, 0, 0, 0, 0, 3);[-0.011999999999999745, 0, 0, 0]
(0, 0.0, 0, 0, 0, 0, 0, 0, 0, 6, 0, 0, 0, 0, 0, 0, 0, 5);[-0.06099999999999994, 0, 0, 0]
(0, 0.0, 0, 0, 0, 0, 0, 0, 0, 6, 0, 0, 0, 0, 0, 0, 0, 6);[-0.06500000000000021, -0.06999999999999994, -0.06999999999999994, -0.05199999999999996]
(0, 1.0, 0, 0, 0, 0, 1, 0, 1, 6, 0, 0, 0, 0, 0, 0, 0, 6);[-0.06799999999999962, -0.0740000000000002, 0, 0]
(1, 0.0, 0, 0, 0, 0, 1, 0, 1, 6, 0, 0, 0, 0, 1, 0, 0, 6);[-0.08900000000000007, 0, 0, 0]
(1, 0.0, 0, 0, 0, 0, 1, 0, 1, 6, 0, 0, 0, 0, 1, 0, 1, 6);[-0.09500000000000029, 0, 0, 0]
(1, 1.0, 0, 0, 0, 0, 1, 0, 1, 6, 0, 0, 0, 0, 1, 0, 1, 6);[-0.0739999999999995, 0, 0, 0]
(0, 0.0, 0, 0, 0, 0, 1, 0, 1, 6, 0, 0, 0, 0, 0, 0, 1, 6);[-0.053000000000000116, 0, 0, 0]
(0, 0.0, 0, 0, 1, 0, 0, 0, 1, 6, 0, 0, 0, 0, 0, 0, 1, 6);[-0.08000000000000043, 0, 0, 0]
(0, 1.0, 0, 0, 1, 0, 0, 0, 1, 6, 0, 0, 0, 0, 0, 0, 1, 6);[-0.07999999999999972, 0, 0, 0]
(0, 1.0, 1, 0, 1, 0, 0, 0, 1, 6, 0, 0, 0, 0, 0, 0, 1, 6);[-0.08299999999999984, 0, 0, 0]
(0, 1.0, 1, 0, 1, 0, 0, 0, 1, 6, 0, 0, 1, 0, 0, 0, 1, 6);[-0.07252600000000016, 0, 0, 0]
(2, 1.0, 0, 0, 0, 0, 0, 0, 0, 6, 0, 0, 0, 0, 0, 0, 0, 6);[-0.053999999999999916, -0.06499999999999986, 0, 0]
(0, 0.0, 0, 0, 0, 0, 1, 0, 0, 7, 0, 0, 0, 0, 0, 0, 0, 6);[-0.06700000000000017, 0, 0, 0]
(0, 1.0, 0, 0, 0, 0, 1, 0, 0, 7, 0, 0, 0, 0, 0, 0, 0, 7);[-0.07999999999999972, -0.07500000000000001, 0, 0]
(3, 0.0, 0, 0, 0, 0, 0, 0, 0, 7, 0, 0, 0, 0, 0, 0, 0, 6);[2.5880477999999996, 0, 0, 0]
(3, 0.0, 0, 0, 0, 0, 0, 0, 0, 6, 0, 0, 0, 0, 0, 0, 0, 3);[3.14299, 0, 0, 0]
(3, 1.0, 0, 0, 0, 0, 0, 0, 0, 4, 0, 0, 0, 0, 0, 0, 0, 1);[-0.014999999999999859, -0.010999999999999944, 0, 0]
(0, 0.0, 0, 0, 0, 0, 0, 0, 0, 4, 0, 0, 0, 0, 0, 0, 0, 0);[-0.01899999999999995, -0.019000000000000128, 0, 0]
(0, 0.0, 0, 0, 0, 0, 0, 0, 0, 4, 0, 0, 0, 0, 0, 0, 0, 2);[-0.03800000000000008, 0, 0, 0]
(0, 1.0, 0, 0, 0, 0, 0, 0, 0, 4, 0, 0, 0, 0, 0, 0, 0, 3);[-0.052999999999999936, -0.04800000000000004, 0, 0]
(0, 1.0, 0, 0, 0, 0, 0, 0, 0, 4, 0, 0, 0, 0, 0, 0, 0, 4);[-0.05500000000000008, -0.05500000000000008, -0.027000000000000135, 0.26106599999999996]
(1, 0.0, 0, 0, 0, 0, 0, 0, 0, 4, 0, 0, 0, 0, 0, 0, 0, 4);[-0.054999999999999896, -0.05500000000000008, 0, 0]
(1, 1.0, 0, 0, 0, 0, 1, 0, 1, 5, 0, 0, 0, 0, 0, 0, 0, 4);[-0.05500000000000008, 0, 0, 0]
(0, 0.0, 0, 0, 0, 0, 1, 0, 1, 5, 0, 0, 0, 0, 0, 0, 0, 4);[-0.0629999999999999, 0, 0, 0]
(0, 0.0, 0, 0, 0, 0, 1, 0, 1, 5, 0, 0, 0, 0, 0, 0, 0, 5);[-0.06999999999999994, 0, 0, 0]
(0, 1.0, 0, 0, 0, 0, 0, 0, 1, 5, 0, 0, 0, 0, 0, 0, 1, 5);[-0.07100000000000009, -0.06999999999999994, 0.2026, 0]
(1, 0.0, 0, 0, 0, 0, 0, 0, 1, 5, 0, 0, 0, 0, 0, 0, 1, 5);[-0.07199999999999988, -0.07500000000000001, 0, 0]
(1, 1.0, 0, 0, 0, 0, 0, 0, 1, 5, 0, 0, 0, 0, 0, 0, 1, 5);[-0.062000000000000104, 0, 0, 0]
(0, 0.0, 0, 0, 0, 0, 0, 0, 1, 5, 0, 0, 0, 0, 0, 0, 1, 5);[-0.06999999999999994, -0.07000000000000028, -0.056734000000000284, 0]
(1, 0.0, 0, 0, 0, 0, 1, 0, 0, 6, 0, 0, 0, 0, 0, 0, 0, 5);[-0.06199999999999975, 0, 0, 0]
(1, 1.0, 0, 0, 0, 0, 1, 0, 0, 6, 0, 0, 0, 0, 0, 0, 0, 6);[-0.06700000000000017, 0, 0, 0]
(1, 0.0, 0, 0, 0, 0, 0, 0, 0, 6, 0, 0, 0, 0, 0, 0, 0, 6);[-0.06500000000000021, -0.06499999999999986, 0, 0]
(1, 1.0, 0, 0, 0, 0, 0, 0, 0, 6, 0, 0, 0, 0, 0, 0, 0, 6);[-0.06499999999999986, 0, 0, 0]
(0, 0.0, 1, 0, 0, 0, 0, 0, 0, 6, 0, 0, 0, 0, 0, 0, 0, 6);[-0.05500000000000043, 0, 0, 0]
(0, 1.0, 1, 0, 0, 0, 0, 0, 0, 6, 0, 0, 0, 0, 0, 0, 0, 6);[-0.08799999999999955, 0, 0, 0]
(0, 1.0, 0, 0, 0, 0, 1, 0, 0, 7, 0, 0, 0, 0, 0, 0, 0, 6);[-0.06900000000000049, 0, 0, 0]
(1, 0.0, 0, 0, 0, 0, 1, 0, 0, 7, 0, 0, 0, 0, 0, 0, 0, 7);[-0.08299999999999984, 0, 0, 0]
(1, 0.0, 0, 0, 0, 0, 1, 0, 0, 7, 0, 0, 0, 0, 1, 0, 0, 7);[-0.09399999999999978, 0, 0, 0]
(1, 1.0, 0, 0, 0, 0, 1, 0, 0, 7, 0, 0, 0, 0, 1, 0, 0, 7);[-0.07899999999999992, 0, 0, 0]
(0, 0.0, 0, 0, 0, 0, 0, 0, 0, 4, 0, 0, 0, 0, 0, 0, 0, 1);[-0.03399999999999999, 0, 0, 0]
(1, 0.0, 0, 0, 0, 0, 0, 0, 1, 5, 0, 0, 0, 0, 0, 0, 0, 4);[-0.05500000000000008, 0, 0, 0]
(1, 0.0, 0, 0, 0, 0, 1, 0, 1, 5, 0, 0, 0, 0, 0, 0, 0, 4);[-0.055999999999999876, 0, 0, 0]
(1, 1.0, 0, 0, 0, 0, 1, 0, 1, 5, 0, 0, 0, 0, 0, 0, 0, 5);[-0.06499999999999986, 0, 0, 0]
(0, 0.0, 0, 0, 0, 0, 0, 0, 1, 5, 0, 0, 0, 0, 0, 0, 0, 5);[-0.06999999999999994, 0, 0, 0]
(3, 0.0, 0, 0, 0, 0, 0, 0, 0, 5, 0, 0, 0, 0, 0, 0, 0, 4);[1.144413, 0, 0, 0]
(3, 0.0, 0, 0, 0, 0, 0, 0, 0, 4, 0, 0, 0, 0, 0, 0, 0, 1);[1.0603, 0, 0, 0]
(3, 1.0, 0, 0, 0, 0, 0, 0, 0, 3, 0, 0, 0, 0, 0, 0, 0, 0);[0.17600000000000007, 0, 0, 0]
(0, 0.0, 0, 0, 0, 0, 0, 0, 0, 2, 0, 0, 0, 0, 0, 0, 0, 0);[-0.011000000000000032, -0.015000000000000036, 0, 0]
(0, 0.0, 0, 0, 0, 0, 0, 0, 0, 2, 0, 0, 0, 0, 0, 0, 0, 1);[-0.023000000000000045, 0, 0, 0]
(0, 1.0, 0, 0, 0, 0, 1, 0, 0, 3, 0, 0, 0, 0, 0, 0, 0, 2);[-0.025, -0.029999999999999985, 0, 0]
(1, 0.0, 0, 0, 0, 0, 1, 0, 0, 3, 0, 0, 0, 0, 0, 0, 0, 3);[-0.04799999999999996, 0, 0, 0]
(1, 0.0, 0, 0, 0, 0, 1, 0, 0, 3, 0, 0, 0, 0, 1, 0, 0, 3);[-0.05500000000000008, 0, 0, 0]
(1, 1.0, 0, 0, 0, 0, 1, 0, 0, 3, 0, 0, 0, 0, 1, 0, 0, 3);[-0.03499999999999997, 0, 0, 0]
(0, 0.0, 0, 0, 0, 0, 1, 0, 0, 3, 0, 0, 0, 0, 0, 0, 0, 3);[-0.020000000000000018, -0.041999999999999996, 0, 0]
(0, 0.0, 0, 0, 0, 0, 0, 0, 0, 3, 0, 0, 0, 0, 0, 0, 0, 3);[-0.03999999999999995, -0.04500000000000002, -0.03999999999999986, -0.040000000000000036]
(0, 1.0, 0, 0, 0, 0, 0, 0, 0, 3, 0, 0, 0, 0, 0, 0, 0, 3);[-0.03800000000000008, -0.040000000000000036, -0.014999999999999947, 0.20699999999999996]
(1, 0.0, 0, 0, 0, 0, 0, 0, 0, 3, 0, 0, 0, 0, 0, 0, 0, 3);[-0.03999999999999986, -0.030000000000000072, 0, 0]
(1, 1.0, 0, 0, 1, 0, 0, 0, 0, 3, 0, 0, 0, 0, 0, 0, 0, 3);[-0.030000000000000072, 0, 0, 0]
(0, 0.0, 0, 0, 1, 0, 0, 0, 0, 3, 0, 0, 0, 0, 0, 0, 0, 3);[-0.029999999999999895, -0.03800000000000008, 0, 0]
(0, 1.0, 0, 0, 2, 0, 1, 0, 1, 4, 0, 0, 1, 0, 0, 0, 0, 3);[-0.03999999999999986, -0.05, 0, 0]
(1, 0.0, 0, 0, 2, 0, 1, 0, 1, 4, 0, 0, 2, 0, 0, 0, 0, 4);[-0.06900000000000013, 0, 0, 0]
(1, 0.0, 0, 0, 2, 0, 1, 0, 1, 4, 0, 0, 2, 0, 1, 0, 1, 4);[-0.08399999999999999, 0, 0, 0]
(1, 1.0, 1, 0, 2, 0, 1, 0, 1, 4, 0, 0, 2, 0, 1, 0, 1, 4);[-0.06899999999999995, 0, 0, 0]
(0, 0.0, 1, 0, 2, 0, 1, 0, 1, 4, 0, 0, 2, 0, 0, 0, 1, 4);[-0.052999999999999936, 0, 0, 0]
(0, 0.0, 1, 0, 2, 0, 0, 0, 1, 4, 0, 0, 2, 0, 0, 0, 1, 4);[-0.0700000000000001, 0, 0, 0]
(0, 1.0, 0, 0, 2, 0, 0, 0, 1, 4, 0, 0, 2, 0, 0, 0, 1, 4);[-0.06999999999999994, -0.0700000000000001, 0, 0]
(1, 0.0, 0, 0, 2, 0, 0, 0, 1, 4, 0, 0, 2, 0, 0, 0, 1, 4);[-0.06999999999999994, -0.06999999999999994, 0, 0]
(1, 1.0, 0, 0, 2, 0, 0, 0, 1, 4, 0, 0, 2, 0, 0, 0, 1, 4);[-0.06999999999999994, 0, 0, 0]
(0, 0.0, 0, 0, 3, 0, 0, 0, 1, 4, 0, 0, 2, 0, 0, 0, 1, 4);[-0.07000000000000028, 0, 0, 0]
(0, 0.0, 1, 0, 3, 0, 0, 0, 1, 4, 0, 0, 2, 0, 0, 0, 1, 4);[-0.07099999999999973, 0, 0, 0]
(0, 1.0, 1, 0, 4, 0, 0, 0, 1, 4, 0, 0, 3, 0, 0, 0, 1, 4);[-0.08100000000000024, 0, 0, 0]
(0, 1.0, 0, 0, 4, 0, 1, 0, 1, 5, 0, 0, 4, 0, 0, 0, 1, 4);[-0.08799999999999991, 0, 0, 0]
(0, 1.0, 0, 0, 4, 0, 1, 0, 1, 5, 0, 0, 4, 0, 0, 0, 1, 5);[-0.09600000000000009, 0, 0, 0]
(0, 1.0, 0, 0, 4, 0, 0, 0, 1, 5, 0, 0, 4, 0, 0, 0, 1, 5);[-0.1, -0.1, 0.0740000000000002, 0]
(1, 0.0, 0, 0, 4, 0, 0, 0, 1, 5, 0, 0, 4, 0, 0, 0, 1, 5);[-0.10199999999999997, -0.10500000000000008, 0, 0]
(1, 1.0, 0, 0, 4, 0, 0, 0, 1, 5, 0, 0, 4, 0, 0, 0, 1, 5);[-0.09299999999999997, 0, 0, 0]
(0, 0.0, 0, 0, 4, 0, 0, 0, 1, 5, 0, 0, 4, 0, 0, 0, 1, 5);[-0.1, -0.1, 0, 0]
(2, 0.0, 0, 0, 3, 0, 0, 0, 1, 5, 0, 0, 2, 0, 0, 0, 0, 5);[0.18599999999999994, 0, 0, 0]
(2, 0.0, 0, 0, 2, 0, 0, 0, 0, 5, 0, 0, 0, 0, 0, 0, 0, 5);[0.2349999999999998, 0, 0, 0]
(2, 1.0, 0, 0, 1, 0, 0, 0, 0, 5, 0, 0, 0, 0, 0, 0, 0, 5);[-0.05700000000000003, 0, 0, 0]
(0, 0.0, 0, 0, 1, 0, 0, 0, 0, 5, 0, 0, 0, 0, 0, 0, 0, 5);[-0.06399999999999971, 0, 0, 0]
(0, 0.0, 0, 0, 1, 0, 1, 0, 0, 6, 0, 0, 1, 0, 0, 0, 0, 5);[-0.06500000000000021, 0, 0, 0]
(0, 1.0, 0, 0, 1, 0, 1, 0, 0, 6, 0, 0, 1, 0, 0, 0, 0, 5);[-0.07399999999999984, 0, 0, 0]
(0, 1.0, 0, 0, 1, 0, 1, 0, 0, 6, 0, 0, 1, 0, 0, 0, 0, 6);[-0.08000000000000007, 0, 0, 0]
(1, 0.0, 1, 0, 1, 0, 0, 0, 0, 6, 0, 0, 0, 0, 0, 0, 0, 6);[-0.07299999999999969, 0, 0, 0]
(1, 0.0, 2, 0, 1, 0, 0, 0, 0, 6, 0, 0, 0, 0, 0, 0, 0, 6);[-0.08100000000000024, 0, 0, 0]
(1, 1.0, 2, 0, 1, 0, 0, 0, 0, 6, 0, 0, 1, 0, 0, 0, 0, 6);[-0.06499999999999986, 0, 0, 0]
(0, 0.0, 1, 0, 1, 0, 0, 0, 0, 6, 0, 0, 1, 0, 0, 0, 0, 6);[-0.07600000000000016, 0, 0, 0]
(2, 0.0, 0, 0, 1, 0, 0, 0, 0, 6, 0, 0, 0, 0, 0, 0, 0, 6);[-0.021999999999999888, 0, 0, 0]
(2, 0.0, 0, 0, 0, 0, 0, 0, 0, 7, 0, 0, 0, 0, 0, 0, 0, 6);[-0.06499999999999986, 0, 0, 0]
(2, 1.0, 0, 0, 0, 0, 1, 0, 0, 7, 0, 0, 0, 0, 0, 0, 0, 6);[-0.07199999999999988, 0, 0, 0]
(0, 0.0, 0, 0, 1, 0, 1, 0, 0, 7, 0, 0, 0, 0, 0, 0, 0, 7);[-0.07500000000000001, 0, 0, 0]
(0, 0.0, 0, 0, 1, 0, 0, 0, 0, 7, 0, 0, 0, 0, 0, 0, 0, 7);[-0.08278853700000033, 0, 0, 0]
(1, 0.0, 0, 0, 0, 0, 0, 0, 0, 4, 0, 0, 0, 0, 0, 0, 0, 1);[-0.01899999999999995, 0, 0, 0]
(1, 0.0, 0, 0, 0, 0, 0, 0, 0, 4, 0, 0, 0, 0, 0, 0, 0, 2);[-0.040000000000000216, 0, 0, 0]
(1, 1.0, 0, 0, 0, 0, 0, 0, 0, 4, 0, 0, 0, 0, 0, 0, 0, 4);[-0.0009999999999998012, 0, 0, 0]
(0, 0.0, 0, 0, 0, 0, 1, 0, 0, 5, 0, 0, 0, 0, 0, 0, 0, 4);[-0.04699999999999989, -0.05700000000000003, 0, 0]
(0, 1.0, 0, 0, 0, 0, 1, 0, 0, 5, 0, 0, 0, 0, 0, 0, 0, 5);[-0.06500000000000021, 0, 0, 0]
(3, 1.0, 0, 0, 0, 0, 0, 0, 0, 2, 0, 0, 0, 0, 0, 0, 0, 0);[0.023000000000000045, 0, 0, 0]
(0, 0.0, 0, 0, 0, 0, 0, 0, 0, 2, 0, 0, 0, 0, 0, 0, 0, 2);[-0.052500000000000074, -0.04697299999999998, -0.020915581000000003, -0.029999999999999985]
(0, 1.0, 0, 0, 0, 0, 0, 0, 0, 2, 0, 0, 0, 0, 0, 0, 0, 2);[-0.025, -0.025, -0.01700000000000004, 0.37331290000000006]
(1, 0.0, 0, 0, 0, 0, 1, 0, 0, 3, 0, 0, 0, 0, 0, 0, 0, 2);[-0.025, -0.025, 0, 0]
(1, 1.0, 0, 0, 0, 0, 1, 0, 0, 3, 0, 0, 0, 0, 0, 0, 0, 2);[-0.03600000000000003, 0, 0, 0]
(2, 0.0, 0, 0, 0, 0, 0, 0, 0, 3, 0, 0, 0, 0, 0, 0, 0, 3);[-0.03700000000000001, -0.03499999999999997, -0.029999999999999985, 0.014000000000000058]
(2, 1.0, 0, 0, 0, 0, 0, 0, 0, 3, 0, 0, 0, 0, 0, 0, 0, 3);[-0.03600000000000012, -0.029999999999999985, -0.040000000000000036, 0.24000000000000005]
(3, 0.0, 0, 0, 0, 0, 0, 0, 0, 3, 0, 0, 0, 0, 0, 0, 0, 2);[0.7426000000000001, 0, 0, 0]
(3, 0.0, 1, 0, 0, 0, 0, 0, 0, 2, 0, 0, 0, 0, 0, 0, 0, 0);[0.2931258658718212, 0, 0, 0]
(0, 0.0, 1, 0, 0, 0, 1, 0, 0, 1, 0, 0, 0, 0, 0, 0, 0, 0);[-0.009999999999999998, 0.012422845788941424, 0, 0]
(3, 0.0, 0, 0, 0, 0, 0, 0, 0, 1, 0, 0, 0, 0, 0, 0, 0, 0);[0.3446230551397289, 0, 0, 0]
(1, 0.0, 0, 0, 0, 0, 1, 0, 0, 1, 0, 0, 0, 0, 0, 0, 0, 0);[-0.08765688274384159, -0.09366526500924487, -0.09109758348029981, -0.08851132766422724]
(1, 0.0, 0, 0, 0, 0, 1, 0, 0, 1, 0, 0, 0, 0, 1, 0, 0, 1);[-0.0861616344385277, -0.09544347910601292, -0.09787252982830053, -0.08960681569615268]
(1, 1.0, 0, 0, 0, 0, 1, 0, 0, 1, 0, 0, 0, 0, 1, 0, 0, 1);[0.035084360991982214, -0.03200000000000001, -0.03485155494512121, -0.019463218]
(0, 1.0, 1, 0, 0, 0, 0, 0, 0, 1, 0, 0, 0, 0, 0, 0, 0, 1);[-0.013000000000000001, -0.015000000000000003, 0.01736060587866285, 0]
(1, 0.0, 1, 0, 0, 0, 0, 0, 0, 1, 0, 0, 0, 0, 0, 0, 0, 1);[-0.018999999999999996, -0.025, 0, 0]
(1, 1.0, 1, 0, 0, 0, 0, 0, 0, 1, 1, 0, 0, 0, 0, 0, 0, 1);[-0.009590651708007637, -0.019999999999999997, -0.019999999999999997, 0]
(0, 1.0, 0, 0, 0, 0, 0, 0, 1, 1, 0, 0, 0, 0, 0, 0, 0, 1);[-0.014999999999999993, -0.017999999999999995, 0, 0]
(0, 1.0, 0, 0, 0, 0, 1, 0, 1, 2, 0, 0, 0, 0, 0, 0, 0, 1);[-0.015000000000000013, -0.019999999999999976, 0, 0]
(1, 0.0, 0, 0, 0, 0, 1, 0, 1, 2, 0, 0, 0, 0, 0, 0, 1, 1);[-0.038000000000000034, 0, 0, 0]
(1, 0.0, 0, 0, 0, 0, 1, 0, 1, 2, 0, 0, 0, 0, 1, 0, 1, 2);[-0.039999999999999994, 0, 0, 0]
(1, 1.0, 0, 0, 0, 0, 1, 0, 1, 2, 0, 0, 0, 0, 1, 0, 1, 2);[-0.023, 0, 0, 0]
(0, 0.0, 0, 0, 0, 0, 0, 0, 1, 2, 0, 0, 0, 0, 0, 0, 1, 2);[-0.018999999999999996, -0.029999999999999985, -0.029999999999999985, 0]
(0, 1.0, 0, 0, 0, 0, 0, 0, 1, 2, 0, 0, 0, 0, 0, 0, 1, 2);[-0.030000000000000027, -0.029999999999999985, 0, 0]
(1, 0.0, 0, 0, 0, 0, 0, 0, 1, 2, 0, 0, 0, 0, 0, 0, 1, 2);[-0.029999999999999985, -0.030000000000000072, 0, 0]
(1, 1.0, 0, 0, 0, 0, 0, 0, 1, 2, 0, 0, 0, 0, 0, 0, 1, 2);[-0.03199999999999994, 0, 0, 0]
(0, 0.0, 1, 0, 1, 0, 0, 0, 1, 2, 0, 0, 0, 0, 0, 0, 1, 2);[-0.030000000000000072, 0, 0, 0]
(0, 1.0, 1, 0, 1, 0, 1, 0, 1, 3, 0, 0, 0, 0, 0, 0, 1, 2);[-0.03199999999999994, 0, 0, 0]
(0, 1.0, 1, 0, 1, 0, 1, 0, 1, 3, 0, 0, 1, 0, 0, 0, 1, 2);[-0.046, 0, 0, 0]
(0, 1.0, 0, 0, 1, 0, 0, 0, 1, 3, 0, 0, 1, 0, 0, 0, 1, 2);[-0.06000000000000005, 0, 0, 0]
(0, 1.0, 0, 0, 1, 0, 0, 0, 1, 3, 0, 0, 1, 0, 0, 0, 1, 3);[-0.05999999999999997, -0.06000000000000005, 0.19000000000000006, 0]
(1, 0.0, 0, 0, 1, 0, 0, 0, 1, 3, 0, 0, 1, 0, 0, 0, 1, 3);[-0.05999999999999997, -0.05999999999999997, 0, 0]
(1, 1.0, 0, 0, 1, 0, 0, 0, 1, 3, 0, 0, 1, 0, 0, 0, 1, 3);[-0.05999999999999997, 0, 0, 0]
(0, 0.0, 0, 0, 1, 0, 0, 0, 1, 3, 0, 0, 1, 0, 0, 0, 1, 3);[-0.060000000000000143, -0.05999999999999997, 0, 0]
(2, 0.0, 0, 0, 1, 0, 0, 0, 1, 3, 0, 0, 0, 0, 0, 0, 0, 3);[0.225, 0, 0, 0]
(1, 0.0, 0, 0, 0, 0, 1, 0, 0, 4, 0, 0, 0, 0, 0, 0, 0, 3);[-0.030000000000000072, -0.029999999999999895, 0, 0]
(1, 1.0, 0, 0, 0, 0, 1, 0, 0, 4, 0, 0, 0, 0, 0, 0, 0, 3);[-0.04400000000000013, 0, 0, 0]
(0, 0.0, 0, 0, 0, 0, 0, 0, 0, 4, 0, 0, 0, 0, 0, 0, 0, 4);[-0.04499999999999993, -0.04499999999999993, -0.040000000000000036, -0.03999999999999986]
(2, 0.0, 0, 0, 0, 0, 0, 0, 0, 4, 0, 0, 0, 0, 0, 0, 0, 4);[-0.03999999999999986, -0.042000000000000176, 0, 0]
(2, 1.0, 0, 0, 0, 0, 0, 0, 0, 4, 0, 0, 0, 0, 0, 0, 0, 4);[-0.03599999999999994, 0, 0, 0]
(3, 0.0, 0, 0, 0, 0, 0, 0, 0, 2, 0, 0, 0, 0, 0, 0, 0, 0);[0.43599999999999994, 0, 0, 0]
(3, 1.0, 0, 0, 1, 0, 0, 0, 0, 1, 0, 0, 0, 0, 0, 0, 0, 0);[0.053000000000000005, 0, 0, 0]
(0, 0.0, 0, 0, 1, 0, 1, 0, 0, 1, 0, 0, 0, 0, 0, 0, 0, 0);[-0.016, -0.012162660551937581, -0.015, -0.021110000000000004]
(0, 0.0, 0, 0, 1, 0, 1, 0, 0, 1, 0, 0, 1, 0, 0, 0, 0, 0);[-0.016000000000000004, -0.018214645610086073, -0.02200000000000002, -0.02297]
(0, 1.0, 0, 0, 1, 0, 0, 0, 0, 1, 0, 0, 1, 0, 0, 0, 0, 1);[-0.029000000000000005, -0.029999999999999985, 0.16264005182005128, 0]
(1, 0.0, 0, 0, 1, 0, 0, 0, 0, 1, 0, 0, 1, 0, 0, 0, 0, 1);[-0.03500000000000001, -0.03500000000000001, -0.02300000000000001, 0]
(1, 1.0, 0, 0, 1, 0, 0, 0, 0, 1, 0, 0, 1, 0, 0, 0, 0, 1);[-0.019999999999999976, -0.02499999999999999, 0.024251425044101264, 0]
(0, 0.0, 0, 0, 1, 0, 0, 0, 0, 1, 0, 0, 1, 0, 0, 0, 0, 1);[-0.036899735443095764, -0.035803115670862196, -0.04175357363046869, -0.030922411737000007]
(2, 0.0, 0, 0, 1, 0, 0, 0, 0, 1, 0, 0, 0, 0, 0, 0, 0, 1);[0.1508375366481275, 0, 0, 0]
(1, 0.0, 0, 0, 0, 0, 1, 0, 0, 2, 0, 0, 0, 0, 0, 0, 0, 1);[-0.014999999999999993, 0, 0, 0]
(1, 1.0, 0, 0, 0, 0, 1, 0, 0, 2, 0, 0, 0, 0, 0, 0, 0, 1);[-0.016000000000000014, 0, 0, 0]
(2, 0.0, 0, 0, 0, 0, 0, 0, 0, 2, 0, 0, 0, 0, 0, 0, 0, 2);[-0.029999999999999985, -0.030000000000000027, 0, 0]
(2, 1.0, 0, 0, 0, 0, 0, 0, 0, 2, 0, 0, 0, 0, 0, 0, 0, 2);[-0.014999999999999947, -0.020000000000000018, 0, 0]
(3, 0.0, 0, 0, 0, 0, 0, 0, 0, 2, 0, 0, 0, 0, 0, 0, 0, 1);[0.35105139489325765, 0, 0, 0]
(3, 0.0, 0, 0, 1, 0, 0, 0, 0, 1, 0, 0, 0, 0, 0, 0, 0, 0);[0.086198, 0, 0, 0]
(0, 0.0, 0, 0, 1, 0, 1, 0, 1, 0, 0, 0, 1, 0, 0, 0, 0, 0);[-0.009999999999999998, -0.012017139247524358, -0.010098255717149373, -0.00022071784587955265]
(0, 1.0, 0, 0, 1, 0, 1, 0, 1, 0, 0, 0, 1, 0, 0, 0, 0, 0);[0.030279531285491414, 0, 0, 0]
(2, 1.0, 2, 0, 0, 0, 0, 0, 0, 0, 0, 0, 0, 0, 0, 0, 0, 0);[0.016540802311312164, 0, 0, 0]
(1, 0.0, 0, 0, 1, 0, 0, 0, 0, 0, 0, 0, 1, 0, 0, 0, 0, 0);[-0.010000000000000004, -0.009999999999999998, -0.015485000000000002, -0.017699999999999994]
(1, 1.0, 0, 0, 1, 0, 0, 0, 0, 0, 0, 0, 1, 0, 0, 0, 0, 0);[-0.009999999999999998, -0.015000000000000013, 0.049893192631593676, 0]
(0, 1.0, 0, 0, 1, 0, 1, 0, 0, 1, 0, 0, 1, 0, 0, 0, 0, 0);[-0.012, -0.012, 0.02352767087111378, 0]
(0, 1.0, 0, 0, 1, 0, 1, 0, 0, 1, 0, 0, 1, 0, 0, 0, 0, 1);[-0.026000000000000002, 0, 0, 0]
(0, 1.0, 1, 0, 1, 0, 0, 0, 0, 1, 0, 0, 1, 0, 0, 0, 0, 1);[-0.025, -0.025, 0.05708900000000001, 0]
(1, 0.0, 1, 0, 1, 0, 0, 0, 0, 1, 0, 0, 1, 0, 0, 0, 0, 1);[-0.029000000000000005, 0, 0, 0]
(1, 0.0, 2, 0, 1, 0, 0, 0, 0, 1, 0, 0, 1, 0, 0, 0, 0, 1);[-0.03500000000000001, 0, 0, 0]
(1, 1.0, 2, 0, 1, 0, 0, 0, 0, 1, 1, 0, 1, 0, 0, 0, 0, 1);[-0.02399999999999998, 0, 0, 0]
(0, 0.0, 1, 0, 1, 0, 0, 0, 0, 1, 0, 0, 1, 0, 0, 0, 0, 1);[-0.010000000000000009, -0.025, -0.027030000000000005, 0]
(2, 1.0, 0, 0, 0, 0, 1, 0, 0, 2, 0, 0, 0, 0, 0, 0, 0, 1);[-0.014999999999999993, 0, 0, 0]
(0, 0.0, 0, 0, 0, 0, 1, 0, 0, 2, 0, 0, 0, 0, 0, 0, 0, 1);[-0.016999999999999994, 0, 0, 0]
(0, 0.0, 0, 0, 0, 0, 1, 0, 0, 2, 0, 0, 0, 0, 0, 0, 0, 2);[-0.01415, 0, 0, 0]
(1, 0.0, 0, 0, 1, 0, 1, 0, 0, 1, 0, 0, 0, 0, 0, 0, 0, 0);[-0.025, -0.004, -0.011000000000000001, -0.017475]
(1, 1.0, 0, 0, 1, 0, 1, 0, 0, 1, 0, 0, 0, 0, 1, 0, 0, 1);[-0.020000000000000004, -0.03499999999999999, 0.036186649819854415, 0]
(0, 0.0, 0, 0, 1, 0, 1, 0, 0, 1, 0, 0, 0, 0, 0, 0, 0, 1);[-0.015000000000000003, -0.01065055681781, 0, 0]
(0, 1.0, 0, 0, 1, 0, 1, 0, 0, 1, 0, 0, 0, 0, 0, 0, 0, 0);[-0.002, -0.013000000000000001, -0.003, 0]
(0, 1.0, 0, 0, 1, 0, 0, 0, 0, 1, 0, 0, 0, 0, 0, 0, 0, 0);[-0.018000000000000002, 0, 0, 0]
(0, 1.0, 0, 0, 1, 0, 0, 0, 0, 1, 0, 0, 0, 0, 0, 0, 0, 1);[-0.010371068999999995, -0.014000000000000002, 0.003539237017326633, 0]
(2, 0.0, 0, 0, 0, 0, 1, 0, 0, 1, 0, 0, 0, 0, 0, 0, 0, 0);[-0.04837892838774779, -0.035961046792930766, -0.046567730518444844, -0.012385662970570331]
(2, 1.0, 0, 0, 0, 0, 1, 0, 0, 1, 0, 0, 0, 0, 0, 0, 0, 0);[0.01236159861787422, -0.026415499999999998, -0.024127051712036773, -0.016663902434084134]
(3, 1.0, 0, 0, 0, 0, 1, 0, 0, 0, 0, 0, 0, 0, 0, 0, 0, 0);[0.10140236580812952, -0.021418025622075593, -0.01811397653139264, -0.008204611722930055]
(1, 0.0, 0, 0, 1, 0, 1, 0, 0, 1, 0, 0, 1, 0, 0, 0, 0, 0);[-0.0615, -0.03949999999999999, -0.055, -0.043471499999999996]
(1, 1.0, 0, 0, 1, 0, 1, 0, 0, 1, 0, 0, 1, 0, 1, 0, 0, 1);[-0.028999999999999998, -0.047000000000000014, -0.011614000000000001, 0]
(0, 0.0, 1, 0, 1, 0, 1, 0, 0, 1, 0, 0, 1, 0, 0, 0, 0, 1);[-0.018000000000000006, -0.018999999999999996, 0, 0]
(2, 0.0, 1, 0, 1, 0, 0, 0, 0, 1, 0, 0, 0, 0, 0, 0, 0, 1);[0.05589999999999999, 0, 0, 0]
(2, 0.0, 1, 0, 0, 0, 0, 0, 0, 1, 0, 0, 0, 0, 0, 0, 0, 1);[-0.020000000000000007, -0.017000000000000005, -0.01299999999999999, 0]
(2, 1.0, 1, 0, 0, 0, 0, 0, 0, 1, 1, 0, 0, 0, 0, 0, 0, 1);[-0.003331397168730943, -0.020000000000000007, -0.020000000000000007, 0.028294600957644918]
(2, 0.0, 2, 0, 0, 0, 0, 0, 0, 0, 0, 0, 0, 0, 0, 0, 0, 0);[-0.013000000000000001, -0.017557823559986183, 0, 0]
(2, 1.0, 2, 0, 0, 0, 0, 0, 0, 0, 1, 0, 0, 0, 0, 0, 0, 0);[-0.001980214181692582, 0, 0, 0]
(3, 0.0, 1, 0, 0, 0, 1, 0, 0, 1, 0, 0, 0, 0, 0, 0, 0, 0);[-0.002, -0.013000000000000001, -0.006495212337053288, -0.006000000000000005]
(3, 1.0, 1, 0, 0, 0, 1, 0, 0, 0, 1, 0, 0, 0, 0, 0, 0, 0);[0.0186663430824583, 0, 0, 0]
(1, 1.0, 1, 0, 1, 0, 1, 0, 0, 1, 0, 0, 1, 0, 1, 0, 0, 1);[-0.033999999999999996, -0.045, -0.0224, 0]
(2, 0.0, 1, 0, 0, 0, 0, 0, 0, 1, 1, 0, 0, 0, 0, 0, 0, 1);[-0.020000000000000007, -0.019999999999999997, -0.019999999999999997, 0]
(1, 0.0, 1, 0, 0, 0, 0, 0, 0, 1, 1, 0, 0, 0, 0, 0, 0, 1);[-0.019999999999999997, -0.019999999999999997, 0, 0]
(2, 0.0, 1, 0, 0, 0, 1, 0, 1, 1, 1, 0, 0, 0, 0, 0, 0, 1);[-0.020000000000000018, 0, 0, 0]
(2, 1.0, 1, 0, 0, 0, 1, 0, 0, 1, 1, 0, 0, 0, 0, 0, 0, 1);[0.03778918646744769, 0, 0, 0]
(1, 0.0, 0, 0, 0, 0, 1, 0, 0, 1, 0, 0, 0, 0, 1, 0, 0, 0);[-0.03, 0, 0, 0]
(2, 0.0, 0, 0, 0, 0, 1, 0, 0, 1, 0, 0, 0, 0, 1, 0, 0, 1);[-0.0807907155137855, -0.07234622440396586, -0.08366198818146905, -0.0733150053488001]
(2, 1.0, 0, 0, 0, 0, 1, 0, 0, 1, 0, 0, 0, 0, 1, 0, 0, 1);[0.09260963853383125, 0, 0, 0]
(1, 1.0, 0, 0, 1, 0, 1, 0, 0, 1, 0, 0, 1, 0, 0, 0, 0, 0);[-0.026000000000000002, -0.015000000000000003, 0.0020000000000000018, 0]
(0, 0.0, 0, 0, 1, 0, 1, 0, 0, 1, 0, 0, 1, 0, 0, 0, 0, 1);[-0.031392039000000004, -0.022886939999999988, 0, 0]
(2, 0.0, 0, 0, 1, 0, 1, 0, 0, 1, 0, 0, 0, 0, 0, 0, 0, 0);[-0.0008445866982170393, -0.009609522523249533, -0.023221750775172762, 0.013526982175291094]
(2, 0.0, 1, 0, 0, 0, 1, 0, 0, 1, 0, 0, 0, 0, 0, 0, 0, 0);[-0.008989577444476184, -0.007000000000000001, -0.008, -0.012029999999999999]
(2, 1.0, 2, 0, 0, 0, 1, 0, 0, 1, 0, 0, 0, 0, 0, 0, 0, 0);[-0.010000000000000002, 0, 0, 0]
(0, 0.0, 1, 0, 0, 0, 1, 0, 0, 1, 0, 0, 0, 0, 0, 0, 0, 1);[0.1743382002722031, 0, 0, 0]
(1, 0.0, 1, 0, 0, 0, 1, 0, 0, 1, 0, 0, 0, 0, 0, 0, 0, 0);[-0.032, -0.027000000000000003, 0, 0]
(1, 1.0, 1, 0, 0, 0, 1, 0, 0, 1, 0, 0, 0, 0, 1, 0, 0, 1);[-0.001991188760946773, -0.034999999999999996, -0.015999999999999993, -0.023000000000000007]
(3, 1.0, 1, 0, 0, 0, 1, 0, 0, 0, 0, 0, 0, 0, 0, 0, 0, 0);[0.11043156925494435, 0, 0, 0]
(1, 1.0, 0, 0, 1, 0, 1, 0, 0, 1, 0, 0, 1, 0, 1, 0, 0, 0);[-0.03300000000000001, 0, 0, 0]
(3, 0.0, 1, 0, 1, 0, 0, 0, 0, 0, 1, 0, 0, 0, 0, 0, 0, 0);[-0.009999999999999998, 0, 0, 0]
(3, 1.0, 1, 0, 1, 0, 0, 0, 0, 0, 1, 0, 0, 0, 0, 0, 0, 0);[0.024999999999999994, 0, 0, 0]
(0, 0.0, 0, 0, 1, 0, 1, 0, 1, 0, 0, 0, 0, 0, 0, 0, 0, 0);[0.0030129800000000028, 0, 0, 0]
(2, 0.0, 0, 0, 1, 0, 1, 0, 0, 1, 0, 0, 0, 0, 1, 0, 0, 1);[0.012600000000000002, 0, 0, 0]
(2, 0.0, 1, 0, 0, 0, 1, 0, 0, 1, 0, 0, 0, 0, 1, 0, 0, 1);[-0.041975, -0.05208551253368978, -0.029999999999999995, -0.03068606674919885]
(2, 1.0, 1, 0, 0, 0, 1, 0, 0, 1, 0, 0, 0, 0, 1, 0, 0, 1);[0.06554181893773237, -0.025, -0.014032758159431506, -0.018000000000000016]
(2, 1.0, 0, 0, 1, 0, 1, 0, 1, 0, 0, 0, 0, 0, 0, 0, 0, 0);[0.0010602000000000003, 0, 0, 0]
(0, 0.0, 0, 0, 1, 0, 0, 0, 1, 0, 0, 0, 1, 0, 0, 0, 0, 0);[0.02603351396022162, 0, 0, 0]
(2, 1.0, 1, 0, 0, 0, 1, 0, 0, 1, 0, 0, 0, 0, 0, 0, 0, 0);[0.020972572871053155, 0, 0, 0]
(2, 1.0, 0, 0, 1, 0, 1, 0, 0, 1, 0, 0, 0, 0, 0, 0, 0, 0);[-0.002043, -0.006, -0.007242624177728776, -0.0068000000000000005]
(0, 0.0, 0, 0, 1, 0, 0, 0, 0, 1, 0, 0, 0, 0, 0, 0, 0, 0);[-0.0033518438437000033, -0.009126953738618415, 0, 0]
(2, 1.0, 1, 0, 0, 0, 1, 0, 0, 1, 1, 0, 0, 0, 0, 0, 0, 0);[-0.001999999999999999, -0.003, -0.015999999999999997, -0.021000000000000005]
(0, 0.0, 1, 0, 0, 0, 0, 0, 0, 1, 0, 0, 0, 0, 0, 0, 0, 0);[0.010955238641296192, 0, 0, 0]
(2, 0.0, 0, 0, 0, 0, 1, 0, 0, 1, 0, 0, 0, 0, 0, 0, 0, 1);[-0.021672999999999998, -0.01692522157391631, -0.023546096826234868, -0.019494128918419208]
(0, 1.0, 0, 0, 1, 0, 1, 0, 1, 0, 0, 0, 0, 0, 0, 0, 0, 0);[-0.001, -0.020980000000000002, -0.011299337287269728, -0.015000000000000003]
(2, 1.0, 0, 1, 0, 0, 0, 0, 0, 0, 0, 0, 0, 0, 0, 0, 0, 0);[-0.005589999999999994, -0.009990000000000002, -0.0050000000000000044, 0.09772842384014752]
(1, 1.0, 0, 0, 0, 0, 0, 0, 0, 1, 0, 0, 0, 0, 0, 0, 0, 0);[-0.0050000000000000044, -0.0050000000000000044, 0, 0]
(0, 0.0, 0, 0, 0, 0, 1, 0, 1, 1, 0, 0, 0, 0, 0, 0, 0, 0);[-0.009995, -0.009000000000000008, -0.008000000000000007, 0.00497268962719627]
(1, 0.0, 0, 0, 0, 0, 0, 0, 1, 1, 0, 0, 0, 0, 0, 0, 1, 1);[-0.019999999999999997, -0.025, -0.019999999999999976, -0.020000000000000018]
(1, 1.0, 0, 0, 0, 0, 0, 0, 1, 1, 0, 0, 0, 0, 0, 0, 1, 1);[-0.015000000000000013, -0.020000000000000018, 0.04300000000000002, 0]
(0, 0.0, 0, 0, 0, 0, 0, 0, 1, 1, 0, 0, 0, 0, 0, 0, 1, 1);[-0.019999999999999997, -0.019999999999999997, 0.011032809138630008, 0]
(0, 1.0, 0, 0, 0, 0, 0, 0, 1, 1, 0, 0, 0, 0, 0, 0, 1, 1);[-0.019999999999999997, -0.020000000000000018, -0.014000000000000012, 0.3946861866190051]
(2, 0.0, 0, 0, 0, 0, 1, 0, 1, 1, 0, 0, 0, 0, 0, 0, 0, 1);[0.028400000000000012, 0, 0, 0]
(2, 1.0, 0, 0, 1, 0, 1, 0, 0, 1, 0, 0, 0, 0, 1, 0, 0, 1);[-0.012, -0.026000000000000002, 0, 0]
(2, 0.0, 1, 0, 1, 0, 0, 0, 0, 0, 0, 0, 0, 0, 0, 0, 0, 0);[0.0072999999999999975, 0, 0, 0]
(0, 0.0, 0, 1, 0, 0, 0, 0, 1, 0, 0, 0, 0, 0, 0, 0, 1, 0);[-0.019544865171500003, -0.015000000000000003, 0, 0]
(2, 0.0, 0, 1, 0, 0, 0, 0, 0, 0, 0, 0, 0, 0, 0, 0, 0, 0);[-0.03941259128737029, -0.03295242862442349, -0.0409156036017897, -0.035974]
(0, 0.0, 0, 1, 0, 0, 0, 0, 0, 0, 0, 1, 0, 0, 0, 0, 0, 0);[-0.015000000000000003, -0.01784812237454674, 0.027140590945042214, -0.02048787342818573]
(0, 0.0, 0, 1, 0, 0, 1, 0, 0, 0, 0, 0, 0, 0, 0, 0, 0, 0);[0.002984546105406654, 0, 0, 0]
(3, 0.0, 0, 0, 1, 0, 1, 0, 1, 0, 0, 0, 0, 0, 0, 0, 0, 0);[-0.008000000000000007, 0.0016730000000000013, 0, 0]
(1, 0.0, 0, 0, 1, 0, 1, 0, 1, 0, 0, 0, 1, 0, 1, 0, 1, 0);[-0.037000000000000005, -0.04000000000000001, -0.045000000000000005, -0.041999999999999996]
(1, 1.0, 0, 0, 1, 0, 1, 0, 1, 0, 0, 0, 1, 0, 1, 0, 1, 0);[-0.0030000000000000027, -0.04500000000000001, -0.009286992824985223, 0]
(3, 0.0, 0, 1, 0, 0, 0, 0, 0, 0, 0, 0, 0, 0, 0, 0, 0, 0);[-0.018000000000000016, -0.015537886399183503, -0.010000000000000004, -0.014000000000000002]
(3, 0.0, 1, 1, 0, 0, 0, 0, 0, 0, 0, 0, 0, 0, 0, 0, 0, 0);[-0.012700000000000001, -0.009999999999999998, -0.008088677465358475, 0]
(3, 1.0, 1, 1, 0, 0, 1, 0, 1, 0, 0, 0, 0, 0, 0, 0, 0, 0);[-0.011000000000000001, 0, 0, 0]
(0, 0.0, 1, 1, 0, 0, 1, 0, 1, 0, 0, 1, 0, 0, 0, 0, 0, 0);[-0.015, 0, 0, 0]
(0, 0.0, 0, 1, 0, 0, 1, 0, 1, 0, 0, 1, 0, 0, 0, 0, 0, 0);[-0.022000000000000006, -0.009999999999999998, -0.010000000000000009, 0]
(0, 1.0, 0, 1, 0, 0, 0, 0, 1, 0, 0, 1, 0, 0, 0, 0, 1, 0);[-0.029999999999999995, 0.001999999999999991, 0, 0]
(2, 0.0, 0, 0, 0, 0, 1, 0, 0, 1, 0, 0, 0, 0, 1, 0, 0, 0);[-0.01992942517721198, 0, 0, 0]
(2, 1.0, 1, 0, 0, 0, 1, 0, 1, 0, 1, 0, 0, 0, 0, 0, 0, 0);[0.0, 0, 0, 0]
(3, 0.0, 0, 0, 1, 0, 1, 0, 1, 0, 0, 0, 1, 0, 0, 0, 0, 0);[-0.015000000000000003, -0.029000000000000005, 0, 0]
(3, 1.0, 0, 0, 1, 0, 1, 0, 1, 0, 0, 0, 1, 0, 1, 0, 1, 0);[-0.02664998069722766, 0, 0, 0]
(2, 0.0, 0, 1, 1, 0, 0, 0, 0, 0, 0, 0, 0, 0, 0, 0, 0, 0);[0.05299999999999999, 0, 0, 0]
(2, 1.0, 0, 1, 0, 0, 0, 0, 0, 0, 0, 1, 0, 0, 0, 0, 0, 0);[-0.0020000000000000018, 0.16858362314987646, 0, 0]
(0, 1.0, 1, 1, 0, 0, 0, 0, 1, 0, 0, 0, 0, 0, 0, 0, 0, 0);[-0.018163957812843103, 0, 0, 0]
(1, 0.0, 1, 0, 1, 0, 0, 0, 1, 0, 0, 0, 0, 0, 0, 0, 1, 0);[-0.027000000000000003, 0, 0, 0]
(1, 1.0, 1, 0, 1, 0, 0, 0, 1, 0, 1, 0, 0, 0, 0, 0, 1, 0);[-0.017999999999999995, 0, 0, 0]
(0, 0.0, 0, 0, 2, 0, 0, 0, 1, 0, 0, 0, 1, 0, 0, 0, 1, 0);[-0.018999999999999996, -0.030000000000000006, 0, 0]
(0, 1.0, 0, 0, 3, 0, 0, 0, 1, 0, 0, 0, 1, 0, 0, 0, 1, 0);[-0.03500000000000001, 0, 0, 0]
(0, 1.0, 0, 0, 3, 0, 0, 0, 1, 0, 0, 0, 2, 0, 0, 0, 1, 0);[-0.043, 0, 0, 0]
(0, 1.0, 0, 0, 3, 0, 0, 0, 1, 0, 0, 0, 3, 0, 0, 0, 1, 0);[-0.05, -0.052000000000000005, 0, 0]
(1, 0.0, 0, 0, 3, 0, 0, 0, 1, 0, 0, 0, 3, 0, 0, 0, 1, 0);[-0.05, 0, 0, 0]
(1, 0.0, 0, 1, 3, 0, 1, 0, 1, 1, 0, 0, 3, 0, 0, 0, 1, 0);[-0.05, 0, 0, 0]
(1, 1.0, 1, 1, 3, 0, 1, 0, 1, 1, 0, 0, 3, 0, 0, 0, 1, 0);[-0.04900000000000002, 0, 0, 0]
(0, 0.0, 1, 0, 3, 0, 0, 0, 1, 1, 0, 0, 3, 0, 0, 0, 1, 1);[-0.06600000000000002, 0, 0, 0]
(0, 0.0, 0, 0, 3, 0, 0, 0, 1, 1, 0, 0, 3, 0, 0, 0, 1, 1);[-0.06999999999999994, 0, 0, 0]
(0, 1.0, 0, 0, 3, 0, 0, 0, 1, 1, 0, 0, 3, 0, 0, 0, 1, 1);[-0.07000000000000002, -0.054000000000000006, 0.11600000000000002, 0]
(1, 0.0, 0, 0, 3, 0, 0, 0, 1, 1, 0, 0, 3, 0, 0, 0, 1, 1);[-0.06500000000000004, -0.06699999999999999, 0, 0]
(1, 1.0, 0, 0, 3, 0, 0, 0, 1, 1, 0, 0, 3, 0, 0, 0, 1, 1);[-0.0629999999999999, 0, 0, 0]
(0, 0.0, 0, 0, 4, 0, 0, 0, 1, 1, 0, 0, 3, 0, 0, 0, 1, 1);[-0.06500000000000004, -0.06600000000000002, 0, 0]
(0, 1.0, 0, 0, 4, 0, 0, 0, 1, 1, 0, 0, 4, 0, 0, 0, 1, 1);[-0.0700000000000001, -0.06799999999999998, 0, 0]
(1, 0.0, 0, 0, 4, 0, 0, 0, 1, 1, 0, 0, 4, 0, 0, 0, 1, 1);[-0.06099999999999994, 0, 0, 0]
(1, 0.0, 0, 0, 4, 0, 0, 0, 2, 2, 0, 0, 4, 0, 0, 0, 1, 1);[-0.05999999999999997, 0, 0, 0]
(1, 1.0, 0, 0, 4, 0, 1, 0, 2, 2, 0, 0, 4, 0, 0, 0, 1, 1);[-0.05999999999999997, 0, 0, 0]
(0, 0.0, 0, 0, 4, 0, 1, 0, 2, 2, 0, 0, 4, 0, 0, 0, 1, 1);[-0.07821700000000009, 0, 0, 0]
(2, 0.0, 0, 0, 3, 0, 0, 0, 1, 2, 0, 0, 2, 0, 0, 0, 0, 2);[0.458, 0, 0, 0]
(2, 0.0, 0, 0, 2, 0, 0, 0, 0, 2, 0, 0, 0, 0, 0, 0, 0, 2);[0.3000000000000001, 0, 0, 0]
(2, 1.0, 1, 0, 1, 0, 0, 0, 0, 2, 0, 0, 0, 0, 0, 0, 0, 2);[-0.016999999999999994, 0, 0, 0]
(0, 0.0, 1, 0, 1, 0, 0, 0, 0, 2, 0, 0, 0, 0, 0, 0, 0, 2);[-0.03400000000000008, 0, 0, 0]
(0, 0.0, 0, 0, 1, 0, 0, 0, 0, 2, 0, 0, 1, 0, 0, 0, 0, 2);[-0.03499999999999997, 0, 0, 0]
(0, 1.0, 0, 0, 1, 0, 0, 0, 0, 2, 0, 0, 1, 0, 0, 0, 0, 2);[-0.03499999999999997, -0.03500000000000005, 0, 0]
(1, 0.0, 0, 0, 1, 0, 0, 0, 0, 2, 0, 0, 1, 0, 0, 0, 0, 2);[-0.03499999999999997, -0.03500000000000005, 0, 0]
(1, 1.0, 0, 0, 2, 0, 0, 0, 0, 2, 0, 0, 1, 0, 0, 0, 0, 2);[-0.03699999999999992, 0, 0, 0]
(0, 0.0, 0, 0, 2, 0, 1, 0, 0, 3, 0, 0, 1, 0, 0, 0, 0, 2);[-0.043999999999999956, 0, 0, 0]
(0, 0.0, 0, 0, 2, 0, 1, 0, 0, 3, 0, 0, 2, 0, 0, 0, 0, 2);[-0.051000000000000156, 0, 0, 0]
(0, 1.0, 0, 0, 2, 0, 0, 0, 0, 3, 0, 0, 2, 0, 0, 0, 0, 3);[-0.05999999999999997, -0.05999999999999997, 0.184, 0]
(1, 0.0, 0, 0, 2, 0, 0, 0, 0, 3, 0, 0, 2, 0, 0, 0, 0, 3);[-0.06500000000000004, -0.06500000000000004, 0, 0]
(1, 1.0, 0, 0, 2, 0, 0, 0, 0, 3, 0, 0, 2, 0, 0, 0, 0, 3);[-0.05, 0, 0, 0]
(0, 0.0, 0, 0, 2, 0, 0, 0, 0, 3, 0, 0, 2, 0, 0, 0, 0, 3);[-0.05999999999999997, -0.05999999999999997, 0, 0]
(2, 0.0, 0, 0, 1, 0, 0, 0, 0, 3, 0, 0, 0, 0, 0, 0, 0, 3);[0.14499999999999993, 0, 0, 0]
(3, 0.0, 0, 0, 0, 0, 1, 0, 0, 4, 0, 0, 0, 0, 0, 0, 0, 2);[0.395, 0, 0, 0]
(3, 0.0, 0, 0, 0, 0, 1, 0, 0, 3, 0, 0, 0, 0, 0, 0, 0, 0);[0.3354375829578942, 0, 0, 0]
(1, 0.0, 1, 0, 0, 0, 1, 0, 0, 1, 0, 0, 0, 0, 1, 0, 0, 0);[-0.03600000000000001, 0, 0, 0]
(1, 0.0, 1, 0, 0, 0, 1, 0, 0, 1, 0, 0, 0, 0, 1, 0, 0, 1);[-0.043, -0.03, -0.031071734870286194, 0]
(1, 1.0, 1, 0, 0, 0, 1, 0, 0, 1, 1, 0, 0, 0, 1, 0, 0, 1);[0.06871961157814102, 0, 0, 0]
(2, 0.0, 1, 1, 0, 0, 0, 0, 0, 0, 0, 0, 0, 0, 0, 0, 0, 0);[-0.009999999999999998, -0.014999999999999998, 0, 0]
(2, 1.0, 1, 1, 0, 0, 0, 0, 0, 0, 0, 0, 0, 0, 0, 0, 0, 0);[-0.012543843312703097, -0.0020000000000000018, -0.020000000000000007, 0]
(1, 1.0, 0, 0, 0, 0, 1, 0, 1, 1, 0, 0, 0, 0, 0, 0, 0, 0);[-0.004999999999999994, -0.0050000000000000044, -0.0075513484841095565, 0.1839852161784817]
(0, 0.0, 0, 0, 0, 0, 0, 0, 1, 1, 0, 0, 0, 0, 0, 0, 0, 1);[-0.018999999999999996, 0, 0, 0]
(2, 0.0, 1, 1, 0, 0, 0, 0, 0, 1, 0, 0, 0, 0, 0, 0, 0, 1);[-0.020999999999999998, 0, 0, 0]
(2, 1.0, 1, 1, 0, 0, 0, 0, 0, 1, 1, 0, 0, 0, 0, 0, 0, 1);[-0.009000000000000008, 0, 0, 0]
(0, 0.0, 0, 1, 0, 0, 0, 0, 0, 1, 0, 1, 0, 0, 0, 0, 0, 1);[-0.013999999999999992, -0.020000000000000018, 0, 0]
(0, 1.0, 0, 1, 0, 0, 0, 0, 0, 1, 0, 1, 0, 0, 0, 0, 0, 1);[-0.019999999999999976, 0.0750209, 0, 0]
(1, 1.0, 0, 0, 0, 0, 1, 0, 1, 1, 0, 0, 0, 0, 0, 0, 0, 1);[-0.009999999999999988, -0.032999999999999995, 0, 0]
(0, 0.0, 0, 0, 0, 0, 1, 0, 1, 1, 0, 0, 0, 0, 0, 0, 0, 1);[-0.01200000000000001, -0.02400000000000002, -0.01200000000000001, -0.006931999999999972]
(3, 0.0, 0, 0, 0, 0, 0, 0, 1, 1, 0, 0, 0, 0, 0, 0, 1, 0);[0.15026463, 0, 0, 0]
(3, 1.0, 1, 0, 1, 0, 0, 0, 0, 0, 0, 0, 0, 0, 0, 0, 0, 0);[-0.007000000000000006, 0.0, 0, 0]
(2, 0.0, 0, 0, 1, 0, 1, 0, 1, 0, 0, 0, 0, 0, 0, 0, 0, 0);[-0.008687905621737086, 0, 0, 0]
(2, 1.0, 0, 0, 1, 0, 0, 0, 0, 0, 0, 0, 0, 0, 0, 0, 0, 0);[-0.0030279305544687347, -0.004541368045500001, 0.024200396264552407, 0]
(2, 0.0, 0, 0, 1, 0, 1, 0, 0, 0, 0, 0, 0, 0, 1, 0, 0, 0);[0.01689672539555719, 0, 0, 0]
(2, 1.0, 0, 0, 1, 0, 1, 0, 0, 0, 0, 0, 0, 0, 1, 0, 0, 0);[0.017, 0, 0, 0]
(0, 0.0, 0, 0, 1, 0, 1, 0, 0, 0, 0, 0, 0, 0, 0, 0, 0, 0);[0.12651858379185044, 0, 0, 0]
(3, 0.0, 1, 0, 0, 0, 1, 0, 1, 0, 0, 0, 0, 0, 0, 0, 0, 0);[-0.010000000000000002, -0.011000000000000001, -0.021319832852739543, 0]
(3, 1.0, 2, 0, 0, 0, 1, 0, 1, 0, 1, 0, 0, 0, 0, 0, 0, 0);[-0.007000000000000001, -0.022000000000000006, 0, 0]
(3, 0.0, 1, 1, 0, 0, 0, 0, 1, 0, 0, 0, 0, 0, 0, 0, 1, 0);[-0.018, -0.026000000000000002, 0, 0]
(3, 1.0, 1, 1, 0, 0, 0, 0, 1, 0, 0, 1, 0, 0, 0, 0, 1, 0);[-0.025999999999999992, 0, 0, 0]
(0, 0.0, 0, 1, 0, 0, 0, 0, 1, 0, 0, 1, 0, 0, 0, 0, 1, 0);[-0.02200000000000002, -0.025, 0, 0]
(0, 1.0, 0, 1, 1, 0, 0, 0, 1, 0, 0, 1, 0, 0, 0, 0, 1, 0);[-0.025, 0.017000000000000015, 0, 0]
(1, 0.0, 0, 0, 1, 0, 0, 0, 1, 0, 0, 0, 0, 0, 0, 0, 1, 0);[0.008999999999999985, 0, 0, 0]
(1, 0.0, 0, 0, 1, 0, 1, 0, 2, 0, 0, 0, 1, 0, 0, 0, 1, 0);[-0.019999999999999997, 0, 0, 0]
(1, 1.0, 0, 0, 1, 0, 1, 0, 2, 0, 0, 0, 1, 0, 0, 0, 1, 0);[-0.019999999999999976, 0, 0, 0]
(0, 0.0, 0, 0, 1, 0, 1, 0, 2, 0, 0, 0, 1, 0, 0, 0, 1, 0);[-0.03200000000000003, 0, 0, 0]
(0, 0.0, 0, 0, 1, 0, 0, 0, 2, 0, 0, 0, 1, 0, 0, 0, 2, 0);[-0.03500000000000001, 0, 0, 0]
(0, 1.0, 0, 0, 1, 0, 0, 0, 2, 0, 0, 0, 1, 0, 0, 0, 2, 0);[-0.03499999999999997, -0.03500000000000001, 0, 0]
(1, 0.0, 0, 0, 1, 0, 0, 0, 2, 0, 0, 0, 1, 0, 0, 0, 2, 0);[-0.03500000000000001, -0.03500000000000001, -0.03500000000000005, -0.03499999999999997]
(1, 1.0, 0, 0, 1, 0, 0, 0, 2, 0, 0, 0, 1, 0, 0, 0, 2, 0);[-0.03700000000000001, -0.040000000000000036, 0.18600000000000005, 0]
(0, 0.0, 0, 1, 1, 0, 0, 0, 2, 0, 0, 0, 1, 0, 0, 0, 2, 0);[-0.03999999999999995, -0.041999999999999996, 0, 0]
(0, 1.0, 0, 1, 1, 0, 0, 0, 2, 0, 0, 0, 1, 0, 0, 0, 2, 0);[-0.04800000000000004, 0, 0, 0]
(0, 1.0, 0, 1, 1, 0, 0, 0, 2, 0, 0, 1, 1, 0, 0, 0, 2, 0);[-0.05, -0.023000000000000045, 0, 0]
(1, 0.0, 0, 0, 1, 0, 0, 0, 2, 1, 0, 0, 1, 0, 0, 0, 2, 0);[-0.026999999999999958, 0, 0, 0]
(1, 0.0, 0, 0, 1, 0, 1, 0, 3, 1, 0, 0, 1, 0, 0, 0, 2, 0);[-0.041000000000000016, 0, 0, 0]
(1, 1.0, 0, 0, 1, 0, 1, 0, 3, 1, 0, 0, 1, 0, 0, 0, 2, 0);[-0.053000000000000026, 0, 0, 0]
(0, 0.0, 0, 0, 1, 0, 1, 0, 3, 1, 0, 0, 1, 0, 0, 0, 3, 1);[-0.054999999999999986, 0, 0, 0]
(0, 0.0, 0, 0, 1, 0, 0, 0, 3, 1, 0, 0, 1, 0, 0, 0, 3, 1);[-0.05700000000000003, -0.05500000000000008, -0.05500000000000008, 0]
(0, 1.0, 0, 0, 1, 0, 0, 0, 3, 1, 0, 0, 1, 0, 0, 0, 3, 1);[-0.054999999999999896, -0.05800000000000001, 0.3210000000000001, 0]
(1, 0.0, 0, 1, 1, 0, 0, 0, 3, 1, 0, 0, 1, 0, 0, 0, 3, 1);[-0.05999999999999997, 0, 0, 0]
(1, 0.0, 1, 0, 1, 0, 0, 0, 3, 1, 0, 0, 1, 0, 0, 0, 3, 1);[-0.05800000000000001, 0, 0, 0]
(1, 1.0, 1, 0, 1, 0, 0, 0, 3, 1, 0, 0, 1, 0, 0, 0, 3, 1);[-0.041999999999999996, 0, 0, 0]
(2, 0.0, 0, 0, 1, 0, 0, 0, 2, 1, 0, 0, 0, 0, 0, 0, 1, 1);[0.519, 0, 0, 0]
(2, 0.0, 0, 0, 0, 0, 0, 0, 1, 1, 0, 0, 0, 0, 0, 0, 0, 1);[0.22600000000000003, 0, 0, 0]
(2, 1.0, 0, 0, 0, 0, 1, 0, 1, 1, 0, 0, 0, 0, 0, 0, 0, 1);[-0.010000000000000009, 0, 0, 0]
(2, 1.0, 0, 0, 0, 0, 1, 0, 1, 1, 0, 0, 0, 0, 0, 0, 0, 0);[-0.0050000000000000044, -0.007000000000000006, 0.04091819136442626, 0.5342999251126863]
(0, 0.0, 0, 0, 0, 0, 0, 0, 1, 1, 0, 0, 0, 0, 0, 0, 0, 0);[0.005583491820700004, 0, 0, 0]
(2, 0.0, 0, 0, 1, 0, 1, 0, 0, 0, 0, 0, 0, 0, 0, 0, 0, 0);[-0.01503, -0.0026240172591130207, 0, 0]
(0, 0.0, 0, 1, 1, 0, 1, 0, 0, 0, 0, 0, 0, 0, 0, 0, 0, 0);[-0.0029999999999999975, 0, 0, 0]
(0, 0.0, 0, 1, 1, 0, 0, 0, 0, 0, 0, 0, 1, 0, 0, 0, 0, 0);[-0.018000000000000006, 0, 0, 0]
(0, 1.0, 0, 1, 1, 0, 0, 0, 0, 0, 0, 0, 1, 0, 0, 0, 0, 0);[-0.024, 0, 0, 0]
(0, 1.0, 0, 1, 1, 0, 0, 0, 0, 0, 0, 1, 1, 0, 0, 0, 0, 0);[-0.025, 0.0030000000000000027, 0, 0]
(1, 0.0, 1, 0, 0, 0, 1, 0, 1, 0, 0, 0, 0, 0, 0, 0, 0, 0);[-0.024, 0, 0, 0]
(3, 0.0, 0, 0, 1, 0, 1, 0, 0, 1, 0, 0, 0, 0, 0, 0, 0, 0);[-0.016000000000000014, -0.005000000000000027, -0.00809156882439822, -0.005594000000000001]
(3, 1.0, 0, 0, 1, 0, 1, 0, 0, 0, 0, 0, 0, 0, 0, 0, 0, 0);[-0.007000000000000001, 0.16283100000000003, 0, 0]
(0, 0.0, 0, 0, 1, 0, 1, 0, 0, 0, 0, 0, 1, 0, 0, 0, 0, 0);[-0.01599, 0.015145309458959574, 0, 0]
(0, 0.0, 0, 1, 0, 0, 1, 0, 0, 1, 0, 0, 0, 0, 0, 0, 0, 1);[0.007000000000000006, 0, 0, 0]
(0, 0.0, 0, 1, 0, 0, 0, 0, 0, 1, 0, 0, 0, 0, 0, 0, 0, 1);[-0.015000000000000013, 0, 0, 0]
(0, 1.0, 0, 1, 0, 0, 0, 0, 0, 1, 0, 0, 0, 0, 0, 0, 0, 1);[-0.017019999999999997, 0, 0, 0]
(3, 0.0, 0, 0, 0, 0, 1, 0, 1, 1, 0, 0, 0, 0, 0, 0, 0, 0);[0.05412942789517135, 0, 0, 0]
(3, 1.0, 0, 0, 1, 0, 1, 0, 0, 1, 0, 0, 1, 0, 0, 0, 0, 0);[-0.003999999999999982, 0, 0, 0]
(0, 0.0, 0, 0, 1, 0, 0, 0, 0, 1, 0, 0, 1, 0, 0, 0, 0, 0);[-0.01820092791867083, -0.019000000000000003, -0.005090307200982164, -0.030973973722963195]
(0, 0.0, 0, 0, 1, 0, 0, 0, 1, 0, 0, 0, 0, 0, 0, 0, 0, 0);[-0.014000000000000002, -0.017725107790690416, 0, 0]
(3, 1.0, 1, 1, 0, 0, 0, 0, 0, 0, 0, 0, 0, 0, 0, 0, 0, 0);[0.05312727578627856, 0, 0, 0]
(0, 0.0, 1, 1, 0, 0, 0, 0, 0, 0, 0, 1, 0, 0, 0, 0, 0, 0);[-0.005714747209510817, 0, 0, 0]
(0, 1.0, 0, 0, 1, 0, 0, 0, 0, 1, 0, 0, 1, 0, 0, 0, 0, 0);[-0.009604740060690734, 0, 0, 0]
(3, 1.0, 0, 0, 1, 0, 1, 0, 1, 0, 0, 0, 1, 0, 0, 0, 0, 0);[-0.010000000000000002, 0, 0, 0]
(2, 0.0, 1, 0, 0, 0, 1, 0, 0, 1, 1, 0, 0, 0, 1, 0, 0, 1);[-0.015999999999999993, -0.03500000000000001, -0.03500000000000001, -0.024589859175074093]
(2, 1.0, 1, 0, 0, 0, 1, 0, 0, 1, 1, 0, 0, 0, 1, 0, 0, 1);[0.19120904830424482, 0, 0, 0]
(1, 1.0, 0, 0, 0, 0, 1, 0, 0, 1, 0, 0, 0, 0, 0, 0, 0, 1);[-0.0003456384433817628, 0, 0, 0]
(1, 0.0, 0, 0, 1, 0, 0, 0, 0, 1, 0, 0, 0, 0, 0, 0, 0, 1);[-0.015999999999999993, 0, 0, 0]
(1, 0.0, 1, 0, 1, 0, 0, 0, 0, 0, 0, 0, 0, 0, 0, 0, 0, 0);[-0.009, -0.011, 0, 0]
(1, 0.0, 1, 0, 1, 0, 0, 0, 0, 0, 1, 0, 1, 0, 0, 0, 0, 0);[-0.02, 0, 0, 0]
(1, 1.0, 1, 0, 1, 0, 1, 0, 1, 0, 1, 0, 1, 0, 0, 0, 0, 0);[-0.0040000000000000036, 0, 0, 0]
(2, 1.0, 1, 0, 0, 0, 0, 0, 0, 1, 0, 0, 0, 0, 0, 0, 0, 1);[0.017760368176434622, 0, 0, 0]
(3, 0.0, 1, 0, 0, 0, 1, 0, 1, 0, 1, 0, 0, 0, 0, 0, 0, 0);[-0.021000000000000005, 0, 0, 0]
(1, 0.0, 2, 0, 0, 0, 1, 0, 1, 0, 1, 0, 0, 0, 1, 0, 1, 0);[-0.040999999999999995, 0, 0, 0]
(1, 0.0, 2, 0, 0, 0, 1, 0, 1, 0, 2, 0, 0, 0, 1, 0, 1, 0);[-0.045, 0, 0, 0]
(1, 1.0, 2, 0, 0, 0, 1, 0, 1, 0, 2, 0, 0, 0, 1, 0, 1, 0);[0.010999999999999989, 0, 0, 0]
(0, 0.0, 2, 0, 0, 0, 1, 0, 1, 0, 0, 0, 0, 0, 0, 0, 1, 0);[0.06802465309236887, 0, 0, 0]
(1, 0.0, 0, 0, 1, 0, 1, 0, 0, 1, 0, 0, 0, 0, 1, 0, 0, 1);[-0.035, -0.041603999999999995, 0, 0]
(2, 0.0, 1, 0, 1, 0, 1, 0, 0, 1, 0, 0, 0, 0, 1, 0, 0, 1);[-0.016000000000000014, 0, 0, 0]
(3, 1.0, 0, 0, 1, 0, 1, 0, 0, 1, 0, 0, 0, 0, 0, 0, 0, 0);[-0.0174, -0.009821500000000002, -0.006272221929082828, -0.010000000000000002]
(1, 1.0, 0, 0, 0, 0, 1, 0, 0, 1, 0, 0, 0, 0, 0, 0, 0, 0);[0.02925565425550053, 0, 0, 0]
(1, 1.0, 0, 0, 0, 0, 1, 0, 1, 0, 0, 0, 0, 0, 0, 0, 1, 0);[-0.017018438262569994, -0.03295993784286092, 0, 0]
(0, 1.0, 1, 1, 0, 0, 0, 0, 1, 0, 0, 0, 0, 0, 0, 0, 1, 0);[-0.018999999999999996, -0.012, 0, 0]
(1, 0.0, 1, 1, 0, 0, 0, 0, 1, 0, 0, 0, 0, 0, 0, 0, 1, 0);[-0.021000000000000008, 0, 0, 0]
(1, 0.0, 0, 0, 0, 0, 1, 0, 1, 1, 0, 0, 0, 0, 0, 0, 0, 0);[-0.027000000000000003, -0.004999999999999994, -0.004999999999999994, -0.012]
(1, 0.0, 0, 0, 0, 0, 1, 0, 1, 1, 0, 0, 0, 0, 1, 0, 1, 1);[-0.03499999999999999, -0.032999999999999995, 0, 0]
(1, 1.0, 0, 0, 0, 0, 1, 0, 1, 1, 0, 0, 0, 0, 1, 0, 1, 1);[-0.017000000000000015, -0.03600000000000001, -0.023474999999999996, 0.030651856033527627]
(0, 0.0, 0, 0, 0, 0, 1, 0, 1, 1, 0, 0, 0, 0, 0, 0, 1, 1);[0.0010000000000000009, 0, 0, 0]
(0, 1.0, 0, 0, 1, 0, 0, 0, 1, 0, 0, 0, 0, 0, 0, 0, 0, 0);[0.013696827175504966, 0, 0, 0]
(1, 0.0, 0, 0, 1, 0, 1, 0, 0, 0, 0, 0, 0, 0, 1, 0, 0, 0);[-0.0416, -0.0513, -0.06437500000000002, -0.036]
(1, 1.0, 0, 0, 1, 0, 1, 0, 0, 0, 0, 0, 0, 0, 1, 0, 0, 0);[-0.015000000000000003, 0, 0, 0]
(2, 1.0, 1, 1, 0, 0, 1, 0, 0, 1, 0, 0, 0, 0, 0, 0, 0, 0);[-0.007999999999999997, 0, 0, 0]
(0, 0.0, 1, 1, 0, 0, 1, 0, 0, 1, 0, 1, 0, 0, 0, 0, 0, 0);[-0.009999999999999998, 0, 0, 0]
(0, 0.0, 0, 1, 0, 0, 1, 0, 0, 1, 0, 1, 0, 0, 0, 0, 0, 0);[-0.01712880100000001, 0, 0, 0]
(3, 1.0, 1, 0, 0, 0, 1, 0, 0, 0, 1, 0, 0, 0, 1, 0, 0, 0);[0.08379884372014754, 0, 0, 0]
(1, 0.0, 0, 0, 1, 0, 1, 0, 0, 0, 0, 0, 1, 0, 0, 0, 0, 0);[-0.032999999999999995, 0, 0, 0]
(1, 0.0, 0, 0, 1, 0, 1, 0, 0, 0, 0, 0, 1, 0, 1, 0, 0, 0);[-0.04, -0.05809706766602731, -0.025, -0.030000000000000006]
(1, 1.0, 0, 0, 1, 0, 1, 0, 0, 0, 0, 0, 1, 0, 1, 0, 0, 0);[-0.02040932725985104, -0.030000000000000006, 0.026969889859614935, 0]
(1, 0.0, 0, 0, 0, 0, 1, 0, 0, 1, 0, 0, 0, 0, 0, 0, 0, 1);[-0.03562777978823805, 0, 0, 0]
(1, 1.0, 0, 0, 2, 0, 1, 0, 0, 0, 0, 0, 1, 0, 1, 0, 0, 0);[-0.006999999999999996, 0, 0, 0]
(0, 0.0, 0, 0, 2, 0, 1, 0, 0, 0, 0, 0, 1, 0, 0, 0, 0, 0);[0.0020000000000000018, 0, 0, 0]
(0, 0.0, 0, 0, 2, 0, 0, 0, 0, 0, 0, 0, 2, 0, 0, 0, 0, 0);[-0.030000000000000006, -0.029999999999999985, 0, 0]
(0, 1.0, 0, 0, 2, 0, 0, 0, 0, 0, 0, 0, 2, 0, 0, 0, 0, 0);[-0.030000000000000006, -0.030000000000000006, 0.06070009494129757, 0]
(1, 0.0, 0, 0, 2, 0, 0, 0, 0, 0, 0, 0, 2, 0, 0, 0, 0, 0);[-0.029999999999999985, -0.030000000000000027, 0, 0]
(1, 1.0, 0, 0, 2, 0, 0, 0, 0, 0, 0, 0, 2, 0, 0, 0, 0, 0);[-0.029999999999999985, 0, 0, 0]
(0, 0.0, 1, 0, 3, 0, 0, 0, 1, 1, 0, 0, 2, 0, 0, 0, 0, 0);[-0.031000000000000007, 0, 0, 0]
(0, 1.0, 1, 0, 3, 0, 1, 0, 1, 1, 0, 0, 2, 0, 0, 0, 0, 0);[-0.03799999999999999, 0, 0, 0]
(0, 1.0, 0, 0, 3, 0, 1, 0, 1, 1, 0, 0, 3, 0, 0, 0, 0, 0);[-0.04900000000000002, 0, 0, 0]
(2, 0.0, 0, 0, 2, 0, 0, 0, 0, 1, 0, 0, 1, 0, 0, 0, 0, 1);[0.11199999999999999, 0, 0, 0]
(2, 0.0, 0, 0, 2, 0, 0, 0, 0, 1, 0, 0, 0, 0, 0, 0, 0, 1);[0.1210042690092504, 0, 0, 0]
(3, 0.0, 2, 0, 0, 0, 1, 0, 0, 0, 0, 0, 0, 0, 1, 0, 0, 0);[-0.025, 0, 0, 0]
(3, 0.0, 2, 0, 0, 0, 1, 0, 0, 0, 1, 0, 0, 0, 1, 0, 0, 0);[-0.03699999999999999, 0, 0, 0]
(3, 1.0, 2, 0, 0, 0, 1, 0, 0, 0, 2, 0, 0, 0, 1, 0, 0, 0);[0.02610085970464613, 0, 0, 0]
(0, 0.0, 1, 0, 1, 0, 0, 0, 0, 0, 0, 0, 0, 0, 0, 0, 0, 0);[0.010962947600563816, 0, 0, 0]
(1, 0.0, 1, 0, 0, 0, 1, 0, 1, 0, 1, 0, 0, 0, 0, 0, 0, 0);[-0.014000000000000002, -0.031781883497656746, 0, 0]
(3, 0.0, 0, 0, 1, 0, 1, 0, 0, 0, 0, 0, 0, 0, 0, 0, 0, 0);[-0.018000000000000002, 0.011889000000000005, 0, 0]
(3, 0.0, 0, 0, 1, 0, 1, 0, 0, 0, 0, 0, 1, 0, 1, 0, 0, 0);[-0.026000000000000002, -0.025, 0, 0]
(3, 1.0, 0, 0, 1, 0, 1, 0, 0, 0, 0, 0, 1, 0, 1, 0, 0, 0);[-0.0036804817425517646, -0.027000000000000003, 0, 0]
(1, 0.0, 1, 0, 0, 0, 1, 0, 0, 1, 1, 0, 0, 0, 0, 0, 0, 0);[-0.016000000000000004, 0, 0, 0]
(1, 0.0, 2, 0, 0, 0, 1, 0, 0, 1, 1, 0, 0, 0, 0, 0, 0, 0);[-0.028999999999999998, 0, 0, 0]
(1, 1.0, 2, 0, 0, 0, 1, 0, 0, 1, 1, 0, 0, 0, 0, 0, 0, 1);[0.011694856569423881, 0, 0, 0]
(3, 0.0, 1, 0, 0, 0, 1, 0, 0, 0, 1, 0, 0, 0, 1, 0, 0, 0);[-0.026999999999999996, -0.026287344335619373, 0, 0]
(1, 0.0, 1, 0, 1, 0, 1, 0, 0, 0, 0, 0, 0, 0, 1, 0, 0, 0);[-0.025999999999999995, 0, 0, 0]
(1, 1.0, 1, 0, 1, 0, 1, 0, 0, 0, 0, 0, 1, 0, 1, 0, 0, 0);[-0.009000000000000008, -0.030000000000000006, 0.007096842361460691, 0]
(0, 0.0, 1, 0, 1, 0, 1, 0, 0, 0, 0, 0, 1, 0, 0, 0, 0, 0);[0.016000000000000004, 0, 0, 0]
(0, 0.0, 0, 0, 2, 0, 0, 0, 0, 0, 0, 0, 1, 0, 0, 0, 0, 0);[-0.013000000000000001, 0, 0, 0]
(0, 1.0, 0, 0, 2, 0, 0, 0, 0, 0, 0, 0, 1, 0, 0, 0, 0, 0);[-0.023, 0, 0, 0]
(3, 0.0, 1, 2, 0, 0, 0, 0, 0, 0, 0, 1, 0, 0, 0, 0, 0, 0);[-0.019999999999999997, 0, 0, 0]
(3, 1.0, 1, 2, 0, 0, 0, 0, 0, 0, 0, 1, 0, 0, 0, 0, 0, 0);[0.027000000000000003, 0, 0, 0]
(0, 0.0, 1, 2, 0, 0, 0, 0, 0, 0, 0, 1, 0, 0, 0, 0, 0, 0);[-0.019999999999999997, 0, 0, 0]
(0, 0.0, 0, 2, 0, 0, 0, 0, 0, 0, 0, 2, 0, 0, 0, 0, 0, 0);[-0.019999999999999997, 0, 0, 0]
(0, 1.0, 0, 2, 0, 0, 0, 0, 0, 0, 0, 2, 0, 0, 0, 0, 0, 0);[-0.019999999999999997, 0.091, 0, 0]
(1, 0.0, 0, 1, 0, 0, 0, 0, 0, 0, 0, 0, 0, 0, 0, 0, 0, 0);[0.08548550292598332, 0, 0, 0]
(0, 0.0, 0, 0, 1, 0, 0, 0, 0, 1, 0, 0, 0, 0, 0, 0, 0, 1);[-0.016999999999999998, -0.010697987993288074, 0, 0]
(0, 1.0, 0, 0, 2, 0, 0, 0, 0, 1, 0, 0, 0, 0, 0, 0, 0, 1);[-0.026999999999999996, 0, 0, 0]
(0, 1.0, 0, 0, 2, 0, 0, 0, 0, 1, 0, 0, 1, 0, 0, 0, 0, 1);[-0.03200000000000001, -0.034999999999999996, 0, 0]
(1, 0.0, 0, 0, 2, 0, 0, 0, 0, 1, 0, 0, 2, 0, 0, 0, 0, 1);[-0.039999999999999994, -0.04500000000000002, 0, 0]
(1, 1.0, 1, 0, 2, 0, 0, 0, 0, 1, 0, 0, 2, 0, 0, 0, 0, 1);[-0.031000000000000007, 0, 0, 0]
(0, 0.0, 0, 0, 2, 0, 0, 0, 0, 1, 0, 0, 2, 0, 0, 0, 0, 1);[-0.039999999999999994, -0.039999999999999994, 0, 0]
(0, 1.0, 0, 0, 2, 0, 0, 0, 0, 1, 0, 0, 2, 0, 0, 0, 0, 1);[-0.039999999999999994, -0.039999999999999994, 0.013949576818391797, 0]
(1, 0.0, 0, 0, 2, 0, 1, 0, 1, 2, 0, 0, 2, 0, 0, 0, 0, 1);[-0.040000000000000036, 0, 0, 0]
(1, 0.0, 0, 0, 3, 0, 1, 0, 1, 2, 0, 0, 2, 0, 0, 0, 0, 1);[-0.03999999999999995, 0, 0, 0]
(1, 1.0, 0, 0, 3, 0, 1, 0, 1, 2, 0, 0, 2, 0, 0, 0, 0, 1);[-0.053000000000000026, 0, 0, 0]
(2, 0.0, 0, 0, 2, 0, 0, 0, 0, 2, 0, 0, 1, 0, 0, 0, 0, 2);[0.144, 0, 0, 0]
(2, 0.0, 0, 0, 1, 0, 0, 0, 0, 2, 0, 0, 0, 0, 0, 0, 0, 2);[0.13400000000000004, 0, 0, 0]
(1, 0.0, 0, 0, 0, 0, 0, 0, 0, 2, 0, 0, 0, 0, 0, 0, 0, 2);[-0.025, -0.025, 0, 0]
(1, 1.0, 0, 0, 0, 0, 0, 0, 0, 2, 0, 0, 0, 0, 0, 0, 0, 2);[-0.010673000000000009, 0, 0, 0]
(3, 0.0, 0, 0, 0, 0, 1, 0, 0, 2, 0, 0, 0, 0, 0, 0, 0, 0);[0.195164141327262, 0, 0, 0]
(1, 1.0, 0, 0, 0, 0, 1, 0, 0, 1, 0, 0, 0, 0, 1, 0, 0, 0);[-0.0012434790030706189, 0, 0, 0]
(3, 0.0, 0, 1, 0, 0, 0, 0, 0, 0, 0, 1, 0, 0, 0, 0, 0, 0);[-0.021101769697878945, -0.014000000000000002, -0.015000000000000003, -0.02711894124942052]
(3, 1.0, 0, 1, 0, 0, 0, 0, 0, 0, 0, 1, 0, 0, 0, 0, 0, 0);[-0.006, 0.0802181305324077, 0, 0]
(2, 0.0, 0, 1, 0, 0, 1, 0, 0, 0, 0, 0, 0, 0, 1, 0, 0, 0);[-0.019999999999999997, 0, 0, 0]
(2, 0.0, 1, 1, 0, 0, 1, 0, 0, 0, 0, 0, 0, 0, 1, 0, 0, 0);[-0.026000000000000002, 0, 0, 0]
(2, 1.0, 1, 1, 0, 0, 1, 0, 0, 0, 0, 1, 0, 0, 1, 0, 0, 0);[0.0020000000000000018, 0, 0, 0]
(0, 0.0, 0, 1, 0, 0, 1, 0, 0, 0, 0, 1, 0, 0, 0, 0, 0, 0);[0.017083353416098523, 0, 0, 0]
(1, 0.0, 0, 0, 1, 0, 1, 0, 1, 0, 0, 0, 0, 0, 0, 0, 0, 0);[-0.011000000000000001, 0, 0, 0]
(3, 1.0, 0, 0, 1, 0, 1, 0, 0, 0, 0, 0, 0, 0, 1, 0, 0, 0);[-0.0038852252909999997, -0.026673000000000002, 0, 0]
(0, 0.0, 1, 1, 0, 0, 0, 0, 0, 0, 0, 0, 0, 0, 0, 0, 0, 0);[-0.003, 0, 0, 0]
(0, 1.0, 1, 1, 0, 0, 0, 0, 0, 0, 0, 0, 0, 0, 0, 0, 0, 0);[-0.002654325609615149, 0, 0, 0]
(3, 0.0, 1, 0, 1, 0, 0, 0, 0, 0, 0, 0, 0, 0, 0, 0, 0, 0);[-0.002, -0.013999999999999999, -0.007000000000000001, 0]
(3, 1.0, 1, 0, 1, 0, 0, 0, 0, 0, 1, 0, 1, 0, 0, 0, 0, 0);[-0.010000000000000004, 0, 0, 0]
(0, 0.0, 1, 0, 1, 0, 0, 0, 0, 0, 0, 0, 1, 0, 0, 0, 0, 0);[-0.004989999999999998, 0, 0, 0]
(3, 1.0, 1, 0, 1, 0, 1, 0, 0, 1, 0, 0, 1, 0, 0, 0, 0, 0);[-0.009999999999999998, 0, 0, 0]
(0, 0.0, 1, 0, 1, 0, 1, 0, 0, 1, 0, 0, 1, 0, 0, 0, 0, 0);[-0.021970000000000003, 0, 0, 0]
(3, 0.0, 2, 0, 1, 0, 0, 0, 0, 0, 0, 0, 0, 0, 0, 0, 0, 0);[-0.014000000000000002, 0, 0, 0]
(3, 1.0, 2, 1, 1, 0, 0, 0, 0, 0, 0, 0, 1, 0, 0, 0, 0, 0);[0.025, 0, 0, 0]
(0, 0.0, 2, 1, 1, 0, 0, 0, 0, 0, 0, 0, 1, 0, 0, 0, 0, 0);[-0.012, 0, 0, 0]
(0, 0.0, 1, 1, 1, 0, 0, 0, 0, 0, 0, 1, 1, 0, 0, 0, 0, 0);[-0.019999999999999997, 0, 0, 0]
(0, 1.0, 0, 1, 1, 0, 1, 0, 1, 0, 0, 1, 1, 0, 0, 0, 0, 0);[-0.021000000000000008, -0.004989999999999993, 0, 0]
(1, 1.0, 0, 1, 1, 0, 1, 0, 1, 0, 0, 0, 1, 0, 1, 0, 1, 0);[-0.024, 0, 0, 0]
(0, 0.0, 0, 1, 1, 0, 0, 0, 1, 0, 0, 0, 1, 0, 0, 0, 1, 0);[-0.023, -0.03599999999999999, -0.028000000000000004, 0]
(0, 1.0, 0, 1, 1, 0, 0, 0, 1, 0, 0, 1, 1, 0, 0, 0, 1, 0);[-0.040000000000000036, -0.022474999999999974, 0.03200000000000001, 0]
(2, 0.0, 1, 0, 1, 0, 1, 0, 0, 1, 0, 0, 0, 0, 0, 0, 0, 0);[-0.015599999999999996, 0, 0, 0]
(3, 0.0, 0, 0, 2, 0, 0, 0, 0, 0, 0, 0, 0, 0, 0, 0, 0, 0);[-0.003, 0, 0, 0]
(3, 1.0, 0, 0, 2, 0, 1, 0, 0, 1, 0, 0, 0, 0, 0, 0, 0, 0);[-0.012, 0, 0, 0]
(0, 0.0, 0, 0, 2, 0, 1, 0, 0, 1, 0, 0, 1, 0, 0, 0, 0, 0);[-0.024000000000000004, 0, 0, 0]
(0, 0.0, 0, 0, 2, 0, 0, 0, 0, 1, 0, 0, 2, 0, 0, 0, 0, 0);[-0.033999999999999996, 0, 0, 0]
(3, 0.0, 0, 0, 1, 0, 1, 0, 0, 0, 0, 0, 0, 0, 1, 0, 0, 0);[-0.019000000000000003, 0, 0, 0]
(2, 1.0, 0, 0, 1, 0, 1, 0, 0, 0, 0, 0, 0, 0, 0, 0, 0, 0);[0.006992925653451227, 0, 0, 0]
(1, 0.0, 1, 0, 1, 0, 0, 0, 0, 0, 1, 0, 0, 0, 0, 0, 0, 0);[-0.020000000000000004, 0, 0, 0]
(1, 1.0, 1, 0, 1, 0, 0, 0, 0, 0, 1, 0, 1, 0, 0, 0, 0, 0);[-0.0016186918987928106, 0, 0, 0]
(2, 0.0, 0, 0, 1, 0, 1, 0, 0, 1, 0, 0, 0, 0, 0, 0, 0, 1);[-0.023004375382048983, 0, 0, 0]
(2, 1.0, 1, 1, 0, 0, 0, 0, 0, 0, 1, 1, 0, 0, 0, 0, 0, 0);[0.0037155238887851914, 0, 0, 0]
(1, 0.0, 0, 0, 0, 0, 0, 0, 0, 1, 0, 0, 0, 0, 0, 0, 0, 0);[0.02175145817805354, 0, 0, 0]
(3, 0.0, 0, 0, 1, 0, 1, 0, 1, 0, 0, 0, 0, 0, 1, 0, 1, 0);[-0.024000000000000004, -0.032, 0, 0]
(3, 1.0, 0, 1, 1, 0, 1, 0, 1, 0, 0, 0, 1, 0, 1, 0, 1, 0);[-0.015999999999999993, 0, 0, 0]
(0, 0.0, 0, 1, 1, 0, 1, 0, 1, 0, 0, 0, 1, 0, 0, 0, 1, 0);[0, 0.001999999999999991, 0, 0]
(2, 0.0, 0, 1, 0, 0, 0, 0, 0, 0, 0, 1, 0, 0, 0, 0, 0, 0);[0.03996598606452404, 0, 0, 0]
(2, 0.0, 0, 0, 0, 0, 0, 0, 0, 1, 0, 0, 0, 0, 0, 0, 0, 0);[0.2722011888839272, 0, 0, 0]
(2, 1.0, 0, 0, 0, 0, 0, 0, 0, 1, 0, 0, 0, 0, 0, 0, 0, 0);[-0.005495000000000004, -0.0050000000000000044, 0.4486257511824106, 0.051255826253151004]
(3, 1.0, 1, 0, 0, 0, 0, 0, 1, 0, 1, 0, 0, 0, 0, 0, 1, 0);[-0.003410171706545852, -0.025000000000000012, 0, 0]
(3, 1.0, 1, 0, 0, 0, 1, 0, 1, 0, 0, 0, 0, 0, 1, 0, 0, 0);[-0.00926960150862749, -0.032970000000000006, -0.017735389643499404, 0]
(3, 0.0, 1, 0, 0, 0, 1, 0, 1, 0, 0, 0, 0, 0, 0, 0, 1, 0);[-0.02898843651543321, 0, 0, 0]
(2, 0.0, 1, 0, 0, 0, 1, 0, 0, 0, 1, 0, 0, 0, 0, 0, 0, 0);[0.010771568908659391, 0, 0, 0]
(3, 1.0, 1, 0, 0, 0, 1, 0, 1, 0, 0, 0, 0, 0, 0, 0, 1, 0);[-0.006371145936625144, -0.030663582099999993, 0, 0]
(0, 1.0, 0, 0, 0, 0, 1, 0, 2, 0, 0, 0, 0, 0, 0, 0, 1, 0);[-0.014999999999999993, -0.016000000000000014, 0, 0]
(1, 0.0, 0, 0, 0, 0, 1, 0, 2, 0, 0, 0, 0, 0, 0, 0, 1, 0);[-0.029000000000000005, 0, 0, 0]
(1, 0.0, 0, 0, 0, 0, 1, 0, 2, 0, 0, 0, 0, 0, 1, 0, 2, 0);[-0.044, 0, 0, 0]
(1, 1.0, 0, 0, 0, 0, 1, 0, 2, 0, 0, 0, 0, 0, 1, 0, 2, 0);[-0.029999999999999985, 0, 0, 0]
(0, 0.0, 0, 0, 0, 0, 1, 0, 2, 0, 0, 0, 0, 0, 0, 0, 2, 0);[-0.014000000000000012, 0, 0, 0]
(0, 0.0, 0, 0, 1, 0, 0, 0, 2, 0, 0, 0, 0, 0, 0, 0, 2, 0);[-0.029999999999999985, 0, 0, 0]
(0, 1.0, 0, 0, 1, 0, 0, 0, 2, 0, 0, 0, 0, 0, 0, 0, 2, 0);[-0.028000000000000025, -0.03399999999999999, 0, 0]
(2, 0.0, 0, 0, 0, 0, 0, 0, 1, 0, 0, 0, 0, 0, 0, 0, 0, 0);[0.18232576810538217, 0, 0, 0]
(3, 1.0, 1, 0, 1, 0, 1, 0, 1, 0, 0, 0, 0, 0, 0, 0, 0, 0);[0.039999999999999994, 0, 0, 0]
(0, 1.0, 0, 0, 0, 0, 1, 0, 1, 1, 0, 0, 0, 0, 0, 0, 0, 0);[-0.007999999999999997, -0.006999999999999996, 0, 0]
(0, 1.0, 0, 0, 0, 0, 1, 0, 1, 1, 0, 0, 0, 0, 0, 0, 0, 1);[0.018690766252440313, 0, 0, 0]
(1, 0.0, 0, 0, 0, 0, 1, 0, 1, 1, 0, 0, 0, 0, 0, 0, 0, 1);[-0.020000000000000007, 0, 0, 0]
