(0, 0.0, 0, 0, 0, 0, 0, 0, 0, 0, 0, 0, 0, 0, 0, 0, 0, 0);[35.76514086290973, 0, 0, 0]
(0, 0.0, 0, 0, 1, 0, 0, 0, 0, 0, 0, 0, 0, 0, 0, 0, 0, 0);[49.93224674482494, 49.98019083352582, 49.964695736797786, 49.9501406915907]
(0, 1.0, 0, 0, 1, 0, 0, 0, 0, 0, 0, 0, 0, 0, 0, 0, 0, 0);[49.96752181398058, 50.027521048037904, 50, 50]
(0, 1.0, 0, 0, 1, 0, 0, 0, 0, 0, 0, 0, 1, 0, 0, 0, 0, 0);[49.91931852616512, 49.87290008475297, 49.91808463287693, 49.872685263480186]
(1, 0.0, 0, 0, 1, 0, 0, 0, 0, 0, 0, 0, 1, 0, 0, 0, 0, 0);[49.88460615180219, 49.88901942886239, 49.8729620674285, 49.90005]
(1, 1.0, 0, 0, 1, 0, 0, 0, 0, 0, 0, 0, 1, 0, 0, 0, 0, 0);[49.8851985531265, 49.88630237056755, 49.912804251824234, 49.902445105001505]
(0, 0.0, 0, 0, 1, 0, 0, 0, 0, 0, 0, 0, 1, 0, 0, 0, 0, 0);[49.88522007683425, 49.92371393082083, 49.90005146879086, 49.89432983852096]
(2, 0.0, 0, 0, 0, 0, 0, 0, 0, 0, 0, 0, 0, 0, 0, 0, 0, 0);[49.80786850720911, 49.926260246947024, 49.79406178315271, 49.794676467024416]
(2, 1.0, 0, 0, 0, 0, 0, 0, 0, 0, 0, 0, 0, 0, 0, 0, 0, 0);[45.49906393746679, 49.855157316272184, 49.89003186618189, 49.92067983748129]
(0, 1.0, 0, 0, 0, 0, 0, 0, 0, 0, 0, 0, 0, 0, 0, 0, 0, 0);[49.90005, 49.900968481295216, 49.94465902933532, 49.935064752625316]
(1, 0.0, 0, 0, 0, 0, 0, 0, 0, 0, 0, 0, 0, 0, 0, 0, 0, 0);[49.90931831125167, 49.898147393042464, 49.86892017620788, 49.90005]
(1, 1.0, 0, 0, 0, 0, 0, 0, 0, 0, 0, 0, 0, 0, 0, 0, 0, 0);[45.93875838617639, 49.95, 49.986188261858416, 49.94073185461121]
(3, 0.0, 0, 0, 0, 0, 0, 0, 0, 0, 0, 0, 0, 0, 0, 0, 0, 0);[49.90119047480788, 49.95752335408279, 49.85647598744035, 49.89549289669508]
(3, 1.0, 0, 0, 0, 0, 0, 0, 0, 0, 0, 0, 0, 0, 0, 0, 0, 0);[46.44249867387274, 49.90005, 49.91343011297537, 49.98124831115597]
(1, 0.0, 0, 0, 1, 0, 0, 0, 0, 0, 0, 0, 0, 0, 0, 0, 0, 0);[49.89459842395657, 49.915120200946575, 49.912682514025306, 49.87180105760369]
(2, 0.0, 1, 0, 0, 0, 0, 0, 0, 0, 0, 0, 0, 0, 0, 0, 0, 0);[49.98005510648181, 49.96622753611901, 49.94959902328479, 50]
(2, 1.0, 1, 0, 0, 0, 0, 0, 0, 0, 1, 0, 0, 0, 0, 0, 0, 0);[46.727189077816085, 49.85014995, 49.85014995, 49.80852289311759]
(2, 0.0, 0, 0, 0, 0, 0, 0, 1, 0, 0, 0, 0, 0, 0, 0, 0, 0);[49.977375879239304, 50, 50, 50]
(1, 1.0, 0, 0, 1, 0, 0, 0, 0, 0, 0, 0, 0, 0, 0, 0, 0, 0);[49.94925517383504, 49.96300348124319, 50, 50]
(3, 0.0, 0, 0, 1, 0, 0, 0, 0, 0, 0, 0, 1, 0, 0, 0, 0, 0);[49.87429456804649, 49.92348518495545, 49.90643309383157, 49.87753049792577]
(3, 1.0, 0, 0, 1, 0, 0, 0, 0, 0, 0, 0, 1, 0, 0, 0, 0, 0);[49.95, 49.94693279356088, 49.92053280476918, 49.94758951725055]
(1, 1.0, 0, 0, 1, 1, 0, 0, 0, 0, 0, 0, 0, 0, 0, 0, 0, 0);[50.02799857503246, 50, 50, 50]
(0, 0.0, 0, 0, 1, 1, 0, 0, 0, 0, 0, 0, 0, 0, 0, 0, 0, 0);[49.99446693721551, 49.950363492685184, 50, 50]
(0, 1.0, 0, 0, 1, 1, 0, 0, 0, 0, 0, 0, 1, 1, 0, 0, 0, 0);[49.96119182417924, 49.967596797425124, 49.95742404434877, 50]
(1, 0.0, 0, 0, 1, 1, 0, 0, 0, 0, 0, 0, 1, 1, 0, 0, 0, 0);[49.97758114077896, 50, 50, 50]
(1, 0.0, 1, 0, 1, 1, 0, 0, 0, 0, 0, 0, 1, 1, 0, 0, 0, 0);[49.974855018363215, 50, 50, 50]
(1, 1.0, 1, 0, 1, 1, 0, 0, 0, 0, 0, 0, 1, 1, 0, 0, 0, 0);[49.97296972548025, 50, 50, 50]
(0, 0.0, 0, 0, 1, 1, 0, 0, 1, 0, 0, 0, 1, 1, 0, 0, 0, 0);[49.96551088855046, 49.95292980263132, 50, 50]
(0, 1.0, 0, 0, 1, 1, 0, 0, 1, 0, 0, 0, 1, 1, 0, 0, 0, 0);[50, 49.950000251682866, 50, 50]
(1, 0.0, 0, 0, 1, 1, 0, 0, 1, 0, 0, 0, 1, 1, 0, 0, 1, 0);[49.96360548996458, 49.96283595084128, 49.95, 49.95]
(1, 1.0, 0, 0, 1, 1, 0, 0, 1, 0, 0, 0, 1, 1, 0, 0, 1, 0);[49.95, 49.95, 49.92601525966299, 50]
(0, 0.0, 0, 0, 1, 1, 0, 0, 1, 0, 0, 0, 1, 1, 0, 0, 1, 0);[49.95, 49.95, 50, 50]
(0, 1.0, 0, 0, 1, 1, 0, 0, 1, 0, 0, 0, 1, 1, 0, 0, 1, 0);[49.95, 49.95, 50, 50]
(2, 0.0, 0, 0, 0, 1, 0, 0, 0, 0, 0, 0, 0, 1, 0, 0, 0, 0);[49.90005, 49.905, 49.92399207475344, 49.95]
(2, 1.0, 0, 0, 0, 1, 0, 0, 0, 0, 0, 0, 0, 1, 0, 0, 0, 0);[49.95, 49.95, 49.95, 49.9366801180528]
(0, 0.0, 0, 0, 0, 1, 0, 0, 0, 0, 0, 0, 0, 1, 0, 0, 0, 0);[49.905, 49.95, 49.95, 49.902132684679934]
(0, 1.0, 0, 0, 0, 1, 0, 0, 0, 0, 0, 0, 0, 1, 0, 0, 0, 0);[49.95, 49.96895244953987, 49.94505, 50]
(1, 0.0, 0, 0, 1, 1, 0, 0, 0, 0, 0, 0, 0, 1, 0, 0, 0, 0);[49.96818918427594, 50, 50, 50]
(1, 1.0, 0, 0, 1, 1, 0, 0, 0, 0, 0, 0, 0, 1, 0, 0, 0, 0);[49.97698839346284, 50, 50, 50]
(0, 0.0, 0, 0, 1, 1, 0, 0, 0, 0, 0, 0, 1, 1, 0, 0, 0, 0);[49.95815413720231, 49.950013422245966, 50, 50]
(1, 0.0, 0, 0, 0, 1, 0, 0, 0, 0, 0, 0, 0, 1, 0, 0, 0, 0);[49.98484044670648, 49.95, 49.95, 50]
(1, 0.0, 1, 0, 0, 1, 0, 0, 0, 0, 0, 0, 0, 1, 0, 0, 0, 0);[49.985223617235285, 50, 50, 50]
(1, 1.0, 1, 0, 0, 1, 0, 0, 0, 0, 0, 0, 0, 1, 0, 0, 0, 0);[49.95, 50, 50, 50]
(1, 1.0, 0, 0, 0, 1, 0, 0, 0, 0, 0, 0, 0, 1, 0, 0, 0, 0);[49.94525639217549, 50, 50, 50]
(3, 0.0, 0, 0, 0, 1, 0, 0, 0, 0, 0, 0, 0, 0, 0, 0, 0, 0);[50, 50, 50.05, 50]
(2, 0.0, 0, 0, 1, 0, 0, 0, 0, 0, 0, 0, 0, 0, 0, 0, 0, 0);[50.072066039467074, 50, 50, 50]
(3, 0.0, 1, 0, 0, 0, 0, 0, 0, 0, 0, 0, 0, 0, 0, 0, 0, 0);[49.96660829085694, 49.988736435027505, 49.97319045574395, 49.95000587982102]
(3, 1.0, 1, 0, 0, 0, 0, 0, 0, 0, 0, 0, 0, 0, 0, 0, 0, 0);[47.04574847942263, 49.962327717609234, 49.91294486136163, 49.96700642199643]
(3, 1.0, 0, 0, 0, 0, 0, 0, 1, 0, 0, 0, 0, 0, 0, 0, 0, 0);[49.987164687234845, 49.9910850775135, 50, 50]
(0, 0.0, 0, 0, 0, 0, 0, 0, 1, 0, 0, 0, 0, 0, 0, 0, 0, 0);[49.95843230687053, 49.950000410538216, 50, 50]
(0, 1.0, 0, 0, 0, 0, 0, 0, 1, 0, 0, 0, 0, 0, 0, 0, 1, 0);[49.95, 49.95, 50.034897897181814, 50]
(1, 0.0, 0, 0, 0, 0, 0, 0, 1, 0, 0, 0, 0, 0, 0, 0, 1, 0);[49.95, 49.95, 50, 50]
(1, 1.0, 0, 0, 0, 0, 0, 0, 1, 0, 0, 0, 0, 0, 0, 0, 1, 0);[49.95, 49.95, 49.96614461042419, 50]
(0, 0.0, 0, 0, 0, 0, 0, 0, 1, 0, 0, 0, 0, 0, 0, 0, 1, 0);[49.95, 49.95, 50, 50]
(2, 0.0, 0, 0, 1, 0, 1, 0, 0, 0, 0, 0, 0, 0, 0, 0, 0, 0);[50.01113863233739, 50, 50, 50]
(2, 1.0, 0, 0, 0, 0, 1, 0, 0, 0, 0, 0, 0, 0, 0, 0, 0, 0);[47.33682605796392, 50, 50, 50]
(1, 0.0, 1, 0, 0, 0, 0, 0, 0, 0, 0, 0, 0, 0, 0, 0, 0, 0);[49.980227093187466, 49.92829245124212, 49.95253300353963, 49.950000543034605]
(1, 1.0, 1, 0, 0, 0, 0, 0, 0, 0, 1, 0, 0, 0, 0, 0, 0, 0);[47.58750174507546, 49.956918177195654, 49.90005, 49.918280020690524]
(3, 1.0, 0, 0, 1, 0, 0, 0, 0, 0, 0, 0, 0, 0, 0, 0, 0, 0);[50, 50.151908835750945, 50, 50]
(1, 1.0, 1, 0, 0, 0, 0, 0, 0, 0, 0, 0, 0, 0, 0, 0, 0, 0);[47.82516574434982, 50, 50, 50]
(2, 0.0, 1, 0, 0, 0, 0, 0, 0, 0, 1, 0, 0, 0, 0, 0, 0, 0);[49.85014995, 49.85014995, 49.80124039448288, 49.850164542561686]
(1, 0.0, 1, 0, 0, 0, 0, 0, 0, 0, 1, 0, 0, 0, 0, 0, 0, 0);[49.85014995, 49.88637589511772, 49.806905435359766, 49.852249007804325]
(3, 0.0, 1, 0, 1, 0, 0, 0, 0, 0, 1, 0, 0, 0, 0, 0, 0, 0);[49.99852343088774, 50, 50, 50]
(3, 1.0, 1, 0, 1, 0, 0, 0, 0, 0, 1, 0, 0, 0, 0, 0, 0, 0);[50, 50, 49.96741155571106, 50]
(3, 0.0, 1, 0, 0, 0, 0, 0, 0, 0, 1, 0, 0, 0, 0, 0, 0, 0);[49.854806311052556, 49.87174761671986, 49.86994077942794, 49.865466538156014]
(3, 1.0, 1, 0, 0, 0, 0, 0, 0, 0, 1, 0, 0, 0, 0, 0, 0, 0);[48.18259267774953, 49.856200947653896, 49.89073213952798, 49.90005]
(0, 0.0, 1, 0, 0, 0, 0, 0, 0, 0, 0, 0, 0, 0, 0, 0, 0, 0);[48.021334981159306, 50, 50, 50]
(1, 0.0, 0, 0, 0, 0, 0, 0, 1, 0, 0, 0, 0, 0, 0, 0, 0, 0);[49.95097672766684, 49.95000046111192, 50, 50]
(1, 1.0, 1, 0, 0, 0, 1, 0, 0, 0, 1, 0, 0, 0, 0, 0, 0, 0);[50.01958659655368, 50, 50, 50]
(0, 0.0, 1, 0, 1, 0, 1, 0, 0, 0, 0, 0, 0, 0, 0, 0, 0, 0);[50.01590554521073, 50, 50, 50]
(3, 1.0, 0, 0, 1, 0, 0, 1, 0, 0, 0, 0, 0, 0, 0, 0, 0, 0);[50.029667296716276, 50, 50, 50]
(0, 0.0, 0, 0, 1, 0, 0, 1, 0, 0, 0, 0, 0, 0, 0, 0, 0, 0);[49.97593100208248, 50, 50, 50]
(0, 1.0, 0, 0, 1, 0, 0, 1, 0, 0, 0, 0, 1, 0, 0, 0, 0, 0);[49.96355520328105, 50, 50, 50]
(0, 1.0, 0, 0, 1, 0, 0, 1, 0, 0, 0, 0, 1, 0, 0, 1, 0, 0);[49.95454693308752, 49.95237556606075, 50, 50]
(2, 1.0, 1, 0, 0, 0, 0, 0, 0, 0, 0, 0, 0, 0, 0, 0, 0, 0);[48.383376535110685, 50, 50, 50]
(0, 0.0, 0, 0, 1, 0, 0, 0, 1, 0, 0, 0, 1, 0, 0, 0, 0, 0);[49.91767769498183, 49.95001462978077, 49.95006444512215, 49.95158865005042]
(0, 1.0, 0, 0, 1, 0, 0, 0, 1, 0, 0, 0, 1, 0, 0, 0, 1, 0);[49.95, 49.93599607540761, 49.9388599883408, 49.95]
(1, 0.0, 0, 0, 1, 0, 0, 0, 1, 0, 0, 0, 1, 0, 0, 0, 1, 0);[49.969511772335316, 49.96432786566088, 49.9479323715671, 49.962612302286715]
(1, 1.0, 0, 0, 1, 0, 0, 0, 1, 0, 0, 0, 1, 0, 0, 0, 1, 0);[49.9679098918844, 49.96005149442639, 49.94929982231767, 50]
(0, 0.0, 0, 0, 1, 0, 0, 0, 1, 0, 0, 0, 1, 0, 0, 0, 1, 0);[49.96301089242487, 49.963674471002, 49.95, 49.91706206049951]
(1, 1.0, 1, 0, 1, 0, 1, 0, 0, 0, 1, 0, 0, 0, 0, 0, 0, 0);[50.014823928314335, 50, 50, 50]
(0, 0.0, 0, 0, 1, 0, 1, 0, 0, 0, 0, 0, 0, 0, 0, 0, 0, 0);[49.991778361966894, 50, 50, 50]
(3, 1.0, 0, 0, 1, 0, 0, 0, 1, 0, 0, 0, 1, 0, 0, 0, 0, 0);[49.96841418121011, 50, 50, 50]
(3, 0.0, 0, 0, 1, 0, 0, 0, 1, 0, 0, 0, 1, 0, 0, 0, 1, 0);[49.95, 49.95, 50, 50]
(3, 1.0, 0, 0, 1, 0, 0, 0, 1, 0, 0, 0, 1, 0, 0, 0, 1, 0);[49.96633211664832, 50, 50, 50]
(2, 1.0, 0, 0, 1, 0, 0, 0, 0, 0, 0, 0, 0, 0, 0, 0, 0, 0);[50.01904303284992, 50, 50, 50]
(1, 1.0, 1, 0, 1, 0, 0, 0, 0, 0, 1, 0, 0, 0, 0, 0, 0, 0);[50.02869377163431, 50, 50, 50]
(0, 0.0, 0, 0, 1, 0, 0, 0, 1, 0, 0, 0, 0, 0, 0, 0, 0, 0);[49.96381885214717, 50, 50, 50]
(0, 1.0, 0, 0, 1, 0, 0, 0, 1, 0, 0, 0, 1, 0, 0, 0, 0, 0);[49.96627301443833, 49.96589594332992, 50, 50]
(1, 0.0, 1, 0, 1, 0, 0, 0, 2, 0, 0, 0, 1, 0, 0, 0, 1, 0);[49.97866411368425, 50, 50, 50]
(1, 1.0, 1, 0, 1, 0, 0, 0, 2, 0, 0, 0, 1, 0, 0, 0, 1, 0);[49.95908631408009, 50, 50, 50]
(0, 0.0, 0, 0, 1, 0, 0, 0, 2, 0, 0, 0, 1, 0, 0, 0, 2, 0);[49.95, 49.95, 50, 50]
(0, 1.0, 0, 0, 1, 0, 0, 0, 2, 0, 0, 0, 1, 0, 0, 0, 2, 0);[49.99399071259735, 50, 50, 50]
(0, 1.0, 0, 0, 2, 1, 0, 0, 2, 0, 0, 0, 1, 0, 0, 0, 2, 0);[49.98953996938584, 49.9664412868005, 50, 50]
(1, 0.0, 1, 0, 2, 1, 0, 0, 2, 0, 0, 0, 2, 1, 0, 0, 2, 0);[49.96323206910849, 49.95036801754086, 50, 50]
(1, 1.0, 1, 0, 2, 1, 0, 0, 2, 0, 0, 0, 2, 1, 0, 0, 2, 0);[49.95202211487037, 50, 50, 50]
(0, 0.0, 0, 0, 2, 1, 0, 0, 2, 0, 0, 0, 2, 1, 0, 0, 2, 0);[49.95, 49.95, 49.95, 49.98085264653938]
(0, 1.0, 0, 0, 2, 1, 0, 0, 2, 0, 0, 0, 2, 1, 0, 0, 2, 0);[49.95, 49.95, 50, 50]
(1, 0.0, 0, 0, 2, 1, 0, 0, 2, 0, 0, 0, 2, 1, 0, 0, 2, 0);[49.95, 49.95780309812655, 50, 50]
(1, 1.0, 0, 0, 2, 1, 0, 0, 2, 0, 0, 0, 2, 1, 0, 0, 2, 0);[49.95830848706872, 50, 50, 50]
(0, 1.0, 0, 0, 3, 1, 0, 0, 2, 0, 0, 0, 2, 1, 0, 0, 2, 0);[49.98030162743361, 49.95598412064736, 50, 50]
(1, 0.0, 0, 0, 3, 1, 0, 0, 2, 0, 0, 0, 2, 1, 0, 0, 2, 0);[49.95543354966588, 50, 50, 50]
(1, 0.0, 0, 0, 3, 1, 0, 0, 3, 0, 0, 0, 3, 1, 0, 0, 2, 0);[49.95236847418103, 50, 50, 50]
(1, 1.0, 0, 0, 3, 1, 0, 0, 4, 0, 0, 0, 3, 1, 0, 0, 2, 0);[49.95697733635475, 50, 50, 50]
(0, 0.0, 0, 0, 3, 1, 0, 0, 4, 0, 0, 0, 3, 1, 0, 0, 3, 0);[49.95021588969132, 49.95, 50, 50]
(0, 1.0, 0, 0, 3, 1, 0, 0, 4, 0, 0, 0, 3, 1, 0, 0, 4, 0);[49.95, 49.95538080185075, 50, 50]
(1, 0.0, 0, 0, 3, 1, 0, 0, 4, 0, 0, 0, 3, 1, 0, 0, 4, 0);[49.95544038768509, 49.95003054191295, 50, 50]
(1, 1.0, 0, 0, 3, 1, 0, 0, 4, 0, 0, 0, 3, 1, 0, 0, 4, 0);[49.95, 50, 50, 50]
(0, 0.0, 0, 0, 3, 1, 0, 0, 4, 0, 0, 0, 3, 1, 0, 0, 4, 0);[49.95, 49.96578947368421, 50, 50]
(0, 1.0, 0, 0, 3, 2, 0, 0, 4, 0, 0, 0, 3, 1, 0, 0, 4, 0);[49.973878701146546, 50, 50, 50]
(0, 1.0, 0, 0, 4, 2, 1, 0, 4, 0, 0, 0, 3, 1, 0, 0, 4, 0);[49.96586620644954, 50, 50, 50]
(0, 1.0, 0, 0, 4, 2, 1, 0, 4, 0, 0, 0, 3, 2, 0, 0, 4, 0);[49.95918363096261, 50, 50, 50]
(0, 1.0, 0, 0, 4, 2, 0, 0, 4, 0, 0, 0, 4, 2, 0, 0, 4, 0);[49.9544432564889, 49.950043412392, 49.95364418425834, 50]
(1, 0.0, 0, 0, 4, 2, 0, 0, 4, 0, 0, 0, 4, 2, 0, 0, 4, 0);[49.95, 49.95782980380206, 50, 50]
(1, 1.0, 1, 0, 4, 2, 0, 0, 4, 0, 0, 0, 4, 2, 0, 0, 4, 0);[49.95796604683453, 50, 50, 50]
(0, 0.0, 1, 0, 4, 2, 0, 0, 4, 0, 0, 0, 4, 2, 0, 0, 4, 0);[49.95, 50, 50, 50]
(0, 0.0, 0, 0, 4, 2, 0, 0, 4, 0, 0, 0, 4, 2, 0, 0, 4, 0);[49.95, 50, 50, 50]
(2, 0.0, 0, 0, 3, 2, 0, 0, 4, 0, 0, 0, 2, 2, 0, 0, 2, 0);[49.96712510095116, 50, 50, 50]
(2, 0.0, 0, 0, 2, 2, 0, 0, 2, 0, 0, 0, 0, 2, 0, 0, 0, 0);[49.981457748949026, 50, 50, 50]
(2, 1.0, 0, 0, 1, 2, 0, 0, 1, 0, 0, 0, 0, 2, 0, 0, 0, 0);[49.951102287977264, 50, 50, 50]
(0, 0.0, 0, 0, 1, 2, 0, 0, 1, 0, 0, 0, 0, 2, 0, 0, 0, 0);[49.98606308191027, 50, 50, 50]
(0, 0.0, 0, 0, 2, 2, 1, 0, 1, 0, 0, 0, 1, 2, 0, 0, 1, 0);[49.98468044741485, 50, 50, 50]
(0, 1.0, 0, 0, 2, 2, 1, 0, 1, 0, 0, 0, 1, 2, 0, 0, 1, 0);[49.963688355790886, 50, 50, 50]
(0, 1.0, 0, 0, 2, 2, 0, 0, 1, 0, 0, 0, 1, 2, 0, 0, 1, 0);[49.9500060445449, 50, 50, 50]
(0, 1.0, 0, 0, 2, 2, 0, 0, 1, 0, 0, 0, 2, 2, 0, 0, 1, 0);[49.95, 49.95, 49.95532088404283, 50]
(1, 0.0, 0, 0, 2, 2, 0, 0, 1, 0, 0, 0, 2, 2, 0, 0, 1, 0);[49.95, 49.95, 50, 50]
(1, 1.0, 0, 0, 2, 2, 0, 0, 1, 0, 0, 0, 2, 2, 0, 0, 1, 0);[49.95, 50, 50, 50]
(0, 0.0, 0, 0, 2, 2, 0, 0, 1, 0, 0, 0, 2, 2, 0, 0, 1, 0);[49.95772447514089, 49.957708810753374, 50, 50]
(2, 0.0, 0, 0, 1, 2, 0, 0, 0, 0, 0, 0, 0, 2, 0, 0, 0, 0);[49.95732506230722, 50, 50, 50]
(2, 0.0, 0, 0, 0, 2, 0, 0, 0, 0, 0, 0, 0, 2, 0, 0, 0, 0);[49.95, 50, 50, 50]
(2, 1.0, 0, 0, 0, 2, 0, 0, 0, 0, 0, 0, 0, 2, 0, 0, 0, 0);[49.99633042563842, 50, 50, 50]
(0, 0.0, 0, 0, 1, 3, 0, 0, 0, 0, 0, 0, 0, 2, 0, 0, 0, 0);[50.00091874504785, 50, 50, 50]
(0, 0.0, 0, 0, 1, 3, 1, 0, 0, 0, 0, 0, 0, 2, 0, 0, 0, 0);[49.97741312443275, 50, 50, 50]
(0, 1.0, 0, 0, 1, 3, 1, 0, 0, 0, 0, 0, 0, 2, 0, 0, 0, 0);[49.950016017840014, 50, 50, 50]
(0, 1.0, 0, 0, 1, 3, 0, 0, 0, 0, 0, 0, 1, 3, 0, 0, 0, 0);[49.96087439349623, 49.96680607579073, 49.952650504843575, 49.95315318604878]
(1, 0.0, 0, 0, 1, 3, 0, 0, 0, 0, 0, 0, 1, 3, 0, 0, 0, 0);[49.95351227843674, 49.95001816352162, 50, 50]
(1, 1.0, 0, 0, 1, 3, 0, 0, 0, 0, 0, 0, 1, 3, 0, 0, 0, 0);[49.95, 50, 50, 50]
(0, 0.0, 0, 0, 1, 3, 0, 0, 0, 0, 0, 0, 1, 3, 0, 0, 0, 0);[49.95, 49.95, 50, 50]
(2, 0.0, 0, 0, 0, 3, 0, 0, 0, 0, 0, 0, 0, 3, 0, 0, 0, 0);[49.95, 49.95, 50, 50]
(2, 1.0, 0, 0, 0, 3, 0, 0, 0, 0, 0, 0, 0, 3, 0, 0, 0, 0);[49.95, 50, 50, 50]
(0, 0.0, 0, 0, 0, 3, 0, 0, 0, 0, 0, 0, 0, 3, 0, 0, 0, 0);[49.991100582699225, 50, 50, 50]
(0, 0.0, 0, 0, 1, 3, 1, 0, 0, 0, 0, 0, 0, 3, 0, 0, 0, 0);[49.984375468745654, 50, 50, 50]
(0, 1.0, 0, 0, 1, 3, 1, 0, 0, 0, 0, 0, 0, 3, 0, 0, 0, 0);[49.96391461825015, 50, 50, 50]
(0, 1.0, 0, 0, 1, 3, 0, 0, 0, 0, 0, 0, 0, 3, 0, 0, 0, 0);[49.95, 50, 50, 50]
(3, 0.0, 0, 0, 1, 3, 0, 0, 0, 0, 0, 0, 1, 2, 0, 0, 0, 0);[49.98102247612735, 50, 50, 50]
(3, 0.0, 0, 0, 1, 2, 0, 0, 0, 0, 0, 0, 1, 0, 0, 0, 0, 0);[49.990333726636685, 50, 50, 50]
(1, 1.0, 0, 0, 1, 0, 0, 0, 1, 0, 0, 0, 1, 0, 0, 0, 0, 0);[49.969301646176945, 49.96588559596779, 49.98459444863093, 50]
(2, 0.0, 0, 1, 0, 0, 0, 0, 0, 0, 0, 0, 0, 0, 0, 0, 0, 0);[50.01352351525551, 50, 50, 50]
(2, 1.0, 0, 1, 0, 1, 0, 0, 0, 0, 0, 0, 0, 0, 0, 0, 0, 0);[50.00123399811469, 50, 50, 50]
(0, 0.0, 0, 1, 1, 1, 0, 0, 0, 0, 0, 0, 0, 0, 0, 0, 0, 0);[49.986853061358296, 50, 50, 50]
(0, 0.0, 0, 1, 1, 1, 0, 0, 0, 0, 0, 1, 0, 0, 0, 0, 0, 0);[49.95003901141395, 50, 50, 50]
(0, 1.0, 0, 1, 1, 1, 0, 0, 0, 0, 0, 1, 1, 1, 0, 0, 0, 0);[49.959585067607854, 49.97155777956117, 50, 50]
(1, 0.0, 0, 1, 1, 1, 0, 0, 1, 0, 0, 0, 1, 1, 0, 0, 0, 0);[49.9726595967529, 50, 50, 50]
(1, 0.0, 0, 0, 1, 1, 0, 0, 1, 0, 0, 0, 1, 1, 0, 0, 0, 0);[49.95344160908091, 50, 50, 50]
(2, 0.0, 0, 0, 0, 1, 0, 0, 1, 0, 0, 0, 0, 1, 0, 0, 0, 0);[49.96939661928628, 50, 50, 50]
(2, 0.0, 0, 0, 0, 0, 0, 0, 0, 1, 0, 0, 0, 0, 0, 0, 0, 0);[49.98627830009443, 49.950012167227804, 50, 50]
(2, 1.0, 0, 0, 0, 0, 0, 0, 0, 1, 0, 0, 0, 0, 0, 0, 0, 1);[50.00590214321679, 50, 50, 50]
(0, 0.0, 0, 0, 1, 1, 0, 0, 0, 1, 0, 0, 0, 0, 0, 0, 0, 1);[49.98893964679603, 50, 50, 50]
(0, 1.0, 0, 0, 1, 1, 0, 0, 0, 1, 0, 0, 0, 0, 0, 0, 0, 1);[49.95002109756396, 50, 50, 50]
(0, 1.0, 0, 0, 1, 1, 0, 0, 0, 1, 0, 0, 1, 1, 0, 0, 0, 1);[49.95, 49.952706912537714, 49.95827498590421, 49.96383439454668]
(1, 0.0, 0, 0, 1, 1, 0, 0, 0, 1, 0, 0, 1, 1, 0, 0, 0, 1);[49.96211856878146, 49.96403710468162, 49.955220826339435, 49.96008932174489]
(1, 1.0, 0, 0, 1, 1, 0, 0, 0, 1, 0, 0, 1, 1, 0, 0, 0, 1);[49.962391804375414, 49.96005131333467, 49.954327095866766, 50]
(0, 0.0, 0, 0, 1, 1, 0, 0, 0, 1, 0, 0, 1, 1, 0, 0, 0, 1);[49.96155998095709, 49.95, 50, 50]
(2, 0.0, 0, 0, 0, 1, 0, 0, 0, 1, 0, 0, 0, 1, 0, 0, 0, 1);[49.96627952520811, 49.965288888718455, 49.9737854966302, 50]
(2, 1.0, 0, 0, 0, 1, 0, 0, 0, 1, 0, 0, 0, 1, 0, 0, 0, 1);[49.95, 50, 50, 50]
(0, 0.0, 0, 0, 0, 1, 0, 0, 0, 1, 0, 0, 0, 1, 0, 0, 0, 1);[49.95068546721537, 49.95, 50, 50]
(0, 0.0, 0, 0, 1, 1, 0, 0, 0, 1, 0, 0, 0, 1, 0, 0, 0, 1);[49.99627720960882, 50, 50, 50]
(0, 1.0, 0, 0, 1, 1, 0, 0, 0, 1, 0, 0, 0, 1, 0, 0, 0, 1);[49.95526709327504, 49.953796461420445, 50, 50]
(2, 0.0, 1, 0, 0, 1, 0, 0, 0, 1, 0, 0, 0, 1, 0, 0, 0, 1);[49.97327907399142, 50, 50, 50]
(2, 1.0, 1, 0, 0, 1, 0, 0, 0, 1, 0, 0, 0, 1, 0, 0, 0, 1);[49.950067929183504, 50, 50, 50]
(0, 1.0, 0, 0, 0, 1, 0, 0, 0, 1, 0, 0, 0, 1, 0, 0, 0, 1);[49.95, 49.99207906958069, 50, 50]
(1, 0.0, 0, 0, 1, 2, 0, 0, 0, 1, 0, 0, 0, 1, 0, 0, 0, 1);[49.993528106466535, 49.96648951305921, 50, 50]
(1, 1.0, 0, 0, 1, 2, 0, 0, 0, 1, 0, 0, 0, 2, 0, 0, 0, 1);[49.95004345570617, 50, 50, 50]
(0, 0.0, 0, 0, 1, 2, 0, 0, 0, 1, 0, 0, 1, 2, 0, 0, 0, 1);[49.95, 49.96099994131234, 49.95, 49.95]
(0, 1.0, 0, 0, 1, 2, 0, 0, 0, 1, 0, 0, 1, 2, 0, 0, 0, 1);[49.95833212915306, 49.956435617900894, 50, 49.95801650110995]
(1, 0.0, 0, 0, 1, 2, 0, 0, 0, 1, 0, 0, 1, 2, 0, 0, 0, 1);[49.9500320388134, 49.95813554099766, 50, 50]
(1, 1.0, 0, 0, 1, 2, 0, 0, 0, 1, 0, 0, 1, 2, 0, 0, 0, 1);[49.95873705822697, 50, 50, 50]
(3, 0.0, 0, 0, 1, 1, 0, 0, 0, 1, 0, 0, 1, 0, 0, 0, 0, 0);[50.005223319185674, 50, 50, 50]
(3, 0.0, 0, 0, 1, 1, 0, 0, 0, 0, 0, 0, 1, 0, 0, 0, 0, 0);[49.95707022334218, 50, 50, 50]
(3, 1.0, 0, 0, 2, 0, 0, 0, 0, 0, 0, 0, 1, 0, 0, 0, 0, 0);[49.99466820898898, 50, 50, 50]
(0, 0.0, 0, 0, 2, 0, 0, 0, 0, 0, 0, 0, 1, 0, 0, 0, 0, 0);[49.95035914670755, 50, 50, 50]
(0, 0.0, 0, 0, 2, 0, 0, 0, 0, 0, 0, 0, 2, 0, 0, 0, 0, 0);[49.95, 50, 50, 50]
(0, 1.0, 0, 0, 2, 0, 0, 0, 0, 0, 0, 0, 2, 0, 0, 0, 0, 0);[49.96225032528241, 49.96749432698636, 50, 50]
(1, 0.0, 0, 0, 2, 0, 0, 0, 1, 0, 0, 0, 2, 0, 0, 0, 0, 0);[49.96216747349279, 49.95715674154107, 50, 50]
(1, 1.0, 0, 0, 2, 0, 0, 0, 1, 0, 0, 0, 2, 0, 0, 0, 0, 0);[49.95000010537708, 50, 50, 50]
(0, 0.0, 0, 0, 2, 0, 0, 0, 1, 0, 0, 0, 2, 0, 0, 0, 1, 0);[49.95, 49.962070706827845, 50, 50]
(0, 1.0, 0, 0, 2, 0, 0, 0, 1, 0, 0, 0, 2, 0, 0, 0, 1, 0);[49.969180239127944, 50, 50, 50]
(0, 1.0, 0, 0, 2, 0, 0, 0, 1, 1, 0, 0, 2, 0, 0, 0, 1, 0);[49.955318330732034, 49.950005068089965, 50, 50]
(1, 0.0, 0, 0, 2, 0, 0, 0, 1, 1, 0, 0, 2, 0, 0, 0, 1, 1);[49.98339251803985, 50, 50, 50]
(1, 0.0, 0, 0, 3, 1, 1, 0, 1, 1, 0, 0, 2, 0, 0, 0, 1, 1);[49.98236144633631, 50, 50, 50]
(1, 1.0, 0, 0, 3, 1, 1, 0, 1, 1, 0, 0, 2, 0, 0, 0, 1, 1);[49.961501357534196, 50, 50, 50]
(0, 0.0, 0, 0, 3, 1, 0, 0, 1, 1, 0, 0, 3, 0, 0, 0, 1, 1);[49.95, 50, 50, 50]
(0, 0.0, 0, 0, 3, 1, 0, 0, 1, 1, 0, 0, 3, 1, 0, 0, 1, 1);[49.95, 49.95, 49.95, 50]
(0, 1.0, 0, 0, 3, 1, 0, 0, 1, 1, 0, 0, 3, 1, 0, 0, 1, 1);[49.9569708885711, 49.96416188238716, 49.954384703689, 50]
(1, 0.0, 0, 0, 3, 1, 0, 0, 1, 1, 0, 0, 3, 1, 0, 0, 1, 1);[49.95695643584857, 49.950021732135326, 50, 50]
(1, 1.0, 0, 0, 3, 1, 0, 0, 1, 1, 0, 0, 3, 1, 0, 0, 1, 1);[49.95, 50, 50, 50]
(2, 0.0, 0, 0, 2, 1, 0, 0, 1, 1, 0, 0, 1, 1, 0, 0, 0, 1);[49.96234530131122, 50, 50, 50]
(2, 0.0, 0, 0, 1, 1, 0, 0, 0, 1, 0, 0, 0, 1, 0, 0, 0, 1);[50.002738189072815, 50, 50, 50]
(2, 1.0, 0, 0, 1, 1, 0, 0, 0, 1, 0, 0, 0, 1, 0, 0, 0, 1);[50.00387430397123, 50, 50, 50]
(0, 0.0, 0, 0, 1, 1, 1, 0, 0, 1, 0, 0, 0, 1, 0, 0, 0, 1);[49.99545993276287, 49.95002681672468, 50, 50]
(1, 1.0, 1, 0, 1, 0, 0, 0, 0, 0, 0, 0, 1, 0, 0, 0, 0, 0);[49.97164659945955, 50, 50, 50]
(3, 0.0, 0, 0, 1, 0, 1, 0, 0, 0, 0, 0, 0, 0, 0, 0, 0, 0);[50.06090434656508, 50, 50, 50]
(3, 1.0, 0, 0, 1, 0, 1, 0, 0, 0, 0, 0, 0, 0, 0, 0, 0, 0);[49.973294914697235, 50, 50, 50]
(0, 0.0, 0, 0, 1, 0, 0, 0, 0, 1, 0, 0, 1, 0, 0, 0, 0, 0);[49.99821302464964, 50, 50, 50]
(0, 1.0, 0, 0, 1, 0, 0, 0, 1, 1, 0, 0, 1, 0, 0, 0, 0, 0);[49.98086057326343, 50, 50, 50]
(0, 1.0, 0, 0, 1, 0, 0, 0, 1, 1, 0, 0, 1, 0, 0, 0, 0, 1);[49.95822260006195, 49.95000443177735, 50, 50]
(1, 0.0, 0, 0, 1, 0, 0, 0, 1, 1, 0, 0, 1, 0, 0, 0, 1, 1);[49.95, 49.960670633997175, 50, 50]
(1, 1.0, 0, 0, 1, 0, 0, 0, 1, 1, 0, 0, 1, 0, 0, 0, 1, 1);[49.960982512796484, 50, 50, 50]
(0, 0.0, 0, 0, 1, 0, 0, 0, 1, 1, 0, 0, 1, 0, 0, 0, 1, 1);[49.95, 49.95, 50, 50]
(0, 1.0, 0, 0, 1, 0, 0, 0, 1, 1, 0, 0, 1, 0, 0, 0, 1, 1);[49.97727272727273, 49.99020084869035, 50, 50]
(1, 0.0, 0, 0, 2, 0, 1, 0, 1, 1, 0, 0, 1, 0, 0, 0, 1, 1);[49.97879310282727, 49.95072266503577, 50, 50]
(1, 1.0, 0, 0, 2, 0, 1, 0, 1, 1, 0, 0, 2, 0, 0, 0, 1, 1);[49.95223432683638, 50, 50, 50]
(0, 0.0, 0, 0, 2, 0, 0, 0, 1, 1, 0, 0, 2, 0, 0, 0, 1, 1);[49.95, 49.95, 50, 50]
(0, 1.0, 0, 0, 2, 0, 0, 0, 1, 1, 0, 0, 2, 0, 0, 0, 1, 1);[49.964548874185155, 50, 50, 50]
(0, 1.0, 0, 0, 2, 0, 0, 0, 1, 2, 0, 0, 2, 0, 0, 0, 1, 1);[49.9704805031819, 50, 50, 50]
(0, 1.0, 0, 0, 2, 0, 0, 0, 2, 2, 0, 0, 2, 0, 0, 0, 1, 1);[49.95720081384376, 49.95003392917973, 50, 50]
(1, 0.0, 0, 0, 2, 0, 0, 0, 2, 2, 0, 0, 2, 0, 0, 0, 2, 2);[49.95, 49.95, 50, 50]
(1, 1.0, 0, 0, 2, 0, 0, 0, 2, 2, 0, 0, 2, 0, 0, 0, 2, 2);[49.95, 50, 50, 50]
(0, 0.0, 0, 0, 2, 0, 0, 0, 2, 2, 0, 0, 2, 0, 0, 0, 2, 2);[49.95, 49.97571718249157, 50, 50]
(0, 1.0, 0, 0, 3, 1, 1, 0, 2, 2, 0, 0, 2, 0, 0, 0, 2, 2);[49.97370330907498, 49.9687325396636, 50, 50]
(1, 0.0, 0, 0, 3, 1, 1, 0, 3, 2, 0, 0, 3, 1, 0, 0, 2, 2);[49.95462248994594, 49.95437773338071, 50, 50]
(1, 1.0, 0, 0, 3, 1, 1, 0, 3, 2, 0, 0, 3, 1, 1, 0, 3, 2);[49.95680795713234, 50, 50, 50]
(0, 0.0, 0, 0, 3, 1, 0, 0, 3, 2, 0, 0, 3, 1, 0, 0, 3, 2);[49.95, 49.95, 49.95, 49.97022792920906]
(0, 1.0, 0, 0, 3, 1, 0, 0, 3, 2, 0, 0, 3, 1, 0, 0, 3, 2);[49.95, 49.95, 50, 50]
(1, 0.0, 0, 0, 3, 1, 0, 0, 3, 2, 0, 0, 3, 1, 0, 0, 3, 2);[49.95, 49.95, 50, 50]
(1, 1.0, 0, 0, 3, 1, 0, 0, 3, 2, 0, 0, 3, 1, 0, 0, 3, 2);[49.95, 50, 50, 50]
(0, 1.0, 0, 0, 4, 1, 0, 0, 3, 2, 0, 0, 3, 1, 0, 0, 3, 2);[49.97196027817162, 49.95078520407819, 50, 50]
(0, 1.0, 0, 0, 4, 1, 1, 0, 3, 2, 0, 0, 3, 1, 0, 0, 3, 2);[49.95885482589822, 50, 50, 50]
(1, 0.0, 0, 0, 4, 1, 0, 0, 3, 2, 0, 0, 4, 1, 0, 0, 3, 2);[49.950002886244896, 49.95401330801908, 50, 50]
(1, 1.0, 0, 0, 4, 1, 0, 0, 3, 2, 0, 0, 4, 1, 0, 0, 3, 2);[49.95537916568113, 50, 50, 50]
(0, 0.0, 0, 0, 4, 1, 0, 0, 3, 2, 0, 0, 4, 1, 0, 0, 3, 2);[49.95, 49.95, 50, 50]
(0, 1.0, 0, 0, 4, 1, 0, 0, 3, 2, 0, 0, 4, 1, 0, 0, 3, 2);[49.95784165403221, 50, 50, 50]
(0, 1.0, 1, 0, 4, 1, 0, 0, 3, 2, 0, 0, 4, 1, 0, 0, 3, 2);[49.96853814249587, 50, 50, 50]
(0, 1.0, 2, 0, 4, 1, 0, 0, 3, 2, 0, 0, 4, 1, 0, 0, 3, 2);[49.964736230935586, 49.95791711130152, 50, 50]
(1, 0.0, 2, 0, 4, 1, 0, 0, 3, 2, 0, 0, 4, 1, 0, 0, 3, 2);[49.95714288266949, 50, 50, 50]
(1, 0.0, 2, 0, 4, 1, 0, 0, 4, 2, 1, 0, 4, 1, 0, 0, 3, 2);[49.95009927309377, 50, 50, 50]
(1, 1.0, 2, 0, 4, 1, 0, 0, 4, 2, 2, 0, 4, 1, 0, 0, 4, 2);[49.965648341689835, 50, 50, 50]
(0, 0.0, 1, 0, 5, 2, 1, 0, 4, 2, 0, 0, 4, 1, 0, 0, 4, 2);[49.96155693326407, 50, 50, 50]
(0, 0.0, 0, 0, 5, 2, 1, 0, 4, 2, 0, 0, 4, 1, 0, 0, 4, 2);[49.955768481643375, 50, 50, 50]
(0, 1.0, 0, 0, 5, 2, 0, 0, 4, 2, 0, 0, 5, 2, 0, 0, 4, 2);[49.95, 49.95346005404702, 49.952667798004676, 50]
(1, 0.0, 0, 0, 5, 2, 0, 0, 4, 2, 0, 0, 5, 2, 0, 0, 4, 2);[49.9526220240365, 49.950004272642396, 50, 50]
(1, 1.0, 0, 0, 5, 2, 0, 0, 4, 2, 0, 0, 5, 2, 0, 0, 4, 2);[49.95, 50, 50, 50]
(0, 0.0, 0, 0, 5, 2, 0, 0, 4, 2, 0, 0, 5, 2, 0, 0, 4, 2);[49.95, 49.95, 50, 50]
(2, 0.0, 0, 0, 4, 2, 0, 0, 3, 2, 0, 0, 3, 2, 0, 0, 2, 2);[49.96342556563854, 50, 50, 50]
(2, 0.0, 0, 0, 3, 2, 0, 0, 2, 2, 0, 0, 1, 2, 0, 0, 0, 2);[49.969968636491735, 50, 50, 50]
(2, 1.0, 0, 0, 2, 2, 0, 0, 0, 2, 0, 0, 0, 2, 0, 0, 0, 2);[49.95533748735501, 50, 50, 50]
(0, 0.0, 0, 0, 2, 2, 0, 0, 0, 2, 0, 0, 0, 2, 0, 0, 0, 2);[49.97536116531234, 50, 50, 50]
(0, 0.0, 0, 0, 3, 2, 0, 0, 0, 2, 0, 0, 2, 2, 0, 0, 0, 2);[49.977032885457504, 50, 50, 50]
(0, 1.0, 0, 0, 3, 2, 0, 0, 0, 2, 0, 0, 2, 2, 0, 0, 0, 2);[49.95759408473706, 49.95005061474827, 50, 50]
(1, 0.0, 0, 0, 3, 2, 0, 0, 0, 2, 0, 0, 3, 2, 0, 0, 0, 2);[49.950000212744165, 49.95, 49.95002010595985, 49.95]
(1, 1.0, 0, 0, 3, 2, 0, 0, 0, 2, 0, 0, 3, 2, 0, 0, 0, 2);[49.95, 49.95, 49.97263826840901, 50]
(0, 0.0, 0, 0, 3, 2, 0, 0, 0, 2, 0, 0, 3, 2, 0, 0, 0, 2);[49.95, 49.95, 50, 50]
(0, 1.0, 0, 0, 3, 2, 0, 0, 0, 2, 0, 0, 3, 2, 0, 0, 0, 2);[49.9552474284258, 49.95549542576686, 50, 50]
(2, 0.0, 0, 0, 3, 3, 0, 0, 0, 2, 0, 0, 1, 2, 0, 0, 0, 2);[49.98313600516225, 50, 50, 50]
(2, 0.0, 0, 0, 2, 3, 0, 0, 0, 2, 0, 0, 0, 2, 0, 0, 0, 2);[49.97647856943274, 50, 50, 50]
(2, 1.0, 0, 0, 1, 3, 0, 0, 0, 2, 0, 0, 0, 3, 0, 0, 0, 2);[49.95221863209193, 49.97665783473071, 50, 50]
(0, 0.0, 0, 0, 0, 3, 0, 0, 0, 2, 0, 0, 0, 3, 0, 0, 0, 2);[49.950002008573996, 49.95, 49.95, 49.95]
(0, 1.0, 0, 0, 0, 3, 0, 0, 0, 2, 0, 0, 0, 3, 0, 0, 0, 2);[49.95, 49.95192198209092, 49.95, 50]
(1, 0.0, 0, 0, 0, 3, 0, 0, 0, 2, 0, 0, 0, 3, 0, 0, 0, 2);[49.95742646843171, 49.95597441683723, 50, 50]
(1, 1.0, 0, 0, 0, 3, 0, 0, 0, 2, 0, 0, 0, 3, 0, 0, 0, 2);[49.95, 50, 50, 50]
(2, 0.0, 0, 0, 0, 3, 0, 0, 0, 2, 0, 0, 0, 3, 0, 0, 0, 2);[49.95, 49.980979194825956, 50, 50]
(1, 0.0, 0, 0, 1, 3, 0, 0, 0, 2, 0, 0, 0, 3, 0, 0, 0, 2);[49.9505849673337, 49.95000050085444, 50, 50]
(1, 1.0, 0, 0, 1, 3, 0, 0, 0, 2, 0, 0, 1, 3, 0, 0, 0, 2);[49.95624748051932, 50, 50, 50]
(0, 0.0, 0, 0, 1, 3, 0, 0, 0, 2, 0, 0, 1, 3, 0, 0, 0, 2);[49.956660014455636, 49.95, 50, 50]
(0, 1.0, 0, 0, 1, 3, 0, 0, 0, 2, 0, 0, 1, 3, 0, 0, 0, 2);[49.95, 49.95, 50, 50]
(1, 0.0, 0, 0, 1, 3, 0, 0, 0, 2, 0, 0, 1, 3, 0, 0, 0, 2);[49.964601332049014, 50, 50, 50]
(1, 0.0, 0, 0, 1, 3, 0, 0, 0, 4, 0, 0, 1, 3, 0, 0, 0, 2);[49.95991795688202, 50, 50, 50]
(1, 1.0, 0, 0, 1, 3, 0, 0, 0, 4, 0, 0, 1, 3, 0, 0, 0, 2);[49.95273788749889, 50, 50, 50]
(0, 0.0, 0, 0, 1, 3, 0, 0, 0, 4, 0, 0, 1, 3, 0, 0, 0, 4);[49.96396219141416, 50, 50, 50]
(0, 0.0, 0, 1, 1, 3, 0, 0, 0, 4, 0, 0, 1, 3, 0, 0, 0, 4);[49.962438251210166, 50, 50, 50]
(0, 1.0, 0, 1, 1, 3, 0, 0, 0, 4, 0, 0, 1, 3, 0, 0, 0, 4);[49.97185593254531, 50, 50, 50]
(0, 1.0, 0, 1, 2, 4, 0, 0, 0, 4, 0, 1, 1, 3, 0, 0, 0, 4);[49.970184558623, 49.96313317824093, 50, 50]
(1, 0.0, 0, 1, 2, 4, 0, 0, 0, 4, 0, 0, 1, 4, 0, 0, 0, 4);[49.95072431472658, 50, 50, 50]
(1, 0.0, 0, 0, 2, 4, 0, 0, 0, 4, 0, 0, 2, 4, 0, 0, 0, 4);[49.950000212216416, 49.95000012911715, 49.95, 50]
(1, 1.0, 0, 0, 2, 4, 0, 0, 0, 4, 0, 0, 2, 4, 0, 0, 0, 4);[49.95227283057418, 49.95, 49.95154737139516, 50]
(0, 0.0, 0, 0, 2, 4, 0, 0, 0, 4, 0, 0, 2, 4, 0, 0, 0, 4);[49.95499824608548, 49.954807319514444, 50, 50]
(0, 1.0, 0, 0, 2, 4, 0, 0, 0, 4, 0, 0, 2, 4, 0, 0, 0, 4);[49.95889784661692, 49.95298843941821, 50, 50]
(0, 1.0, 1, 0, 2, 4, 0, 0, 0, 4, 0, 0, 2, 4, 0, 0, 0, 4);[49.95873064746141, 50, 50, 50]
(2, 0.0, 0, 0, 1, 4, 0, 0, 0, 4, 0, 0, 0, 4, 0, 0, 0, 4);[49.97395746442493, 49.96986723030971, 50, 50]
(2, 1.0, 0, 0, 1, 4, 0, 0, 0, 4, 0, 0, 0, 4, 0, 0, 0, 4);[49.95389744674924, 50, 50, 50]
(0, 0.0, 0, 0, 1, 4, 0, 0, 0, 4, 0, 0, 0, 4, 0, 0, 0, 4);[49.95000010387979, 50, 50, 50]
(0, 0.0, 0, 0, 1, 4, 0, 0, 0, 4, 0, 0, 1, 4, 0, 0, 0, 4);[49.952584164787496, 49.95, 49.95, 50]
(0, 1.0, 0, 0, 1, 4, 0, 0, 0, 4, 0, 0, 1, 4, 0, 0, 0, 4);[49.954407614693835, 49.9624170421932, 49.95137346049425, 50]
(1, 0.0, 0, 0, 1, 4, 0, 0, 0, 4, 0, 0, 1, 4, 0, 0, 0, 4);[49.95841459061672, 49.95046644496321, 50, 50]
(1, 1.0, 0, 0, 1, 4, 0, 0, 0, 4, 0, 0, 1, 4, 0, 0, 0, 4);[49.95, 50, 50, 50]
(2, 0.0, 0, 0, 0, 4, 0, 0, 0, 4, 0, 0, 0, 4, 0, 0, 0, 4);[49.95, 49.969591849118316, 50, 50]
(2, 1.0, 0, 0, 1, 5, 1, 0, 0, 4, 0, 0, 0, 4, 0, 0, 0, 4);[49.9756599177244, 50, 50, 50]
(0, 0.0, 1, 0, 1, 5, 1, 0, 0, 4, 0, 0, 0, 4, 0, 0, 0, 4);[49.98002162148177, 50, 50, 50]
(0, 0.0, 2, 0, 1, 5, 1, 0, 0, 4, 0, 0, 0, 5, 0, 0, 0, 4);[49.967928271768386, 50, 50, 50]
(0, 1.0, 2, 0, 1, 5, 0, 0, 0, 5, 0, 0, 1, 5, 0, 0, 0, 4);[49.95399817451312, 50, 50, 50]
(0, 1.0, 0, 0, 1, 5, 0, 0, 0, 5, 0, 0, 1, 5, 0, 0, 0, 5);[49.95436868058818, 49.95801082501599, 49.95575684199717, 50]
(1, 0.0, 0, 0, 1, 5, 0, 0, 0, 5, 0, 0, 1, 5, 0, 0, 0, 5);[49.957119814785315, 49.95004855777905, 50, 50]
(1, 1.0, 0, 0, 1, 5, 0, 0, 0, 5, 0, 0, 1, 5, 0, 0, 0, 5);[49.95, 50, 50, 50]
(0, 0.0, 0, 0, 1, 5, 0, 0, 0, 5, 0, 0, 1, 5, 0, 0, 0, 5);[49.95, 49.95, 50, 50]
(2, 0.0, 0, 0, 0, 5, 0, 0, 0, 5, 0, 0, 0, 5, 0, 0, 0, 5);[49.95361215370633, 49.96305458679415, 50, 50]
(2, 1.0, 0, 0, 0, 6, 0, 0, 0, 5, 0, 0, 0, 5, 0, 0, 0, 5);[49.9677689304041, 50, 50, 50]
(0, 0.0, 0, 0, 1, 6, 1, 0, 0, 5, 0, 0, 0, 5, 0, 0, 0, 5);[49.96744888648653, 50, 50, 50]
(0, 0.0, 0, 0, 1, 6, 1, 0, 0, 5, 0, 0, 0, 6, 0, 0, 0, 5);[49.954094909467656, 50, 50, 50]
(0, 1.0, 0, 0, 1, 6, 0, 0, 0, 5, 0, 0, 0, 6, 0, 0, 0, 5);[49.95000023693342, 50, 50, 50]
(0, 1.0, 0, 0, 1, 6, 0, 0, 0, 5, 0, 0, 1, 6, 0, 0, 0, 5);[49.95413367056216, 49.95507883419305, 50, 50]
(1, 0.0, 0, 0, 1, 6, 0, 0, 0, 6, 0, 0, 1, 6, 0, 0, 0, 5);[49.951108749635985, 49.95000211903185, 50, 50]
(1, 1.0, 0, 0, 1, 6, 0, 0, 0, 6, 0, 0, 1, 6, 0, 0, 0, 6);[49.95, 50, 50, 50]
(0, 0.0, 0, 0, 1, 6, 0, 0, 0, 6, 0, 0, 1, 6, 0, 0, 0, 6);[49.95, 49.95354816192494, 50, 50]
(0, 1.0, 0, 0, 1, 6, 0, 0, 0, 7, 0, 0, 1, 6, 0, 0, 0, 6);[49.95669003985131, 50, 50, 50]
(0, 1.0, 0, 0, 1, 6, 0, 0, 1, 7, 0, 0, 1, 6, 0, 0, 0, 6);[49.95685131569959, 50, 50, 50]
(0, 1.0, 0, 0, 1, 6, 0, 0, 1, 8, 0, 0, 1, 6, 0, 0, 0, 7);[49.95116379006255, 50, 50, 50]
(0, 1.0, 0, 0, 1, 6, 0, 0, 1, 8, 0, 0, 1, 6, 0, 0, 0, 8);[49.96285615976582, 50, 50, 50]
(0, 1.0, 0, 0, 2, 6, 1, 0, 1, 8, 0, 0, 1, 6, 0, 0, 1, 8);[49.96270971262981, 49.95823859715001, 50, 50]
(1, 0.0, 0, 0, 2, 6, 1, 0, 1, 8, 0, 0, 1, 6, 0, 0, 1, 8);[49.95292391695146, 50, 50, 50]
(1, 0.0, 0, 0, 2, 6, 1, 0, 1, 8, 0, 0, 2, 6, 0, 0, 1, 8);[49.95000069245634, 50, 50, 50]
(1, 1.0, 0, 0, 2, 6, 1, 0, 1, 8, 0, 0, 2, 6, 1, 0, 1, 8);[49.9508021648832, 50, 50, 50]
(0, 0.0, 0, 0, 2, 6, 0, 0, 1, 8, 0, 0, 2, 6, 0, 0, 1, 8);[49.95, 49.95, 49.95, 49.96349475226264]
(0, 1.0, 0, 0, 2, 6, 0, 0, 1, 8, 0, 0, 2, 6, 0, 0, 1, 8);[49.95, 49.95548100597114, 50, 50]
(1, 0.0, 0, 0, 2, 6, 0, 0, 1, 8, 0, 0, 2, 6, 0, 0, 1, 8);[49.95535386886198, 49.95142564904767, 50, 50]
(1, 1.0, 0, 0, 2, 6, 0, 0, 1, 8, 0, 0, 2, 6, 0, 0, 1, 8);[49.95, 50, 50, 50]
(0, 1.0, 0, 0, 3, 7, 0, 0, 1, 8, 0, 0, 2, 6, 0, 0, 1, 8);[49.96179250327043, 49.95759383464358, 50, 50]
(1, 0.0, 0, 0, 3, 7, 0, 0, 1, 8, 0, 0, 2, 7, 0, 0, 1, 8);[49.95015552607535, 50, 50, 50]
(1, 0.0, 0, 0, 3, 7, 0, 0, 1, 8, 0, 0, 3, 7, 0, 0, 1, 8);[49.95, 49.95204251752245, 49.95000019316931, 50]
(1, 1.0, 0, 0, 3, 7, 0, 0, 1, 8, 0, 0, 3, 7, 0, 0, 1, 8);[49.953438962829836, 49.95, 49.95149318103999, 50]
(0, 0.0, 0, 0, 3, 7, 0, 0, 1, 8, 0, 0, 3, 7, 0, 0, 1, 8);[49.95184292151805, 49.950000018669876, 50, 50]
(0, 1.0, 0, 0, 3, 7, 0, 0, 1, 8, 0, 0, 3, 7, 0, 0, 1, 8);[49.95249483751007, 49.952548886866055, 50, 50]
(2, 0.0, 0, 0, 2, 7, 0, 0, 0, 8, 0, 0, 1, 7, 0, 0, 0, 8);[49.95347239796236, 50, 50, 50]
(2, 0.0, 0, 0, 1, 7, 0, 0, 0, 8, 0, 0, 0, 7, 0, 0, 0, 8);[49.96434121300401, 50, 50, 50]
(2, 1.0, 0, 0, 1, 7, 0, 0, 0, 8, 0, 0, 0, 7, 0, 0, 0, 8);[49.96426744146453, 50, 50, 50]
(0, 0.0, 0, 0, 1, 7, 0, 0, 0, 8, 0, 0, 0, 7, 0, 0, 0, 8);[49.9510836029499, 49.95000086595658, 50, 50]
(0, 1.0, 0, 0, 1, 7, 0, 0, 0, 8, 0, 0, 1, 7, 0, 0, 0, 8);[49.95, 49.950894755620276, 49.95070758336155, 50]
(1, 0.0, 0, 0, 1, 7, 0, 0, 0, 8, 0, 0, 1, 7, 0, 0, 0, 8);[49.95, 49.95, 50, 50]
(1, 1.0, 0, 0, 1, 7, 0, 0, 0, 8, 0, 0, 1, 7, 0, 0, 0, 8);[49.95, 50, 50, 50]
(0, 0.0, 0, 0, 1, 7, 0, 0, 0, 8, 0, 0, 1, 7, 0, 0, 0, 8);[49.95, 49.95, 50, 50]
(2, 0.0, 0, 0, 0, 7, 0, 0, 0, 8, 0, 0, 0, 7, 0, 0, 0, 8);[49.95, 49.95, 50, 50]
(2, 1.0, 0, 0, 0, 7, 0, 0, 0, 8, 0, 0, 0, 7, 0, 0, 0, 8);[49.96494031859406, 50, 50, 50]
(0, 0.0, 0, 0, 1, 8, 0, 0, 0, 8, 0, 0, 0, 7, 0, 0, 0, 8);[49.96387237607011, 50, 50, 50]
(0, 0.0, 0, 0, 1, 8, 0, 0, 0, 8, 0, 0, 0, 8, 0, 0, 0, 8);[49.95516232998719, 49.96006511790529, 50, 50]
(0, 1.0, 0, 0, 1, 8, 0, 0, 0, 8, 0, 0, 0, 8, 0, 0, 0, 8);[49.950057092074005, 49.95277935473435, 50, 50]
(0, 1.0, 0, 0, 1, 8, 0, 0, 0, 8, 0, 0, 1, 8, 0, 0, 0, 8);[49.95, 49.950689897528726, 49.95071883661564, 50]
(1, 0.0, 0, 0, 1, 8, 0, 0, 0, 8, 0, 0, 1, 8, 0, 0, 0, 8);[49.95, 49.95, 49.958413627333066, 50]
(1, 1.0, 0, 0, 1, 8, 0, 0, 0, 8, 0, 0, 1, 8, 0, 0, 0, 8);[49.95, 50, 50, 50]
(0, 0.0, 0, 0, 1, 8, 0, 0, 0, 8, 0, 0, 1, 8, 0, 0, 0, 8);[49.95, 49.95, 49.95, 49.96130420959003]
(2, 0.0, 0, 0, 0, 8, 0, 0, 0, 8, 0, 0, 0, 8, 0, 0, 0, 8);[49.95, 49.95, 50, 50]
(2, 1.0, 0, 0, 0, 8, 0, 0, 0, 8, 0, 0, 0, 8, 0, 0, 0, 8);[49.961550340300846, 50, 50, 50]
(0, 0.0, 0, 0, 0, 8, 0, 0, 0, 8, 0, 0, 0, 8, 0, 0, 0, 8);[49.963149075046516, 50, 50, 50]
(1, 0.0, 1, 0, 1, 8, 0, 0, 0, 8, 0, 0, 1, 8, 0, 0, 0, 8);[49.963302420264355, 49.95491169029989, 49.95012136694728, 50]
(1, 1.0, 2, 1, 1, 8, 0, 0, 0, 8, 0, 0, 1, 8, 0, 0, 0, 8);[49.95736923631403, 50, 50, 50]
(0, 0.0, 1, 1, 1, 8, 0, 0, 0, 8, 0, 0, 1, 8, 0, 0, 0, 8);[49.952097923310006, 50, 50, 50]
(0, 0.0, 0, 1, 1, 8, 0, 0, 0, 8, 0, 0, 1, 8, 0, 0, 0, 8);[49.95000088307993, 50, 50, 50]
(0, 1.0, 0, 1, 1, 8, 0, 0, 0, 8, 0, 1, 1, 8, 0, 0, 0, 8);[49.95, 49.956073101118484, 50, 50]
(1, 1.0, 1, 0, 1, 8, 0, 0, 0, 8, 0, 0, 1, 8, 0, 0, 0, 8);[49.95073517571649, 50, 50, 50]
(0, 1.0, 0, 0, 2, 9, 0, 0, 0, 8, 0, 0, 1, 8, 0, 0, 0, 8);[49.96163453680422, 50, 50, 50]
(0, 1.0, 0, 0, 2, 9, 0, 0, 0, 8, 0, 0, 1, 9, 0, 0, 0, 8);[49.95081277088809, 49.95309221844868, 50, 50]
(1, 0.0, 0, 0, 2, 9, 0, 0, 0, 8, 0, 0, 2, 9, 0, 0, 0, 8);[49.95495388828282, 49.95, 49.95490537271054, 50]
(1, 0.0, 0, 1, 2, 9, 0, 0, 0, 8, 0, 0, 2, 9, 0, 0, 0, 8);[49.95486645536987, 50, 50, 50]
(1, 1.0, 0, 1, 2, 9, 0, 0, 0, 8, 0, 0, 2, 9, 0, 0, 0, 8);[49.953505420311046, 50, 50, 50]
(0, 0.0, 0, 1, 2, 9, 0, 0, 0, 8, 0, 0, 2, 9, 0, 0, 0, 8);[49.95409897821352, 50, 50, 50]
(0, 0.0, 1, 1, 2, 9, 0, 0, 0, 8, 0, 1, 2, 9, 0, 0, 0, 8);[49.95386921395372, 50, 50, 50]
(0, 1.0, 1, 1, 2, 9, 0, 0, 0, 8, 0, 1, 2, 9, 0, 0, 0, 8);[49.95, 50, 50, 50]
(0, 1.0, 0, 1, 2, 9, 0, 0, 0, 8, 0, 1, 2, 9, 0, 0, 0, 8);[49.95, 49.950822090460576, 50, 50]
(1, 1.0, 0, 0, 2, 9, 0, 0, 0, 8, 0, 0, 2, 9, 0, 0, 0, 8);[49.96698717277729, 50, 50, 50]
(0, 0.0, 1, 0, 3, 9, 0, 0, 0, 8, 0, 0, 2, 9, 0, 0, 0, 8);[49.961971833635594, 50, 50, 50]
(0, 0.0, 0, 0, 3, 9, 0, 0, 0, 8, 0, 0, 2, 9, 0, 0, 0, 8);[49.95579128345351, 50, 50, 50]
(0, 1.0, 0, 0, 3, 9, 0, 0, 0, 8, 0, 0, 2, 9, 0, 0, 0, 8);[49.950006283444914, 50, 50, 50]
(0, 1.0, 0, 0, 3, 9, 0, 0, 0, 8, 0, 0, 3, 9, 0, 0, 0, 8);[49.95441251168863, 50, 50, 50]
(0, 1.0, 1, 0, 3, 9, 0, 0, 0, 8, 0, 0, 3, 9, 0, 0, 0, 8);[49.959618553595895, 50, 50, 50]
(0, 1.0, 2, 0, 3, 9, 0, 0, 0, 8, 0, 0, 3, 9, 0, 0, 0, 8);[49.958771500785865, 49.95308428395663, 50, 50]
(1, 0.0, 2, 0, 3, 9, 0, 0, 0, 8, 0, 0, 3, 9, 0, 0, 0, 8);[49.95008540842056, 50, 50, 50]
(1, 0.0, 2, 0, 3, 9, 0, 0, 0, 8, 1, 0, 3, 9, 0, 0, 0, 8);[49.9500000318066, 50, 50, 50]
(1, 1.0, 2, 0, 3, 9, 0, 0, 0, 8, 2, 0, 3, 9, 0, 0, 0, 8);[49.950613348691014, 50, 50, 50]
(0, 0.0, 2, 0, 3, 9, 0, 0, 0, 8, 1, 0, 3, 9, 0, 0, 0, 8);[49.96158230388598, 50, 50, 50]
(0, 0.0, 1, 0, 4, 9, 0, 0, 0, 8, 0, 0, 3, 9, 0, 0, 0, 8);[49.963143070754484, 50, 50, 50]
(0, 1.0, 0, 1, 4, 9, 0, 0, 0, 8, 0, 0, 3, 9, 0, 0, 0, 8);[49.9568245184268, 50, 50, 50]
(0, 1.0, 0, 2, 4, 9, 0, 0, 0, 8, 0, 0, 4, 9, 0, 0, 0, 8);[49.952397795601456, 49.95335780305232, 50, 50]
(1, 0.0, 0, 1, 4, 9, 0, 0, 0, 8, 0, 0, 4, 9, 0, 0, 0, 8);[49.9553128561466, 50, 50, 50]
(1, 0.0, 1, 0, 4, 9, 0, 0, 0, 8, 0, 0, 4, 9, 0, 0, 0, 8);[49.95195851581502, 50, 50, 50]
(1, 1.0, 1, 0, 4, 9, 0, 0, 0, 8, 0, 0, 4, 9, 0, 0, 0, 8);[49.9504891665414, 50, 50, 50]
(0, 0.0, 0, 0, 4, 9, 0, 0, 0, 8, 0, 0, 4, 9, 0, 0, 0, 8);[49.95, 49.959229601815764, 50, 50]
(0, 1.0, 0, 0, 5, 9, 0, 0, 0, 8, 0, 0, 4, 9, 0, 0, 0, 8);[49.95765309253799, 49.954556042542045, 50, 50]
(1, 0.0, 0, 0, 5, 9, 0, 0, 0, 8, 0, 0, 4, 9, 0, 0, 0, 8);[49.95214101028893, 50, 50, 50]
(1, 0.0, 0, 0, 5, 9, 0, 0, 0, 8, 0, 0, 5, 9, 0, 0, 0, 8);[49.95, 49.9607384095491, 50, 50]
(1, 1.0, 0, 0, 5, 9, 0, 0, 0, 8, 0, 0, 5, 9, 0, 0, 0, 8);[49.952185289254295, 50, 50, 50]
(0, 0.0, 0, 0, 5, 9, 0, 0, 0, 8, 0, 0, 5, 9, 0, 0, 0, 8);[49.9520720699406, 49.952055796370196, 50, 50]
(0, 1.0, 0, 0, 5, 9, 0, 0, 0, 8, 0, 0, 5, 9, 0, 0, 0, 8);[49.95, 49.95, 50, 50]
(1, 0.0, 0, 0, 6, 9, 0, 0, 0, 8, 0, 0, 5, 9, 0, 0, 0, 8);[49.95769233202219, 50, 50, 50]
(1, 1.0, 0, 0, 6, 9, 0, 0, 0, 8, 0, 0, 6, 9, 0, 0, 0, 8);[49.952105807171634, 49.954092753475344, 50, 50]
(0, 0.0, 0, 0, 6, 9, 0, 0, 0, 8, 0, 0, 6, 9, 0, 0, 0, 8);[49.95, 49.95, 50, 50]
(0, 1.0, 0, 0, 6, 9, 0, 0, 0, 8, 0, 0, 6, 9, 0, 0, 0, 8);[49.95, 49.95, 49.95212501365785, 50]
(1, 0.0, 0, 0, 6, 9, 0, 0, 0, 8, 0, 0, 6, 9, 0, 0, 0, 8);[49.952055493544236, 49.95198175971653, 50, 50]
(1, 1.0, 0, 0, 7, 9, 0, 0, 0, 8, 0, 0, 6, 9, 0, 0, 0, 8);[49.955306510793854, 50, 50, 50]
(0, 0.0, 0, 0, 7, 9, 1, 0, 0, 8, 0, 0, 6, 9, 0, 0, 0, 8);[49.954729107944125, 50, 50, 50]
(0, 0.0, 0, 0, 7, 9, 1, 0, 0, 8, 0, 0, 7, 9, 0, 0, 0, 8);[49.95313295042751, 50, 50, 50]
(0, 1.0, 0, 0, 7, 9, 0, 0, 0, 8, 0, 0, 7, 9, 0, 0, 0, 8);[49.95, 49.951962619829345, 50, 50]
(1, 0.0, 0, 0, 7, 9, 0, 0, 0, 8, 0, 0, 7, 9, 0, 0, 0, 8);[49.953689930703206, 50, 50, 50]
(1, 0.0, 1, 0, 7, 9, 0, 0, 0, 8, 0, 0, 7, 9, 0, 0, 0, 8);[49.95684522645948, 50, 50, 50]
(1, 1.0, 2, 0, 7, 9, 0, 0, 0, 8, 0, 0, 7, 9, 0, 0, 0, 8);[49.958276701482866, 50, 50, 50]
(0, 0.0, 3, 0, 7, 9, 0, 0, 0, 8, 0, 0, 7, 9, 0, 0, 0, 8);[49.953372720596704, 50, 50, 50]
(0, 0.0, 1, 0, 7, 9, 0, 0, 0, 8, 0, 0, 7, 9, 0, 0, 0, 8);[49.958297064156625, 50, 50, 50]
(0, 1.0, 0, 0, 8, 9, 1, 0, 0, 8, 0, 0, 7, 9, 0, 0, 0, 8);[49.955168269641966, 50, 50, 50]
(0, 1.0, 0, 0, 8, 9, 1, 0, 0, 8, 0, 0, 8, 9, 0, 0, 0, 8);[49.95353488315671, 50, 50, 50]
(0, 1.0, 0, 0, 8, 9, 0, 0, 0, 8, 0, 0, 8, 9, 0, 0, 0, 8);[49.95, 49.95, 49.95672431443456, 50]
(1, 0.0, 0, 0, 8, 9, 0, 0, 0, 8, 0, 0, 8, 9, 0, 0, 0, 8);[49.95, 49.95, 50, 50]
(1, 1.0, 0, 0, 8, 9, 0, 0, 0, 8, 0, 0, 8, 9, 0, 0, 0, 8);[49.95, 50, 50, 50]
(0, 0.0, 0, 0, 8, 9, 0, 0, 0, 8, 0, 0, 8, 9, 0, 0, 0, 8);[49.95, 49.95, 50, 50]
(2, 0.0, 0, 0, 9, 9, 1, 0, 0, 8, 0, 0, 7, 9, 0, 0, 0, 8);[49.95903418606256, 50, 50, 50]
(2, 0.0, 0, 0, 8, 9, 1, 0, 0, 8, 0, 0, 6, 9, 0, 0, 0, 8);[49.95640013887421, 50, 50, 50]
(2, 1.0, 0, 0, 6, 9, 1, 0, 0, 8, 0, 0, 3, 9, 0, 0, 0, 8);[49.956379942403906, 50, 50, 50]
(0, 0.0, 0, 0, 6, 9, 0, 0, 0, 8, 0, 0, 1, 9, 0, 0, 0, 8);[49.95578893599837, 50, 50, 50]
(0, 0.0, 0, 0, 6, 9, 0, 0, 0, 8, 0, 0, 2, 9, 0, 0, 0, 8);[49.95146004740336, 50, 50, 50]
(0, 1.0, 0, 0, 6, 9, 0, 0, 0, 8, 0, 0, 3, 9, 0, 0, 0, 8);[49.95014915388081, 50, 50, 50]
(0, 1.0, 0, 0, 6, 9, 0, 0, 0, 8, 0, 0, 5, 9, 0, 0, 0, 8);[49.95208855298493, 50, 50, 50]
(2, 0.0, 0, 0, 6, 9, 0, 0, 0, 8, 0, 0, 4, 9, 0, 0, 0, 8);[49.959783728086535, 50, 50, 50]
(2, 0.0, 0, 0, 6, 9, 0, 0, 0, 8, 0, 0, 2, 9, 0, 0, 0, 8);[49.95946240633456, 50, 50, 50]
(2, 1.0, 0, 0, 4, 9, 1, 0, 0, 8, 0, 0, 0, 9, 0, 0, 0, 8);[49.96124067400029, 50, 50, 50]
(0, 0.0, 0, 0, 4, 9, 1, 0, 0, 8, 0, 0, 0, 9, 0, 0, 0, 8);[49.95385247447228, 50, 50, 50]
(0, 0.0, 0, 0, 4, 9, 0, 0, 0, 8, 0, 0, 1, 9, 0, 0, 0, 8);[49.95005226764998, 50, 50, 50]
(0, 1.0, 0, 0, 4, 9, 0, 0, 0, 8, 0, 0, 3, 9, 0, 0, 0, 8);[49.95336841976502, 50, 50, 50]
(0, 1.0, 0, 0, 4, 9, 0, 0, 0, 8, 0, 0, 4, 9, 0, 0, 0, 8);[49.95457324583714, 49.95228708810091, 50, 50]
(1, 0.0, 0, 0, 4, 9, 0, 0, 0, 8, 0, 0, 4, 9, 0, 0, 0, 8);[49.95000077993921, 49.95, 50, 50]
(1, 1.0, 0, 0, 4, 9, 0, 0, 0, 8, 0, 0, 4, 9, 0, 0, 0, 8);[49.95888208087914, 50, 50, 50]
(0, 0.0, 0, 0, 5, 9, 1, 0, 0, 8, 0, 0, 4, 9, 0, 0, 0, 8);[49.95603261016094, 50, 50, 50]
(0, 0.0, 0, 0, 5, 9, 1, 0, 0, 9, 0, 0, 4, 9, 0, 0, 0, 8);[49.95216269340116, 50, 50, 50]
(0, 1.0, 0, 0, 5, 9, 0, 0, 0, 9, 0, 0, 5, 9, 0, 0, 0, 9);[49.95099455994021, 49.95887075581562, 50, 50]
(0, 1.0, 0, 0, 5, 9, 0, 0, 1, 9, 0, 0, 5, 9, 0, 0, 0, 9);[49.952002502183845, 49.951165256229665, 50, 50]
(1, 0.0, 0, 0, 5, 9, 0, 0, 1, 9, 0, 0, 5, 9, 0, 0, 0, 9);[49.95089046295576, 50, 50, 50]
(1, 0.0, 0, 0, 5, 9, 0, 0, 1, 9, 0, 0, 5, 9, 0, 0, 1, 9);[49.95195619612102, 50, 50, 50]
(1, 1.0, 0, 0, 5, 9, 0, 0, 1, 9, 0, 0, 5, 9, 0, 0, 1, 9);[49.951425556253696, 50, 50, 50]
(0, 0.0, 0, 0, 5, 9, 0, 0, 1, 9, 0, 0, 5, 9, 0, 0, 1, 9);[49.95409904779858, 50, 50, 50]
(0, 0.0, 0, 0, 6, 9, 0, 0, 1, 9, 0, 0, 5, 9, 0, 0, 1, 9);[49.95754592330878, 50, 50, 50]
(0, 1.0, 0, 0, 6, 9, 1, 0, 1, 9, 0, 0, 5, 9, 0, 0, 1, 9);[49.956904403044, 50, 50, 50]
(0, 1.0, 0, 0, 6, 9, 1, 0, 1, 9, 0, 0, 6, 9, 0, 0, 1, 9);[49.95359843974335, 50, 50, 50]
(0, 1.0, 0, 0, 6, 9, 0, 0, 1, 9, 0, 0, 6, 9, 0, 0, 1, 9);[49.95180077357566, 49.95193071355484, 50, 50]
(1, 0.0, 0, 0, 6, 9, 0, 0, 1, 9, 0, 0, 6, 9, 0, 0, 1, 9);[49.95183282137374, 49.9500402406412, 50, 50]
(1, 1.0, 0, 0, 6, 9, 0, 0, 1, 9, 0, 0, 6, 9, 0, 0, 1, 9);[49.95, 50, 50, 50]
(0, 0.0, 0, 0, 6, 9, 0, 0, 1, 9, 0, 0, 6, 9, 0, 0, 1, 9);[49.95, 49.95825333916661, 50, 50]
(0, 1.0, 0, 0, 7, 9, 1, 0, 1, 9, 0, 0, 6, 9, 0, 0, 1, 9);[49.95537049328548, 50, 50, 50]
(0, 1.0, 0, 0, 7, 9, 1, 0, 1, 9, 0, 0, 7, 9, 0, 0, 1, 9);[49.95350442626651, 50, 50, 50]
(0, 1.0, 0, 0, 7, 9, 0, 0, 1, 9, 0, 0, 7, 9, 0, 0, 1, 9);[49.95, 49.95, 50, 50]
(1, 0.0, 0, 0, 7, 9, 0, 0, 1, 9, 0, 0, 7, 9, 0, 0, 1, 9);[49.950707558509876, 49.95312924422455, 50, 50]
(1, 0.0, 0, 0, 7, 9, 0, 0, 2, 9, 0, 0, 7, 9, 0, 0, 1, 9);[49.95185085313511, 50, 50, 50]
(1, 1.0, 0, 0, 7, 9, 0, 0, 2, 9, 0, 0, 7, 9, 0, 0, 1, 9);[49.95000491303207, 50, 50, 50]
(0, 0.0, 0, 0, 7, 9, 0, 0, 2, 9, 0, 0, 7, 9, 0, 0, 2, 9);[49.95169365782052, 49.951722833897136, 50, 50]
(0, 1.0, 0, 0, 7, 9, 0, 0, 2, 9, 0, 0, 7, 9, 0, 0, 2, 9);[49.954141736596256, 50, 50, 50]
(0, 1.0, 0, 0, 8, 9, 1, 0, 2, 9, 0, 0, 8, 9, 0, 0, 2, 9);[49.95457518557018, 49.951162116177066, 50, 50]
(1, 0.0, 0, 0, 8, 9, 1, 0, 2, 9, 0, 0, 8, 9, 0, 0, 2, 9);[49.950000614302866, 50, 50, 50]
(1, 0.0, 0, 0, 8, 9, 1, 0, 2, 9, 0, 0, 8, 9, 1, 0, 2, 9);[49.95, 50, 50, 50]
(1, 1.0, 0, 0, 8, 9, 1, 0, 2, 9, 0, 0, 8, 9, 1, 0, 2, 9);[49.9524362844676, 50, 50, 50]
(0, 0.0, 0, 0, 8, 9, 0, 0, 2, 9, 0, 0, 8, 9, 0, 0, 2, 9);[49.951712332859, 49.95, 50, 50]
(0, 1.0, 0, 0, 8, 9, 0, 0, 2, 9, 0, 0, 8, 9, 0, 0, 2, 9);[49.95, 49.95387704708011, 50, 50]
(1, 0.0, 0, 0, 9, 9, 0, 0, 2, 9, 0, 0, 8, 9, 0, 0, 2, 9);[49.95470094683973, 50, 50, 50]
(1, 0.0, 0, 0, 9, 9, 1, 0, 2, 9, 0, 0, 9, 9, 0, 0, 2, 9);[49.954073400345095, 50, 50, 50]
(1, 1.0, 0, 0, 9, 9, 1, 0, 2, 9, 0, 0, 9, 9, 0, 0, 2, 9);[49.950973730854365, 50, 50, 50]
(0, 0.0, 0, 0, 9, 9, 0, 0, 2, 9, 0, 0, 9, 9, 0, 0, 2, 9);[49.95, 49.95, 50, 50]
(0, 1.0, 0, 0, 9, 9, 0, 0, 2, 9, 0, 0, 9, 9, 0, 0, 2, 9);[49.951681815839976, 49.95158071107585, 49.95306826382763, 50]
(1, 0.0, 0, 0, 9, 9, 0, 0, 2, 9, 0, 0, 9, 9, 0, 0, 2, 9);[49.95083787908047, 49.95000037228648, 50, 50]
(1, 1.0, 0, 0, 9, 9, 0, 0, 2, 9, 0, 0, 9, 9, 0, 0, 2, 9);[49.95308783577519, 50, 50, 50]
(0, 0.0, 0, 0, 9, 9, 1, 0, 2, 9, 0, 0, 9, 9, 0, 0, 2, 9);[49.95420985737722, 49.95435402054708, 50, 50]
(0, 1.0, 0, 0, 9, 9, 1, 0, 2, 9, 0, 0, 9, 9, 0, 0, 2, 9);[49.95, 50, 50, 50]
(2, 0.0, 0, 0, 9, 9, 0, 0, 1, 9, 0, 0, 8, 9, 0, 0, 0, 9);[49.95531592370632, 50, 50, 50]
(2, 0.0, 0, 0, 8, 9, 0, 0, 0, 9, 0, 0, 5, 9, 0, 0, 0, 9);[49.95418869584317, 50, 50, 50]
(2, 1.0, 0, 0, 6, 9, 0, 0, 0, 9, 0, 0, 3, 9, 0, 0, 0, 9);[49.955620724198006, 50, 50, 50]
(0, 0.0, 0, 0, 6, 9, 0, 0, 0, 9, 0, 0, 1, 9, 0, 0, 0, 9);[49.9554944092284, 49.95465766648594, 49.95247055635417, 50]
(0, 0.0, 0, 0, 7, 9, 0, 0, 0, 9, 0, 0, 2, 9, 0, 0, 0, 9);[49.95556344496175, 50, 50, 50]
(0, 1.0, 0, 0, 8, 9, 0, 0, 0, 9, 0, 0, 3, 9, 0, 0, 0, 9);[49.95808487896045, 50, 50, 50]
(0, 1.0, 0, 0, 8, 9, 1, 0, 0, 9, 0, 0, 5, 9, 0, 0, 0, 9);[49.95667634790102, 50, 50, 50]
(0, 1.0, 0, 0, 8, 9, 1, 0, 0, 9, 0, 0, 7, 9, 0, 0, 0, 9);[49.95179255042716, 50, 50, 50]
(0, 1.0, 0, 0, 8, 9, 0, 0, 0, 9, 0, 0, 8, 9, 0, 0, 0, 9);[49.950000014667424, 49.95000001712939, 50, 50]
(1, 0.0, 0, 0, 8, 9, 0, 0, 0, 9, 0, 0, 8, 9, 0, 0, 0, 9);[49.95188653012674, 49.95175750735682, 50, 50]
(1, 1.0, 0, 0, 8, 9, 0, 0, 0, 9, 0, 0, 8, 9, 0, 0, 0, 9);[49.95, 49.95438684273388, 49.952165593039716, 50]
(0, 0.0, 0, 0, 8, 9, 0, 0, 0, 9, 0, 0, 8, 9, 0, 0, 0, 9);[49.95, 49.955088536794655, 50, 50]
(0, 1.0, 0, 0, 9, 9, 0, 0, 0, 9, 0, 0, 8, 9, 0, 0, 0, 9);[49.95499516559958, 50, 50, 50]
(0, 1.0, 0, 0, 9, 9, 0, 0, 0, 9, 0, 0, 9, 9, 0, 0, 0, 9);[49.95467952237086, 49.950609307084775, 49.95134357920048, 50]
(1, 0.0, 0, 0, 9, 9, 0, 0, 0, 9, 0, 0, 9, 9, 0, 0, 0, 9);[49.95167623825739, 49.95172622830532, 50, 50]
(1, 1.0, 0, 0, 9, 9, 0, 0, 0, 9, 0, 0, 9, 9, 0, 0, 0, 9);[49.95, 50, 50, 50]
(0, 0.0, 0, 0, 9, 9, 0, 0, 0, 9, 0, 0, 9, 9, 0, 0, 0, 9);[49.95, 49.95, 50, 50]
(2, 0.0, 0, 0, 9, 9, 0, 0, 0, 9, 0, 0, 8, 9, 0, 0, 0, 9);[49.96125316018979, 50, 50, 50]
(2, 0.0, 0, 1, 8, 9, 0, 0, 0, 9, 0, 0, 5, 9, 0, 0, 0, 9);[49.963392522935685, 50, 50, 50]
(2, 1.0, 0, 1, 6, 9, 0, 0, 0, 9, 0, 0, 3, 9, 0, 0, 0, 9);[49.95869370832102, 50, 50, 50]
(0, 0.0, 0, 1, 6, 9, 0, 0, 0, 9, 0, 1, 1, 9, 0, 0, 0, 9);[49.95831432452091, 50, 50, 50]
(0, 0.0, 0, 1, 7, 9, 0, 0, 0, 9, 0, 1, 1, 9, 0, 0, 0, 9);[49.95476163301622, 50, 50, 50]
(0, 1.0, 0, 1, 7, 9, 0, 0, 0, 9, 0, 1, 3, 9, 0, 0, 0, 9);[49.95219330198996, 50, 50, 50]
(0, 1.0, 0, 1, 7, 9, 0, 0, 0, 9, 0, 1, 6, 9, 0, 0, 0, 9);[49.953052511763076, 50, 50, 50]
(0, 1.0, 1, 1, 7, 9, 0, 0, 0, 9, 0, 1, 7, 9, 0, 0, 0, 9);[49.95288462565172, 49.951069885101866, 50, 50]
(1, 0.0, 0, 1, 7, 9, 0, 0, 0, 9, 0, 0, 7, 9, 0, 0, 0, 9);[49.957370812085344, 50, 50, 50]
(1, 0.0, 0, 0, 8, 9, 0, 0, 0, 9, 0, 0, 7, 9, 0, 0, 0, 9);[49.95496088734639, 50, 50, 50]
(2, 0.0, 0, 0, 8, 9, 0, 0, 0, 9, 0, 0, 7, 9, 0, 0, 0, 9);[49.95419547534864, 49.960463803838316, 50, 50]
(2, 0.0, 0, 0, 7, 9, 0, 0, 0, 9, 0, 0, 4, 9, 0, 0, 0, 9);[49.95763233007642, 50, 50, 50]
(2, 1.0, 1, 0, 5, 9, 0, 0, 0, 9, 0, 0, 2, 9, 0, 0, 0, 9);[49.96006491542114, 50, 50, 50]
(0, 0.0, 1, 0, 5, 9, 0, 0, 0, 9, 0, 0, 0, 9, 0, 0, 0, 9);[49.954171289973445, 50, 50, 50]
(0, 0.0, 0, 0, 5, 9, 0, 0, 0, 9, 0, 0, 2, 9, 0, 0, 0, 9);[49.950324418479255, 50, 50, 50]
(0, 1.0, 0, 0, 5, 9, 0, 0, 0, 9, 0, 0, 3, 9, 0, 0, 0, 9);[49.95000755176566, 50, 50, 50]
(1, 0.0, 0, 0, 6, 9, 0, 0, 0, 9, 0, 0, 5, 9, 0, 0, 0, 9);[49.95563693663524, 50, 50, 50]
(1, 0.0, 0, 0, 6, 9, 0, 0, 0, 9, 0, 0, 6, 9, 0, 0, 0, 9);[49.951891544749955, 49.95384346853787, 50, 50]
(1, 1.0, 0, 0, 6, 9, 0, 0, 0, 9, 0, 0, 6, 9, 0, 0, 0, 9);[49.95378864828765, 50, 50, 50]
(0, 0.0, 0, 0, 6, 9, 0, 0, 0, 9, 0, 0, 6, 9, 0, 0, 0, 9);[49.95373957481914, 49.95001185432047, 50, 50]
(0, 1.0, 0, 0, 6, 9, 0, 0, 0, 9, 0, 0, 6, 9, 0, 0, 0, 9);[49.95, 49.95, 49.95071774356906, 50]
(1, 0.0, 1, 0, 6, 9, 0, 0, 0, 9, 0, 0, 6, 9, 0, 0, 0, 9);[49.959126778248354, 50, 50, 50]
(1, 1.0, 1, 0, 7, 9, 0, 0, 0, 9, 0, 0, 6, 9, 0, 0, 0, 9);[49.95552080442342, 50, 50, 50]
(0, 0.0, 0, 0, 7, 9, 0, 0, 0, 9, 0, 0, 6, 9, 0, 0, 0, 9);[49.9551628946101, 50, 50, 50]
(0, 0.0, 0, 0, 7, 9, 0, 0, 0, 9, 0, 0, 7, 9, 0, 0, 0, 9);[49.953039019647, 50, 50, 50]
(0, 1.0, 0, 0, 7, 9, 0, 0, 1, 9, 0, 0, 7, 9, 0, 0, 0, 9);[49.95148897749495, 49.95058151083031, 50, 50]
(1, 0.0, 1, 0, 7, 9, 0, 0, 1, 9, 0, 0, 7, 9, 0, 0, 1, 9);[49.95313206103318, 50, 50, 50]
(1, 1.0, 1, 0, 7, 9, 0, 0, 1, 9, 0, 0, 7, 9, 0, 0, 1, 9);[49.95, 50, 50, 50]
(0, 0.0, 0, 0, 7, 9, 0, 0, 1, 9, 0, 0, 7, 9, 0, 0, 1, 9);[49.95, 49.95650427907154, 50, 50]
(0, 1.0, 0, 0, 8, 9, 0, 0, 1, 9, 0, 0, 7, 9, 0, 0, 1, 9);[49.955015803727406, 50, 50, 50]
(0, 1.0, 0, 0, 8, 9, 0, 0, 1, 9, 0, 0, 8, 9, 0, 0, 1, 9);[49.953582512591204, 49.95042852069346, 49.95092144115825, 50]
(1, 0.0, 0, 0, 8, 9, 0, 0, 1, 9, 0, 0, 8, 9, 0, 0, 1, 9);[49.95, 49.95, 50, 50]
(1, 1.0, 0, 0, 8, 9, 0, 0, 1, 9, 0, 0, 8, 9, 0, 0, 1, 9);[49.95, 50, 50, 50]
(0, 0.0, 0, 0, 8, 9, 0, 0, 1, 9, 0, 0, 8, 9, 0, 0, 1, 9);[49.95, 49.95, 50, 50]
(2, 0.0, 1, 0, 8, 9, 0, 0, 0, 9, 0, 0, 4, 9, 0, 0, 0, 9);[49.96306622706237, 50, 50, 50]
(2, 1.0, 1, 0, 6, 9, 0, 0, 0, 9, 0, 0, 3, 9, 0, 0, 0, 9);[49.95551899532743, 50, 50, 50]
(0, 1.0, 0, 0, 6, 9, 0, 0, 0, 9, 0, 0, 3, 9, 0, 0, 0, 9);[49.95195448948564, 50, 50, 50]
(0, 1.0, 0, 0, 6, 9, 0, 0, 0, 9, 0, 0, 5, 9, 0, 0, 0, 9);[49.95186269286985, 50, 50, 50]
(2, 0.0, 0, 0, 6, 9, 0, 0, 0, 9, 0, 0, 4, 9, 0, 0, 0, 9);[49.952836352304175, 50, 50, 50]
(2, 0.0, 0, 0, 4, 9, 0, 0, 0, 9, 0, 0, 2, 9, 0, 0, 0, 9);[49.96592783305027, 50, 50, 50]
(2, 1.0, 1, 0, 4, 9, 0, 1, 0, 9, 0, 0, 0, 9, 0, 0, 0, 9);[49.963756595553576, 50, 50, 50]
(0, 0.0, 0, 0, 4, 9, 0, 1, 0, 9, 0, 0, 0, 9, 0, 0, 0, 9);[49.956214613306294, 50, 50, 50]
(0, 0.0, 0, 0, 4, 9, 0, 1, 0, 9, 0, 0, 1, 9, 0, 0, 0, 9);[49.95022728662246, 50, 50, 50]
(0, 1.0, 0, 0, 4, 9, 0, 1, 0, 9, 0, 0, 3, 9, 0, 1, 0, 9);[49.9500015474012, 50, 50, 50]
(0, 1.0, 0, 0, 4, 9, 0, 1, 0, 9, 0, 0, 4, 9, 0, 1, 0, 9);[49.95000003340795, 49.95052020418677, 50, 50]
(1, 0.0, 0, 0, 4, 9, 0, 1, 0, 9, 0, 0, 4, 9, 0, 0, 0, 9);[49.9514956498174, 50, 50, 50]
(1, 0.0, 0, 0, 4, 9, 0, 0, 0, 9, 0, 0, 4, 9, 0, 0, 0, 9);[49.95000065327992, 50, 50, 50]
(1, 1.0, 0, 0, 4, 9, 0, 0, 0, 9, 0, 0, 4, 9, 0, 0, 0, 9);[49.9500000217626, 50, 50, 50]
(0, 0.0, 0, 0, 4, 9, 0, 0, 0, 9, 0, 0, 4, 9, 0, 0, 0, 9);[50, 50, 49.962849143428876, 50]
(0, 0.0, 1, 0, 5, 9, 0, 1, 0, 9, 0, 0, 4, 9, 0, 0, 0, 9);[49.95935147315285, 50, 50, 50]
(0, 1.0, 1, 0, 5, 9, 0, 1, 0, 9, 0, 0, 4, 9, 0, 0, 0, 9);[49.95215691769782, 50, 50, 50]
(0, 1.0, 1, 0, 5, 9, 0, 1, 0, 9, 1, 0, 5, 9, 0, 0, 0, 9);[49.951747470260784, 50, 50, 50]
(0, 1.0, 1, 0, 5, 9, 0, 1, 0, 9, 1, 0, 5, 9, 0, 1, 0, 9);[49.95361165725188, 50, 50, 50]
(0, 1.0, 2, 0, 5, 9, 0, 1, 0, 9, 1, 0, 5, 9, 0, 1, 0, 9);[49.95097963751271, 49.95000005880638, 50, 50]
(1, 0.0, 2, 0, 5, 9, 0, 1, 0, 9, 2, 0, 5, 9, 0, 1, 0, 9);[49.95, 49.95, 50, 50]
(1, 1.0, 2, 0, 5, 9, 0, 1, 0, 9, 2, 0, 5, 9, 0, 1, 0, 9);[49.95363636363636, 50, 50, 50]
(0, 0.0, 2, 0, 6, 9, 0, 1, 0, 9, 2, 0, 5, 9, 0, 1, 0, 9);[49.95736016819123, 50, 50, 50]
(0, 0.0, 2, 0, 6, 9, 1, 1, 0, 9, 2, 0, 5, 9, 0, 1, 0, 9);[49.95639636088352, 50, 50, 50]
(0, 1.0, 2, 0, 6, 9, 1, 1, 0, 9, 2, 0, 6, 9, 0, 1, 0, 9);[49.953225206358404, 50, 50, 50]
(0, 1.0, 2, 0, 6, 9, 0, 1, 1, 9, 2, 0, 6, 9, 0, 1, 0, 9);[49.951745756865655, 49.95176477004082, 50, 50]
(1, 0.0, 3, 0, 6, 9, 0, 1, 1, 9, 2, 0, 6, 9, 0, 1, 0, 9);[49.950001349170165, 50, 50, 50]
(1, 0.0, 3, 0, 6, 9, 0, 1, 1, 9, 3, 0, 6, 9, 0, 1, 1, 9);[49.95, 50, 50, 50]
(1, 1.0, 3, 0, 6, 9, 0, 1, 1, 9, 3, 0, 6, 9, 0, 1, 1, 9);[49.95, 50, 50, 50]
(0, 0.0, 3, 0, 6, 9, 0, 1, 1, 9, 3, 0, 6, 9, 0, 1, 1, 9);[49.95, 49.95565316333294, 50, 50]
(0, 1.0, 3, 0, 7, 9, 1, 1, 1, 9, 3, 0, 6, 9, 0, 1, 1, 9);[49.9541168633898, 50, 50, 50]
(0, 1.0, 3, 0, 7, 9, 1, 1, 1, 9, 3, 0, 7, 9, 0, 1, 1, 9);[49.954100290982666, 49.95035165605604, 50, 50]
(1, 0.0, 3, 0, 7, 9, 1, 1, 1, 9, 3, 0, 7, 9, 0, 1, 1, 9);[49.950000199772155, 50, 50, 50]
(1, 0.0, 3, 0, 7, 9, 1, 1, 1, 9, 3, 0, 7, 9, 1, 1, 1, 9);[49.95, 50, 50, 50]
(1, 1.0, 3, 0, 7, 9, 1, 1, 1, 9, 3, 0, 7, 9, 1, 1, 1, 9);[49.95208560926964, 50, 50, 50]
(0, 0.0, 3, 0, 7, 9, 0, 1, 1, 9, 3, 0, 7, 9, 0, 1, 1, 9);[49.95159601870431, 49.9515417790896, 50, 50]
(0, 1.0, 4, 0, 7, 9, 0, 1, 1, 9, 3, 0, 7, 9, 0, 1, 1, 9);[49.9529335860052, 49.957323672047806, 50, 50]
(1, 0.0, 4, 1, 8, 9, 1, 1, 1, 9, 4, 0, 7, 9, 0, 1, 1, 9);[49.955496223129096, 50, 50, 50]
(1, 0.0, 4, 0, 8, 9, 1, 1, 1, 9, 4, 0, 8, 9, 0, 1, 1, 9);[49.953423312688685, 50, 50, 50]
(1, 1.0, 4, 0, 8, 9, 1, 1, 1, 9, 4, 0, 8, 9, 0, 1, 1, 9);[49.95045694624978, 50, 50, 50]
(0, 0.0, 4, 0, 8, 9, 0, 1, 1, 9, 4, 0, 8, 9, 0, 1, 1, 9);[49.95, 49.95, 50, 50]
(0, 1.0, 4, 0, 8, 9, 0, 1, 1, 9, 4, 0, 8, 9, 0, 1, 1, 9);[49.95, 49.95, 50, 50]
(1, 0.0, 4, 0, 8, 9, 0, 1, 1, 9, 4, 0, 8, 9, 0, 1, 1, 9);[49.95, 49.95440646745963, 50, 50]
(1, 1.0, 4, 0, 9, 9, 0, 1, 1, 9, 4, 0, 8, 9, 0, 1, 1, 9);[49.953614818066995, 50, 50, 50]
(0, 0.0, 4, 0, 9, 9, 1, 1, 1, 9, 4, 0, 9, 9, 0, 1, 1, 9);[49.95362850773534, 49.951378080079564, 50, 50]
(0, 1.0, 4, 0, 9, 9, 0, 1, 1, 9, 4, 0, 9, 9, 0, 1, 1, 9);[49.95, 49.95, 50, 50]
(1, 0.0, 4, 0, 9, 9, 0, 1, 1, 9, 4, 0, 9, 9, 0, 1, 1, 9);[49.95, 49.95, 50, 50]
(1, 1.0, 4, 0, 9, 9, 0, 1, 1, 9, 4, 0, 9, 9, 0, 1, 1, 9);[49.9514360644844, 50, 50, 50]
(0, 0.0, 4, 0, 9, 9, 0, 1, 2, 9, 4, 0, 9, 9, 0, 1, 1, 9);[49.95015117443348, 49.95416183205049, 50, 50]
(0, 1.0, 4, 0, 9, 9, 1, 1, 2, 9, 1, 0, 9, 9, 0, 1, 2, 9);[49.95456166464073, 49.95174200945906, 50, 50]
(1, 0.0, 4, 0, 9, 9, 1, 1, 2, 9, 2, 0, 9, 9, 0, 1, 2, 9);[49.950141275190916, 50, 50, 50]
(1, 0.0, 4, 0, 9, 9, 1, 0, 2, 9, 4, 0, 9, 9, 0, 0, 2, 9);[49.950090461913966, 50, 50, 50]
(1, 1.0, 4, 0, 9, 9, 1, 0, 2, 9, 4, 0, 9, 9, 1, 0, 2, 9);[49.95071359908598, 50, 50, 50]
(0, 0.0, 3, 0, 9, 9, 0, 0, 2, 9, 2, 0, 9, 9, 0, 0, 2, 9);[49.95025652489435, 50, 50, 50]
(0, 0.0, 3, 0, 9, 9, 0, 0, 2, 9, 1, 0, 9, 9, 0, 0, 2, 9);[49.95002102689358, 50, 50, 50]
(0, 1.0, 3, 0, 9, 9, 0, 0, 2, 9, 2, 0, 9, 9, 0, 0, 2, 9);[49.95000003495094, 50, 50, 50]
(0, 1.0, 3, 0, 9, 9, 0, 0, 2, 9, 3, 0, 9, 9, 0, 0, 2, 9);[49.95303032212851, 49.953814287558444, 50, 50]
(1, 0.0, 3, 0, 9, 9, 0, 1, 2, 9, 3, 0, 9, 9, 0, 0, 2, 9);[49.95378450798076, 49.95049363004403, 50, 50]
(1, 1.0, 3, 0, 9, 9, 0, 1, 2, 9, 3, 0, 9, 9, 0, 0, 2, 9);[49.950000091155594, 50, 50, 50]
(0, 0.0, 3, 0, 9, 9, 0, 1, 2, 9, 3, 0, 9, 9, 0, 1, 2, 9);[49.95, 49.95, 50, 50]
(0, 1.0, 3, 0, 9, 9, 0, 1, 2, 9, 3, 0, 9, 9, 0, 1, 2, 9);[49.95, 49.95, 50, 50]
(1, 0.0, 3, 0, 9, 9, 0, 1, 2, 9, 3, 0, 9, 9, 0, 1, 2, 9);[49.95, 49.95414013205273, 50, 50]
(1, 1.0, 3, 0, 9, 9, 0, 2, 2, 9, 3, 0, 9, 9, 0, 1, 2, 9);[49.95418345454322, 50, 50, 50]
(0, 0.0, 3, 0, 9, 9, 0, 2, 2, 9, 3, 0, 9, 9, 0, 1, 2, 9);[49.9504958567525, 49.95, 50, 50]
(0, 1.0, 3, 0, 9, 9, 0, 2, 2, 9, 3, 0, 9, 9, 0, 2, 2, 9);[49.95, 49.95, 50, 50]
(1, 0.0, 3, 0, 9, 9, 0, 2, 2, 9, 3, 0, 9, 9, 0, 2, 2, 9);[49.95, 49.95, 50, 50]
(1, 1.0, 3, 0, 9, 9, 0, 2, 2, 9, 3, 0, 9, 9, 0, 2, 2, 9);[49.95, 50, 50, 50]
(0, 0.0, 3, 0, 9, 9, 0, 2, 2, 9, 3, 0, 9, 9, 0, 2, 2, 9);[49.95, 49.95378892009763, 50, 50]
(0, 1.0, 3, 0, 9, 9, 0, 3, 2, 9, 3, 0, 9, 9, 0, 2, 2, 9);[49.95391581240079, 49.95071953093092, 50, 50]
(1, 0.0, 3, 0, 9, 9, 0, 3, 2, 9, 3, 0, 9, 9, 0, 2, 2, 9);[49.95000007754277, 50, 50, 50]
(1, 0.0, 3, 0, 9, 9, 0, 3, 2, 9, 3, 0, 9, 9, 0, 3, 2, 9);[49.95, 50, 50, 50]
(1, 1.0, 3, 0, 9, 9, 0, 3, 2, 9, 3, 0, 9, 9, 0, 3, 2, 9);[49.95, 50, 50, 50]
(0, 0.0, 3, 0, 9, 9, 0, 3, 2, 9, 3, 0, 9, 9, 0, 3, 2, 9);[49.95, 49.95, 50, 50]
(0, 1.0, 3, 0, 9, 9, 0, 3, 2, 9, 3, 0, 9, 9, 0, 3, 2, 9);[49.95, 49.953266540082794, 50, 50]
(1, 0.0, 3, 0, 9, 9, 0, 4, 2, 9, 3, 0, 9, 9, 0, 3, 2, 9);[49.953617899076654, 49.951719312424075, 50, 50]
(1, 1.0, 3, 0, 9, 9, 0, 4, 2, 9, 3, 0, 9, 9, 0, 3, 2, 9);[49.95000007547336, 50, 50, 50]
(0, 0.0, 3, 0, 9, 9, 0, 4, 2, 9, 3, 0, 9, 9, 0, 4, 2, 9);[49.95, 49.95130879428877, 50, 50]
(0, 1.0, 3, 0, 9, 9, 0, 4, 2, 9, 3, 0, 9, 9, 0, 4, 2, 9);[49.952708634693664, 50, 50, 50]
(0, 1.0, 3, 0, 9, 9, 0, 4, 4, 9, 3, 0, 9, 9, 0, 4, 2, 9);[49.95253891015596, 49.95004639735115, 50, 50]
(1, 0.0, 3, 0, 9, 9, 0, 4, 4, 9, 3, 0, 9, 9, 0, 4, 4, 9);[49.95227219652319, 50, 50, 50]
(1, 0.0, 4, 0, 9, 9, 0, 4, 4, 9, 3, 0, 9, 9, 0, 4, 4, 9);[49.95621379895487, 50, 50, 50]
(1, 1.0, 6, 0, 9, 9, 0, 5, 4, 9, 3, 0, 9, 9, 0, 4, 4, 9);[49.9533456327698, 50, 50, 50]
(0, 0.0, 6, 0, 9, 9, 0, 5, 4, 9, 5, 0, 9, 9, 0, 4, 4, 9);[49.951121778284325, 50, 50, 50]
(0, 0.0, 6, 0, 9, 9, 0, 5, 4, 9, 6, 0, 9, 9, 0, 5, 4, 9);[49.95000002352548, 50, 50, 50]
(0, 1.0, 6, 0, 9, 9, 0, 5, 4, 9, 6, 0, 9, 9, 0, 5, 4, 9);[49.95, 50, 50, 49.950687129195515]
(3, 0.0, 6, 0, 9, 9, 0, 5, 4, 9, 6, 0, 9, 8, 0, 5, 4, 8);[49.95276423246278, 50, 50, 50]
(3, 0.0, 6, 0, 9, 8, 0, 5, 4, 8, 6, 0, 9, 5, 0, 5, 4, 5);[49.9537326385909, 50, 50, 50]
(3, 1.0, 6, 0, 9, 6, 0, 5, 4, 7, 6, 0, 9, 2, 0, 5, 3, 2);[49.95490372924423, 50, 50, 50]
(0, 0.0, 6, 0, 9, 6, 0, 5, 4, 7, 6, 0, 9, 1, 0, 5, 2, 0);[49.95865688541814, 50, 50, 50]
(0, 0.0, 6, 0, 9, 7, 0, 5, 3, 8, 6, 0, 9, 1, 0, 5, 2, 1);[49.95659019484546, 50, 50, 50]
(0, 1.0, 6, 0, 9, 8, 0, 6, 3, 8, 6, 0, 9, 3, 0, 5, 3, 2);[49.952873223390455, 50, 50, 50]
(0, 1.0, 6, 0, 9, 9, 0, 6, 3, 8, 6, 0, 9, 6, 0, 5, 3, 4);[49.950405034384005, 50, 50, 50]
(0, 1.0, 6, 0, 9, 9, 0, 6, 3, 8, 6, 0, 9, 7, 0, 6, 3, 6);[49.95075809060628, 50, 50, 50]
(0, 1.0, 6, 0, 9, 9, 0, 6, 3, 9, 6, 0, 9, 8, 0, 6, 3, 7);[49.95001251790637, 50, 50, 50]
(0, 1.0, 6, 0, 9, 9, 0, 6, 3, 9, 6, 0, 9, 9, 0, 6, 3, 9);[49.95000023933283, 49.95000001269346, 50, 50]
(1, 0.0, 6, 0, 9, 9, 0, 6, 3, 9, 6, 0, 9, 9, 0, 6, 3, 9);[49.95000001493595, 49.95, 50, 50]
(1, 1.0, 6, 0, 9, 9, 0, 6, 3, 9, 6, 0, 9, 9, 0, 6, 3, 9);[49.95302341742217, 50, 50, 50]
(0, 0.0, 6, 0, 9, 9, 0, 7, 3, 9, 6, 0, 9, 9, 0, 6, 3, 9);[49.951756005892754, 49.952878821815204, 50, 50]
(0, 1.0, 6, 1, 9, 9, 0, 7, 3, 9, 6, 0, 9, 9, 0, 7, 3, 9);[49.95264495685565, 49.95064342170536, 50, 50]
(1, 0.0, 6, 1, 9, 9, 0, 7, 3, 9, 6, 0, 9, 9, 0, 7, 3, 9);[49.95, 50, 50, 50]
(1, 0.0, 6, 0, 9, 9, 0, 7, 3, 9, 6, 0, 9, 9, 0, 7, 3, 9);[49.95089285473099, 50, 50, 50]
(1, 1.0, 6, 0, 9, 9, 0, 7, 4, 9, 6, 0, 9, 9, 0, 7, 3, 9);[49.95041125383888, 50, 50, 50]
(0, 0.0, 6, 0, 9, 9, 0, 7, 4, 9, 6, 0, 9, 9, 0, 7, 3, 9);[49.95109770217948, 50, 50, 50]
(0, 0.0, 6, 0, 9, 9, 0, 7, 4, 9, 6, 0, 9, 9, 0, 7, 4, 9);[49.95108503850427, 49.950043448336984, 49.95257091533545, 50]
(0, 1.0, 6, 0, 9, 9, 0, 7, 4, 9, 6, 0, 9, 9, 0, 7, 4, 9);[49.952052096752645, 49.95102459518863, 50, 50]
(1, 0.0, 6, 0, 9, 9, 0, 7, 4, 9, 6, 0, 9, 9, 0, 7, 4, 9);[49.95004532835612, 49.95203338880865, 50, 50]
(1, 1.0, 6, 0, 9, 9, 0, 7, 4, 9, 6, 0, 9, 9, 0, 7, 4, 9);[49.95108040719594, 50, 50, 50]
(0, 1.0, 6, 0, 9, 9, 0, 7, 6, 9, 6, 0, 9, 9, 0, 7, 4, 9);[49.95170558327893, 50, 50, 50]
(0, 1.0, 6, 0, 9, 9, 0, 7, 7, 9, 6, 0, 9, 9, 0, 7, 4, 9);[49.95040312063601, 50, 50, 50]
(0, 1.0, 6, 0, 9, 9, 0, 7, 8, 9, 6, 0, 9, 9, 0, 7, 6, 9);[49.952242508722094, 50, 50, 50]
(0, 1.0, 6, 0, 9, 9, 0, 8, 8, 9, 6, 0, 9, 9, 0, 7, 8, 9);[49.95096096605404, 50, 50, 50]
(0, 1.0, 6, 0, 9, 9, 0, 8, 8, 9, 6, 0, 9, 9, 0, 8, 8, 9);[49.95097700679924, 49.950001667498285, 50, 50]
(1, 0.0, 6, 0, 9, 9, 0, 8, 8, 9, 6, 0, 9, 9, 0, 8, 8, 9);[49.95, 49.95, 50, 50]
(1, 1.0, 6, 0, 9, 9, 0, 8, 8, 9, 6, 0, 9, 9, 0, 8, 8, 9);[49.95, 50, 50, 50]
(0, 0.0, 6, 0, 9, 9, 0, 8, 8, 9, 6, 0, 9, 9, 0, 8, 8, 9);[49.95, 49.9509302512563, 50, 50]
(0, 1.0, 7, 0, 9, 9, 0, 8, 8, 9, 6, 0, 9, 9, 0, 8, 8, 9);[49.95242118345629, 50, 50, 50]
(0, 1.0, 8, 1, 9, 9, 0, 8, 8, 9, 7, 0, 9, 9, 0, 8, 8, 9);[49.95288206158691, 50, 50, 50]
(0, 1.0, 8, 1, 9, 9, 0, 9, 8, 9, 8, 0, 9, 9, 0, 9, 8, 9);[49.95281249132026, 50, 50, 50]
(0, 1.0, 8, 2, 9, 9, 0, 9, 8, 9, 8, 0, 9, 9, 0, 9, 8, 9);[49.95127615149012, 50, 50, 50]
(0, 1.0, 8, 2, 9, 9, 0, 9, 8, 9, 8, 1, 9, 9, 0, 9, 8, 9);[49.95000001229842, 50, 50, 50]
(0, 1.0, 8, 2, 9, 9, 0, 9, 8, 9, 8, 2, 9, 9, 0, 9, 8, 9);[49.95, 49.95, 50, 50]
(1, 0.0, 8, 2, 9, 9, 0, 9, 8, 9, 8, 2, 9, 9, 0, 9, 8, 9);[49.950806113377666, 49.952634748594484, 50, 50]
(1, 1.0, 8, 4, 9, 9, 0, 9, 8, 9, 8, 2, 9, 9, 0, 9, 8, 9);[49.953087656048034, 50, 50, 50]
(0, 0.0, 8, 5, 9, 9, 0, 9, 8, 9, 8, 2, 9, 9, 0, 9, 8, 9);[49.95143825587187, 50, 50, 50]
(0, 0.0, 8, 6, 9, 9, 0, 9, 8, 9, 8, 5, 9, 9, 0, 9, 8, 9);[49.9508392520577, 50, 50, 50]
(0, 1.0, 8, 6, 9, 9, 0, 9, 8, 9, 8, 6, 9, 9, 0, 9, 8, 9);[49.95, 49.95, 50, 50]
(1, 0.0, 8, 6, 9, 9, 0, 9, 8, 9, 8, 6, 9, 9, 0, 9, 8, 9);[49.95031520417407, 49.95000032419122, 50, 50]
(1, 1.0, 8, 6, 9, 9, 0, 9, 8, 9, 8, 6, 9, 9, 0, 9, 8, 9);[49.95, 50, 50, 50]
(0, 0.0, 8, 6, 9, 9, 0, 9, 8, 9, 8, 6, 9, 9, 0, 9, 8, 9);[49.95044986928934, 50, 50, 50]
(0, 0.0, 8, 6, 9, 9, 0, 9, 9, 9, 8, 6, 9, 9, 0, 9, 8, 9);[49.95000314172083, 50, 50, 50]
(0, 1.0, 8, 6, 9, 9, 0, 9, 9, 9, 8, 6, 9, 9, 0, 9, 9, 9);[49.95, 49.95108155560833, 50, 50]
(1, 0.0, 8, 7, 9, 9, 0, 9, 9, 9, 8, 6, 9, 9, 0, 9, 9, 9);[49.95143401663413, 50, 50, 50]
(1, 0.0, 8, 8, 9, 9, 0, 9, 9, 9, 8, 7, 9, 9, 0, 9, 9, 9);[49.95093594063213, 50, 50, 50]
(1, 1.0, 9, 8, 9, 9, 0, 9, 9, 9, 8, 8, 9, 9, 0, 9, 9, 9);[49.95000090217699, 50, 50, 50]
(0, 0.0, 8, 9, 9, 9, 0, 9, 9, 9, 8, 9, 9, 9, 0, 9, 9, 9);[49.95002688346714, 50, 50, 50]
(0, 0.0, 9, 9, 9, 9, 0, 9, 9, 9, 8, 9, 9, 9, 0, 9, 9, 9);[49.95, 50, 50, 50]
(0, 1.0, 9, 9, 9, 9, 0, 9, 9, 9, 9, 9, 9, 9, 0, 9, 9, 9);[49.95, 49.95, 49.950505595179926, 50]
(1, 0.0, 9, 9, 9, 9, 0, 9, 9, 9, 9, 9, 9, 9, 0, 9, 9, 9);[49.95, 49.95, 50, 50]
(1, 1.0, 9, 9, 9, 9, 0, 9, 9, 9, 9, 9, 9, 9, 0, 9, 9, 9);[49.95074182409557, 50, 50, 50]
(0, 0.0, 9, 9, 9, 9, 0, 9, 9, 9, 9, 9, 9, 9, 0, 9, 9, 9);[49.95077583014309, 49.95, 50, 50]
(2, 0.0, 9, 9, 9, 9, 0, 9, 9, 9, 9, 9, 8, 9, 0, 9, 8, 9);[49.95126962743028, 50, 50, 50]
(2, 0.0, 9, 9, 9, 9, 0, 9, 8, 9, 9, 9, 6, 9, 0, 9, 5, 9);[49.95186934752843, 50, 50, 50]
(2, 1.0, 9, 9, 9, 9, 0, 9, 6, 9, 9, 9, 5, 9, 0, 9, 2, 9);[49.9524518138708, 50, 50, 50]
(0, 0.0, 9, 9, 9, 9, 0, 9, 6, 9, 9, 9, 4, 9, 0, 9, 0, 9);[49.952020686963486, 50, 50, 50]
(0, 0.0, 9, 9, 9, 9, 0, 9, 6, 9, 9, 9, 6, 9, 0, 9, 2, 9);[49.95045039599026, 50, 50, 50]
(0, 1.0, 9, 9, 9, 9, 0, 9, 6, 9, 9, 9, 8, 9, 0, 9, 3, 9);[49.95086787740791, 50, 50, 50]
(0, 1.0, 9, 9, 9, 9, 0, 9, 6, 9, 9, 9, 9, 9, 0, 9, 5, 9);[50, 50, 49.951154032920904, 50]
(2, 0.0, 9, 9, 9, 9, 0, 9, 5, 9, 9, 9, 9, 9, 0, 9, 4, 9);[49.95190513635994, 50, 50, 50]
(2, 0.0, 9, 9, 9, 9, 0, 9, 4, 9, 9, 9, 9, 9, 0, 9, 2, 9);[49.95167429330698, 49.95086323845518, 50, 50]
(2, 1.0, 9, 9, 9, 9, 0, 9, 2, 9, 9, 9, 9, 9, 0, 9, 0, 9);[49.95116524163809, 50, 50, 50]
(0, 0.0, 9, 9, 9, 9, 0, 9, 2, 9, 9, 9, 9, 9, 0, 9, 0, 9);[49.950020645098306, 50, 50, 50]
(0, 0.0, 9, 9, 9, 9, 0, 9, 2, 9, 9, 9, 9, 9, 0, 9, 2, 9);[49.95000004962847, 49.95, 49.950860274032344, 50]
(0, 1.0, 9, 9, 9, 9, 0, 9, 2, 9, 9, 9, 9, 9, 0, 9, 2, 9);[49.95, 49.95, 50, 50]
(1, 0.0, 9, 9, 9, 9, 0, 9, 2, 9, 9, 9, 9, 9, 0, 9, 2, 9);[49.95, 49.95087637158561, 50, 50]
(1, 1.0, 9, 9, 9, 9, 0, 9, 2, 9, 9, 9, 9, 9, 0, 9, 2, 9);[49.9508740692225, 50, 50, 50]
(0, 1.0, 9, 9, 9, 9, 0, 9, 3, 9, 9, 9, 9, 9, 0, 9, 2, 9);[49.950132695534776, 49.950000071252404, 50, 50]
(1, 0.0, 9, 9, 9, 9, 0, 9, 3, 9, 9, 9, 9, 9, 0, 9, 3, 9);[49.95, 49.95, 49.95, 49.9508310548815]
(1, 1.0, 9, 9, 9, 9, 0, 9, 3, 9, 9, 9, 9, 9, 0, 9, 3, 9);[49.95, 50, 50, 50]
(0, 0.0, 9, 9, 9, 9, 0, 9, 3, 9, 9, 9, 9, 9, 0, 9, 3, 9);[49.95087719298245, 49.9508203126, 50, 50]
(0, 1.0, 9, 9, 9, 9, 0, 9, 3, 9, 9, 9, 9, 9, 0, 9, 3, 9);[49.950854529534645, 49.95000043176056, 50, 50]
(1, 1.0, 9, 9, 9, 9, 0, 9, 4, 9, 9, 9, 9, 9, 0, 9, 3, 9);[49.9500157256406, 50, 50, 50]
(0, 0.0, 9, 9, 9, 9, 0, 9, 4, 9, 9, 9, 9, 9, 0, 9, 3, 9);[49.95, 50, 50, 50]
(0, 0.0, 9, 9, 9, 9, 0, 9, 4, 9, 9, 9, 9, 9, 0, 9, 4, 9);[49.95, 49.950286987258906, 49.95000001377945, 50]
(0, 1.0, 9, 9, 9, 9, 0, 9, 4, 9, 9, 9, 9, 9, 0, 9, 4, 9);[49.95, 49.95079907194491, 49.95023881481106, 50]
(1, 0.0, 9, 9, 9, 9, 0, 9, 4, 9, 9, 9, 9, 9, 0, 9, 4, 9);[49.95084956987072, 49.95081746517312, 50, 50]
(1, 1.0, 9, 9, 9, 9, 0, 9, 4, 9, 9, 9, 9, 9, 0, 9, 4, 9);[49.950852879952166, 50, 50, 50]
(2, 0.0, 9, 9, 9, 9, 0, 9, 2, 9, 9, 9, 9, 9, 0, 9, 0, 9);[49.95102318548282, 50, 50, 50]
(2, 1.0, 9, 9, 9, 9, 0, 9, 1, 9, 9, 9, 9, 9, 0, 9, 0, 9);[49.95006470512908, 50, 50, 50]
(0, 0.0, 9, 9, 9, 9, 0, 9, 1, 9, 9, 9, 9, 9, 0, 9, 0, 9);[49.95087079757828, 50, 50, 50]
(0, 0.0, 9, 9, 9, 9, 0, 9, 1, 9, 9, 9, 9, 9, 0, 9, 1, 9);[49.95083391935867, 49.95, 49.95, 50]
(0, 1.0, 9, 9, 9, 9, 0, 9, 1, 9, 9, 9, 9, 9, 0, 9, 1, 9);[49.950861329098956, 49.950874616532516, 49.906829878064876, 49.95054298410435]
(1, 0.0, 9, 9, 9, 9, 0, 9, 1, 9, 9, 9, 9, 9, 0, 9, 1, 9);[49.95016375243235, 49.95000005870083, 50, 50]
(1, 1.0, 9, 9, 9, 9, 0, 9, 1, 9, 9, 9, 9, 9, 0, 9, 1, 9);[49.95, 50, 50, 50]
(2, 0.0, 9, 9, 9, 9, 0, 9, 1, 9, 9, 9, 9, 9, 0, 9, 0, 9);[49.953503071994646, 49.95, 50, 50]
(2, 0.0, 9, 9, 9, 9, 2, 9, 0, 9, 9, 9, 9, 9, 0, 9, 0, 9);[49.953994507722996, 50, 50, 50]
(2, 1.0, 9, 9, 9, 9, 2, 9, 0, 9, 9, 9, 9, 9, 0, 9, 0, 9);[49.9551582042736, 50, 50, 50]
(0, 0.0, 9, 9, 9, 9, 3, 9, 0, 9, 9, 9, 9, 9, 0, 9, 0, 9);[49.95468443606581, 49.95263146511723, 50, 50]
(0, 0.0, 9, 9, 9, 9, 2, 9, 0, 9, 9, 9, 9, 9, 0, 9, 0, 9);[49.95298321690137, 50, 50, 50]
(0, 1.0, 9, 9, 9, 9, 2, 9, 0, 9, 9, 9, 9, 9, 0, 9, 0, 9);[49.95286259820241, 49.952475112456156, 50, 50]
(0, 1.0, 9, 9, 9, 9, 1, 9, 0, 9, 9, 9, 9, 9, 0, 9, 0, 9);[49.95410371740917, 49.95252769680891, 50, 50]
(1, 0.0, 9, 9, 9, 9, 3, 9, 0, 9, 9, 9, 9, 9, 0, 9, 0, 9);[49.952479126814005, 50, 50, 50]
(1, 0.0, 9, 9, 9, 9, 3, 9, 0, 9, 9, 9, 9, 9, 1, 9, 0, 9);[49.95353957360015, 50, 50, 50]
(1, 1.0, 9, 9, 9, 9, 4, 9, 0, 9, 9, 9, 9, 9, 1, 9, 0, 9);[49.953363112404595, 50, 50, 50]
(0, 0.0, 9, 9, 9, 9, 5, 9, 0, 9, 9, 9, 9, 9, 0, 9, 0, 9);[49.951390740407184, 50, 50, 50]
(0, 1.0, 9, 9, 9, 9, 2, 9, 1, 9, 9, 9, 9, 9, 0, 9, 0, 9);[49.95339588962201, 50, 50, 50]
(0, 1.0, 9, 9, 9, 9, 1, 9, 1, 9, 9, 9, 9, 9, 0, 9, 0, 9);[49.95079128502724, 50, 50, 50]
(0, 1.0, 9, 9, 9, 9, 0, 9, 1, 9, 9, 9, 9, 9, 0, 9, 0, 9);[49.95, 50, 50, 50]
(3, 0.0, 9, 9, 9, 9, 0, 9, 1, 9, 9, 9, 9, 8, 0, 9, 1, 8);[49.9517960859935, 50, 50, 50]
(3, 0.0, 9, 9, 9, 8, 0, 9, 1, 8, 9, 9, 9, 5, 0, 9, 1, 5);[49.953672004560055, 50, 50, 50]
(3, 1.0, 9, 9, 9, 6, 0, 9, 1, 8, 9, 9, 9, 3, 0, 9, 1, 4);[49.95588606693154, 50, 50, 50]
(0, 0.0, 9, 9, 9, 6, 1, 9, 1, 8, 9, 9, 9, 1, 0, 9, 1, 2);[49.95548763157749, 50, 50, 50]
(0, 0.0, 9, 9, 9, 6, 1, 9, 1, 8, 9, 9, 9, 2, 0, 9, 1, 4);[49.954134327243345, 50, 50, 50]
(0, 1.0, 9, 9, 9, 7, 0, 9, 1, 8, 9, 9, 9, 4, 0, 9, 1, 6);[49.951570038188535, 50, 50, 50]
(0, 1.0, 9, 9, 9, 8, 0, 9, 1, 8, 9, 9, 9, 5, 0, 9, 1, 8);[49.950136743767615, 50, 50, 50]
(0, 1.0, 9, 9, 9, 9, 0, 9, 1, 8, 9, 9, 9, 7, 0, 9, 1, 8);[49.950207330459435, 50, 50, 50]
(0, 1.0, 9, 9, 9, 9, 0, 9, 1, 9, 9, 9, 9, 8, 0, 9, 1, 8);[49.945226329442676, 50, 50, 50]
(2, 0.0, 9, 9, 9, 9, 0, 9, 0, 9, 9, 9, 9, 9, 0, 9, 0, 9);[49.95182696089925, 50, 50, 50]
(2, 1.0, 9, 9, 9, 9, 1, 9, 0, 9, 9, 9, 9, 9, 0, 9, 0, 9);[49.95246451008258, 50, 50, 50]
(0, 0.0, 9, 9, 9, 9, 1, 9, 0, 9, 9, 9, 9, 9, 0, 9, 0, 9);[49.9524806861505, 49.950136399823265, 50, 50]
(0, 1.0, 9, 9, 9, 9, 0, 9, 0, 9, 9, 9, 9, 9, 0, 9, 0, 9);[49.950000133643385, 49.95, 50, 50]
(1, 0.0, 9, 9, 9, 9, 0, 9, 0, 9, 9, 9, 9, 9, 0, 9, 0, 9);[49.950787869735194, 49.950889190757145, 50, 50]
(1, 1.0, 9, 9, 9, 9, 0, 9, 0, 9, 9, 9, 9, 9, 0, 9, 0, 9);[49.9501162669999, 50, 50, 50]
(0, 0.0, 9, 9, 9, 9, 0, 9, 0, 9, 9, 9, 9, 9, 0, 9, 0, 9);[49.950000009584905, 49.95223706456476, 50, 50]
(1, 0.0, 9, 9, 9, 9, 1, 9, 0, 9, 9, 9, 9, 9, 0, 9, 0, 9);[49.95035735028696, 49.95082580418488, 50, 50]
(1, 1.0, 9, 9, 9, 9, 1, 9, 1, 9, 9, 9, 9, 9, 1, 9, 0, 9);[49.950408812598745, 50, 50, 50]
(0, 0.0, 9, 9, 9, 9, 1, 9, 1, 9, 9, 9, 9, 9, 1, 9, 0, 9);[49.95, 50, 50, 50]
(0, 0.0, 9, 9, 9, 9, 1, 9, 1, 9, 9, 9, 9, 9, 1, 9, 1, 9);[49.95, 50, 50, 50]
(0, 1.0, 9, 9, 9, 9, 1, 9, 1, 9, 9, 9, 9, 9, 1, 9, 1, 9);[49.95, 49.95, 50, 50]
(1, 0.0, 9, 9, 9, 9, 1, 9, 1, 9, 9, 9, 9, 9, 1, 9, 1, 9);[49.95136365432038, 50, 50, 50]
(1, 0.0, 9, 9, 9, 9, 2, 9, 1, 9, 9, 9, 9, 9, 1, 9, 1, 9);[49.95203810326098, 50, 50, 50]
(1, 1.0, 9, 9, 9, 9, 3, 9, 1, 9, 9, 9, 9, 9, 1, 9, 1, 9);[49.950838024656576, 50, 50, 50]
(0, 0.0, 9, 9, 9, 9, 3, 9, 1, 9, 9, 9, 9, 9, 1, 9, 1, 9);[49.950793118041005, 50, 50, 50]
(0, 0.0, 9, 9, 9, 9, 3, 9, 1, 9, 9, 9, 9, 9, 3, 9, 1, 9);[49.95038796634727, 49.951986833161456, 50, 50]
(0, 1.0, 9, 9, 9, 9, 3, 9, 1, 9, 9, 9, 9, 9, 3, 9, 1, 9);[49.95000063672268, 49.95, 50, 50]
(1, 0.0, 9, 9, 9, 9, 3, 9, 1, 9, 9, 9, 9, 9, 3, 9, 1, 9);[49.95, 49.95, 50, 50]
(1, 1.0, 9, 9, 9, 9, 3, 9, 1, 9, 9, 9, 9, 9, 3, 9, 1, 9);[49.95, 50, 50, 50]
(0, 0.0, 9, 9, 9, 9, 4, 9, 1, 9, 9, 9, 9, 9, 3, 9, 1, 9);[49.95349637352066, 50, 50, 50]
(0, 1.0, 9, 9, 9, 9, 6, 9, 1, 9, 9, 9, 9, 9, 3, 9, 1, 9);[49.950642445775166, 50, 50, 50]
(0, 1.0, 9, 9, 9, 9, 6, 9, 1, 9, 9, 9, 9, 9, 4, 9, 1, 9);[49.95076362297002, 50, 50, 50]
(0, 1.0, 9, 9, 9, 9, 6, 9, 2, 9, 9, 9, 9, 9, 5, 9, 1, 9);[49.95128212160567, 50, 50, 50]
(0, 1.0, 9, 9, 9, 9, 6, 9, 2, 9, 9, 9, 9, 9, 6, 9, 1, 9);[49.95069520222154, 50, 50, 50]
(0, 1.0, 9, 9, 9, 9, 6, 9, 2, 9, 9, 9, 9, 9, 6, 9, 2, 9);[49.950000057164715, 49.95, 50, 50]
(1, 0.0, 9, 9, 9, 9, 6, 9, 2, 9, 9, 9, 9, 9, 6, 9, 2, 9);[49.95194089055346, 50, 50, 50]
(1, 0.0, 9, 9, 9, 9, 7, 9, 2, 9, 9, 9, 9, 9, 6, 9, 2, 9);[49.950287947983014, 50, 50, 50]
(1, 1.0, 9, 9, 9, 9, 7, 9, 2, 9, 9, 9, 9, 9, 6, 9, 2, 9);[49.95000033496655, 50, 50, 50]
(0, 0.0, 9, 9, 9, 9, 7, 9, 2, 9, 9, 9, 9, 9, 7, 9, 2, 9);[49.9507253171171, 50, 50, 50]
(0, 0.0, 9, 9, 9, 9, 7, 9, 3, 9, 9, 9, 9, 9, 7, 9, 2, 9);[49.95011455113461, 50, 50, 50]
(0, 1.0, 9, 9, 9, 9, 7, 9, 3, 9, 9, 9, 9, 9, 7, 9, 2, 9);[49.950000005373916, 50, 50, 50]
(0, 1.0, 9, 9, 9, 9, 7, 9, 3, 9, 9, 9, 9, 9, 7, 9, 3, 9);[49.95, 49.95131217955987, 50, 50]
(1, 0.0, 9, 9, 9, 9, 8, 9, 3, 9, 9, 9, 9, 9, 7, 9, 3, 9);[49.950029143049335, 49.95, 50, 50]
(1, 1.0, 9, 9, 9, 9, 8, 9, 3, 9, 9, 9, 9, 9, 8, 9, 3, 9);[49.95069529109731, 50, 50, 50]
(0, 0.0, 9, 9, 9, 9, 8, 9, 4, 9, 9, 9, 9, 9, 8, 9, 3, 9);[49.95003624811849, 49.950000017186134, 50, 50]
(0, 1.0, 9, 9, 9, 9, 8, 9, 4, 9, 9, 9, 9, 9, 8, 9, 4, 9);[49.95, 49.950585124931585, 50, 50]
(1, 0.0, 9, 9, 9, 9, 8, 9, 4, 9, 9, 9, 9, 9, 8, 9, 4, 9);[49.95003334607398, 50, 50, 50]
(1, 0.0, 9, 9, 9, 9, 9, 9, 4, 9, 9, 9, 9, 9, 8, 9, 4, 9);[49.95000000816614, 50, 50, 50]
(1, 1.0, 9, 9, 9, 9, 9, 9, 4, 9, 9, 9, 9, 9, 9, 9, 4, 9);[49.95071542838928, 49.95, 49.95029050966025, 50]
(0, 0.0, 9, 9, 9, 9, 9, 9, 4, 9, 9, 9, 9, 9, 9, 9, 4, 9);[49.95012237880562, 49.950000004837456, 50, 50]
(0, 1.0, 9, 9, 9, 9, 9, 9, 4, 9, 9, 9, 9, 9, 9, 9, 4, 9);[49.95, 49.95000000580098, 50, 50]
(1, 0.0, 9, 9, 9, 9, 9, 9, 4, 9, 9, 9, 9, 9, 9, 9, 4, 9);[49.95000173020147, 49.95, 50, 50]
(2, 0.0, 9, 9, 9, 9, 9, 9, 4, 9, 9, 9, 9, 9, 9, 9, 2, 9);[49.950951178237744, 50, 50, 50]
(2, 0.0, 9, 9, 9, 9, 9, 9, 2, 9, 9, 9, 9, 9, 9, 9, 0, 9);[49.95076279029601, 50, 50, 50]
(2, 1.0, 9, 9, 9, 9, 9, 9, 1, 9, 9, 9, 9, 9, 9, 9, 0, 9);[49.9500088304317, 50, 50, 50]
(0, 0.0, 9, 9, 9, 9, 9, 9, 1, 9, 9, 9, 9, 9, 9, 9, 0, 9);[49.95, 49.95006146995828, 49.94506371657132, 50]
(0, 0.0, 9, 9, 9, 9, 9, 9, 1, 9, 9, 9, 9, 9, 9, 9, 1, 9);[49.95, 49.95, 49.95, 50]
(0, 1.0, 9, 9, 9, 9, 9, 9, 1, 9, 9, 9, 9, 9, 9, 9, 1, 9);[49.95, 49.95, 49.89536320559736, 49.9056321169726]
(1, 0.0, 9, 9, 9, 9, 9, 9, 1, 9, 9, 9, 9, 9, 9, 9, 1, 9);[49.95, 49.95, 49.95000003121168, 50]
(1, 1.0, 9, 9, 9, 9, 9, 9, 1, 9, 9, 9, 9, 9, 9, 9, 1, 9);[49.95, 49.950000547064505, 49.950275335995464, 49.95020349468544]
(2, 0.0, 9, 9, 9, 9, 9, 9, 0, 9, 9, 9, 9, 9, 9, 9, 0, 9);[49.80526881753063, 49.776885449999995, 49.80527030460061, 49.80029980005]
(2, 1.0, 9, 9, 9, 9, 9, 9, 0, 9, 9, 9, 9, 9, 9, 9, 0, 9);[49.845280624343765, 49.84179306830536, 49.85014995, 49.860407778142395]
(0, 0.0, 9, 9, 9, 9, 9, 9, 0, 9, 9, 9, 9, 9, 9, 9, 0, 9);[49.80029982147471, 49.8010140274689, 49.85014995, 49.8457921401905]
(0, 1.0, 9, 9, 9, 9, 8, 9, 0, 9, 9, 9, 9, 9, 7, 9, 0, 9);[49.95119813566436, 50, 50, 50]
(0, 1.0, 9, 9, 9, 9, 7, 9, 0, 9, 9, 9, 9, 9, 5, 9, 0, 9);[49.95193852306912, 50, 50, 50]
(0, 1.0, 9, 9, 9, 9, 6, 9, 0, 9, 9, 9, 9, 9, 2, 9, 0, 9);[49.95351094962869, 50, 50, 50]
(0, 1.0, 9, 9, 9, 9, 5, 9, 0, 9, 9, 9, 9, 9, 0, 9, 0, 9);[49.95447515414173, 50, 50, 50]
(0, 1.0, 9, 9, 9, 9, 3, 9, 0, 9, 9, 9, 9, 9, 0, 9, 0, 9);[49.9547801577092, 49.954538937076585, 50, 50]
(1, 0.0, 9, 9, 9, 9, 4, 9, 0, 9, 9, 9, 9, 9, 0, 9, 0, 9);[49.95280117202601, 50, 50, 50]
(1, 0.0, 9, 9, 9, 9, 5, 9, 0, 9, 9, 9, 9, 9, 1, 9, 0, 9);[49.951608493341745, 50, 50, 50]
(1, 1.0, 9, 9, 9, 9, 6, 9, 0, 9, 9, 9, 9, 9, 3, 9, 0, 9);[49.95186905514328, 50, 50, 50]
(0, 0.0, 9, 9, 9, 9, 7, 9, 0, 9, 9, 9, 9, 9, 3, 9, 0, 9);[50, 49.952417041747225, 50, 50]
(0, 0.0, 9, 9, 9, 9, 7, 9, 0, 9, 9, 9, 9, 9, 2, 9, 0, 9);[49.95187984839157, 50, 50, 50]
(0, 1.0, 9, 9, 9, 9, 7, 9, 0, 9, 9, 9, 9, 9, 1, 9, 0, 9);[49.95147670837628, 49.951276239733794, 50, 50]
(1, 0.0, 9, 9, 9, 9, 7, 9, 0, 9, 9, 9, 9, 9, 2, 9, 0, 9);[49.951202587264554, 50, 50, 50]
(1, 0.0, 9, 9, 9, 9, 7, 9, 0, 9, 9, 9, 9, 9, 3, 9, 0, 9);[49.95067970254404, 50, 50, 50]
(1, 1.0, 9, 9, 9, 9, 8, 9, 0, 9, 9, 9, 9, 9, 4, 9, 0, 9);[49.95035546217258, 50, 50, 50]
(0, 0.0, 9, 9, 9, 9, 9, 9, 0, 9, 9, 9, 9, 9, 6, 9, 0, 9);[49.95003963206896, 50, 50, 50]
(0, 0.0, 9, 9, 9, 9, 9, 9, 0, 9, 9, 9, 9, 9, 7, 9, 0, 9);[49.950002171819555, 50, 50, 50]
(0, 1.0, 9, 9, 9, 9, 9, 9, 0, 9, 9, 9, 9, 9, 9, 9, 0, 9);[49.800299833100546, 49.80123296252108, 49.80029980488791, 49.811517788829896]
(1, 0.0, 9, 9, 9, 9, 9, 9, 0, 9, 9, 9, 9, 9, 9, 9, 0, 9);[49.80971180751139, 49.8052959563251, 49.805239905, 49.81567651153584]
(1, 1.0, 9, 9, 9, 9, 9, 9, 0, 9, 9, 9, 9, 9, 9, 9, 0, 9);[49.895104950000004, 49.90005, 49.886199405, 49.85162503880583]
(3, 0.0, 9, 9, 9, 9, 9, 9, 0, 9, 9, 9, 9, 8, 9, 9, 0, 9);[49.90232348166387, 49.863084518142074, 49.902122948701994, 49.86708464653772]
(3, 0.0, 9, 9, 9, 8, 9, 9, 0, 9, 9, 9, 9, 5, 9, 9, 0, 9);[49.90343091223614, 49.90354808242165, 49.95171669228875, 49.90808910752307]
(3, 1.0, 9, 9, 9, 6, 9, 9, 0, 9, 9, 9, 9, 2, 9, 9, 0, 9);[49.952131042535285, 49.952115341942225, 50, 50]
(0, 0.0, 9, 9, 9, 6, 9, 9, 0, 9, 9, 9, 9, 1, 9, 9, 0, 9);[49.95212069155295, 49.952057303858076, 49.953445341102565, 49.95200917664688]
(0, 0.0, 9, 9, 9, 7, 9, 9, 0, 9, 9, 9, 9, 2, 9, 9, 0, 9);[49.951592830328494, 49.95123997433298, 50, 50]
(0, 1.0, 9, 9, 9, 8, 9, 9, 0, 9, 9, 9, 9, 4, 9, 9, 0, 9);[49.95075997321815, 50, 50, 50]
(0, 1.0, 9, 9, 9, 9, 9, 9, 0, 9, 9, 9, 9, 5, 9, 9, 0, 9);[49.95010648521753, 50, 50, 50]
(0, 1.0, 9, 9, 9, 9, 9, 9, 0, 9, 9, 9, 9, 7, 9, 9, 0, 9);[49.95000690668559, 49.94506914123179, 50, 50]
(3, 0.0, 9, 9, 9, 7, 9, 9, 1, 9, 9, 9, 9, 5, 9, 9, 0, 9);[49.95388793221771, 50, 50, 50]
(3, 1.0, 9, 9, 9, 6, 9, 9, 1, 9, 9, 9, 9, 3, 9, 9, 0, 9);[49.953070780164765, 50, 50, 50]
(0, 0.0, 9, 9, 9, 6, 9, 9, 1, 9, 9, 9, 9, 1, 9, 9, 0, 9);[49.95214499038489, 50, 50, 50]
(0, 0.0, 9, 9, 9, 7, 9, 9, 1, 9, 9, 9, 9, 2, 9, 9, 1, 9);[49.95107668959686, 49.9511852530571, 50, 50]
(0, 1.0, 9, 9, 9, 7, 9, 9, 1, 9, 9, 9, 9, 3, 9, 9, 1, 9);[49.95079717849532, 49.950570691140975, 49.95075504702361, 50]
(0, 1.0, 9, 9, 9, 8, 9, 9, 1, 9, 9, 9, 9, 6, 9, 9, 1, 9);[49.95007362462803, 50, 50, 50]
(0, 1.0, 9, 9, 9, 9, 9, 9, 1, 9, 9, 9, 9, 7, 9, 9, 1, 9);[49.95001131241009, 49.950022862326, 50, 50]
(3, 0.0, 9, 9, 9, 9, 9, 9, 1, 9, 9, 9, 9, 8, 9, 9, 1, 9);[49.95056786331072, 49.950894933560555, 49.950842834094765, 50]
(3, 0.0, 9, 9, 9, 7, 9, 9, 1, 9, 9, 9, 9, 5, 9, 9, 1, 9);[49.95170988281194, 49.95160304054669, 50, 50]
(3, 1.0, 9, 9, 9, 6, 9, 9, 1, 9, 9, 9, 9, 3, 9, 9, 1, 9);[49.95200209612496, 49.952111607077605, 50, 50]
(0, 0.0, 9, 9, 9, 6, 9, 9, 1, 9, 9, 9, 9, 1, 9, 9, 1, 9);[49.9519430499113, 49.95124364679588, 49.95177851353325, 50]
(1, 0.0, 9, 9, 9, 8, 9, 9, 1, 9, 9, 9, 9, 6, 9, 9, 1, 9);[49.95016292509022, 50, 50, 50]
(1, 0.0, 9, 9, 9, 9, 9, 9, 1, 9, 9, 9, 9, 8, 9, 9, 1, 9);[49.95001408952929, 49.95000206012932, 50, 50]
(2, 0.0, 9, 9, 9, 9, 9, 9, 1, 9, 9, 9, 9, 9, 9, 9, 0, 9);[49.94505, 50, 50, 50]
(3, 1.0, 9, 9, 9, 6, 9, 9, 0, 9, 9, 9, 9, 3, 9, 9, 0, 9);[49.95198880137616, 49.90950837082548, 49.90878642410267, 49.909957647769275]
(0, 1.0, 9, 9, 9, 7, 9, 9, 0, 9, 9, 9, 9, 3, 9, 9, 0, 9);[49.95057076087361, 49.950782515806175, 50, 50]
(0, 1.0, 9, 9, 9, 9, 9, 9, 0, 9, 9, 9, 9, 6, 9, 9, 0, 9);[49.95012372870752, 50, 50, 50]
(1, 0.0, 9, 9, 9, 6, 9, 9, 0, 9, 9, 9, 9, 1, 9, 9, 0, 9);[49.95170597199606, 49.95171239188171, 49.951966591831436, 50]
(1, 0.0, 9, 9, 9, 7, 9, 9, 0, 9, 9, 9, 9, 2, 9, 9, 0, 9);[49.95113060792076, 49.951118620326106, 50, 50]
(1, 1.0, 9, 9, 9, 7, 9, 9, 0, 9, 9, 9, 9, 3, 9, 9, 0, 9);[49.950583825584, 49.950898568052665, 49.9507342798491, 50]
(0, 0.0, 9, 9, 9, 8, 9, 9, 0, 9, 9, 9, 9, 5, 9, 9, 0, 9);[49.950099780774046, 49.95016537962299, 50, 50]
(0, 0.0, 9, 9, 9, 9, 9, 9, 0, 9, 9, 9, 9, 7, 9, 9, 0, 9);[49.94509302609273, 49.95002916175325, 50, 50]
(3, 1.0, 9, 9, 9, 7, 9, 9, 0, 9, 9, 9, 9, 2, 9, 9, 0, 9);[49.951960615377985, 50, 50, 50]
(0, 0.0, 9, 9, 9, 6, 9, 9, 1, 9, 9, 9, 9, 2, 9, 9, 0, 9);[49.95287083376002, 50, 50, 50]
(0, 1.0, 9, 9, 9, 7, 9, 9, 1, 9, 9, 9, 9, 3, 9, 9, 0, 9);[49.95083784579581, 50, 50, 50]
(0, 1.0, 9, 9, 9, 8, 9, 9, 1, 9, 9, 9, 9, 4, 9, 9, 0, 9);[49.95012499266576, 50, 50, 50]
(3, 0.0, 9, 9, 9, 8, 9, 9, 1, 9, 9, 9, 9, 6, 9, 9, 1, 9);[49.951580083321076, 50, 50, 50]
(1, 0.0, 9, 9, 9, 6, 9, 9, 1, 9, 9, 9, 9, 1, 9, 9, 1, 9);[49.95179219854576, 50, 50, 50]
(1, 0.0, 9, 9, 9, 7, 9, 9, 1, 9, 9, 9, 9, 2, 9, 9, 1, 9);[49.95137145554967, 50, 50, 50]
(1, 1.0, 9, 9, 9, 7, 9, 9, 1, 9, 9, 9, 9, 3, 9, 9, 1, 9);[49.95091946312737, 50, 50, 50]
(0, 0.0, 9, 9, 9, 8, 9, 9, 1, 9, 9, 9, 9, 5, 9, 9, 1, 9);[49.950101985789615, 50, 50, 50]
(0, 0.0, 9, 9, 9, 9, 9, 9, 1, 9, 9, 9, 9, 7, 9, 9, 1, 9);[49.95003061166145, 50, 50, 50]
(0, 1.0, 9, 9, 9, 9, 9, 9, 1, 9, 9, 9, 9, 8, 9, 9, 1, 9);[49.945073970557, 50, 50, 50]
(3, 1.0, 9, 9, 9, 6, 9, 9, 1, 9, 9, 9, 9, 2, 9, 9, 1, 9);[49.95187681873687, 50, 50, 50]
(2, 0.0, 9, 9, 9, 9, 9, 9, 0, 9, 9, 9, 9, 5, 9, 9, 0, 9);[49.950090097951154, 50, 50, 50]
(2, 0.0, 9, 9, 9, 9, 9, 9, 0, 9, 9, 9, 9, 7, 9, 9, 0, 9);[49.95001608038919, 50, 50, 50]
(2, 1.0, 9, 9, 9, 9, 9, 9, 0, 9, 9, 9, 9, 8, 9, 9, 0, 9);[49.945121803834375, 50, 50, 50]
(1, 1.0, 9, 9, 9, 9, 9, 9, 1, 9, 9, 9, 9, 9, 9, 9, 0, 9);[49.95136193673191, 50, 50, 50]
(3, 0.0, 9, 9, 9, 8, 9, 9, 0, 9, 9, 9, 9, 6, 9, 9, 0, 9);[49.951439051495285, 50, 50, 50]
(2, 0.0, 9, 9, 9, 6, 9, 9, 0, 9, 9, 9, 9, 1, 9, 9, 0, 9);[49.951900339077625, 49.95210227895079, 50, 50]
(2, 0.0, 9, 9, 9, 7, 9, 9, 0, 9, 9, 9, 9, 2, 9, 9, 0, 9);[49.95126390163535, 49.95137133586415, 50, 50]
(2, 1.0, 9, 9, 9, 7, 9, 9, 0, 9, 9, 9, 9, 3, 9, 9, 0, 9);[49.950775318991624, 50, 50, 50]
(0, 1.0, 9, 9, 9, 9, 9, 9, 0, 9, 9, 9, 9, 8, 9, 9, 0, 9);[49.940168724812246, 50, 50, 50]
(3, 1.0, 9, 9, 9, 5, 9, 9, 0, 9, 9, 9, 9, 1, 9, 9, 0, 9);[49.953441364695976, 49.95309243700462, 50, 50]
(0, 0.0, 9, 9, 9, 4, 9, 9, 0, 9, 9, 9, 9, 0, 9, 9, 0, 9);[49.95255592596494, 49.951994282947055, 50, 50]
(1, 0.0, 9, 9, 9, 8, 9, 9, 0, 9, 9, 9, 9, 4, 9, 9, 0, 9);[49.95025772167425, 50, 50, 50]
(1, 0.0, 9, 9, 9, 9, 9, 9, 0, 9, 9, 9, 9, 7, 9, 9, 0, 9);[49.950020560124294, 50, 50, 50]
(1, 1.0, 9, 9, 9, 9, 9, 9, 0, 9, 9, 9, 9, 8, 9, 9, 0, 9);[49.94017724448271, 50, 50, 50]
(1, 0.0, 9, 9, 9, 5, 9, 9, 0, 9, 9, 9, 9, 0, 9, 9, 0, 9);[49.9523814501509, 50, 50, 50]
(1, 1.0, 9, 9, 9, 8, 9, 9, 0, 9, 9, 9, 9, 4, 9, 9, 0, 9);[49.95036476195683, 50, 50, 50]
(0, 0.0, 9, 9, 9, 9, 9, 9, 0, 9, 9, 9, 9, 6, 9, 9, 0, 9);[49.950041042043, 50, 50, 50]
(0, 0.0, 9, 9, 9, 9, 9, 9, 0, 9, 9, 9, 9, 8, 9, 9, 0, 9);[49.94010663775364, 49.9351648935612, 50, 50]
(2, 0.0, 9, 9, 9, 8, 9, 9, 0, 9, 9, 9, 9, 5, 9, 9, 0, 9);[49.950024565329045, 50, 50, 50]
(2, 0.0, 9, 9, 9, 8, 9, 9, 0, 9, 9, 9, 9, 7, 9, 9, 0, 9);[49.950002159750206, 50, 50, 50]
(2, 1.0, 9, 9, 9, 8, 9, 9, 0, 9, 9, 9, 9, 8, 9, 9, 0, 9);[49.95000005052191, 49.95, 49.95, 49.95020958185365]
(0, 0.0, 9, 9, 9, 8, 9, 9, 0, 9, 9, 9, 9, 8, 9, 9, 0, 9);[49.95000478879446, 49.95, 49.950012382214624, 49.95]
(0, 1.0, 9, 9, 9, 8, 9, 9, 0, 9, 9, 9, 9, 8, 9, 9, 0, 9);[49.95, 49.95, 49.95, 49.95029612297424]
(1, 0.0, 9, 9, 9, 8, 9, 9, 0, 9, 9, 9, 9, 8, 9, 9, 0, 9);[49.95, 49.95, 49.95, 49.95009192367468]
(1, 1.0, 9, 9, 9, 8, 9, 9, 0, 9, 9, 9, 9, 8, 9, 9, 0, 9);[49.95, 49.95, 49.95, 50]
(3, 0.0, 9, 9, 9, 7, 9, 9, 0, 9, 9, 9, 9, 5, 9, 9, 0, 9);[49.9470961859033, 50, 50, 50]
(2, 1.0, 9, 9, 9, 7, 9, 9, 0, 9, 9, 9, 9, 4, 9, 9, 0, 9);[49.950162207389276, 50, 50, 50]
(0, 0.0, 9, 9, 9, 7, 9, 9, 0, 9, 9, 9, 9, 5, 9, 9, 0, 9);[49.95001346747345, 50, 50, 50]
(0, 0.0, 9, 9, 9, 7, 9, 9, 0, 9, 9, 9, 9, 7, 9, 9, 0, 9);[49.95000042458677, 49.95, 49.95, 50]
(0, 1.0, 9, 9, 9, 7, 9, 9, 0, 9, 9, 9, 9, 7, 9, 9, 0, 9);[49.95004382485531, 49.950095323846625, 50, 50]
(0, 1.0, 9, 9, 9, 8, 9, 9, 0, 9, 9, 9, 9, 7, 9, 9, 0, 9);[49.95, 50, 50, 50]
(2, 0.0, 9, 9, 9, 8, 9, 9, 0, 9, 9, 9, 9, 8, 9, 9, 0, 9);[49.95, 49.95, 49.95, 49.95]
(3, 0.0, 9, 9, 9, 8, 9, 9, 0, 9, 9, 9, 9, 7, 9, 9, 0, 9);[49.951028700307816, 50, 50, 50]
(3, 0.0, 9, 9, 9, 7, 9, 9, 0, 9, 9, 9, 9, 4, 9, 9, 0, 9);[49.95150194825592, 50, 50, 50]
(1, 0.0, 9, 9, 9, 6, 9, 9, 0, 9, 9, 9, 9, 0, 9, 9, 0, 9);[49.95209419092478, 50, 50, 50]
(1, 0.0, 9, 9, 9, 6, 9, 9, 0, 9, 9, 9, 9, 2, 9, 9, 0, 9);[49.95037336911063, 50, 50, 50]
(1, 1.0, 9, 9, 9, 6, 9, 9, 0, 9, 9, 9, 9, 3, 9, 9, 0, 9);[49.950018493674804, 50, 50, 50]
(0, 0.0, 9, 9, 9, 6, 9, 9, 0, 9, 9, 9, 9, 5, 9, 9, 0, 9);[49.95000007386074, 49.95003006285051, 49.95, 49.94513055475435]
(0, 0.0, 9, 9, 9, 6, 9, 9, 0, 9, 9, 9, 9, 6, 9, 9, 0, 9);[49.950786544488054, 49.95, 49.90080707344665, 49.90588019046945]
(0, 1.0, 9, 9, 9, 6, 9, 9, 0, 9, 9, 9, 9, 6, 9, 9, 0, 9);[49.950020549219786, 49.95, 49.95, 49.90540001417295]
(1, 0.0, 9, 9, 9, 6, 9, 9, 0, 9, 9, 9, 9, 6, 9, 9, 0, 9);[49.95, 49.95, 50, 50]
(1, 1.0, 9, 9, 9, 6, 9, 9, 0, 9, 9, 9, 9, 6, 9, 9, 0, 9);[49.95, 50, 50, 50]
(0, 1.0, 9, 9, 9, 7, 9, 9, 0, 9, 9, 9, 9, 6, 9, 9, 0, 9);[49.95001864656544, 49.95000010188964, 50, 50]
(1, 0.0, 9, 9, 9, 7, 9, 9, 0, 9, 9, 9, 9, 7, 9, 9, 0, 9);[49.95, 49.95, 49.950000015365816, 49.95]
(1, 1.0, 9, 9, 9, 7, 9, 9, 0, 9, 9, 9, 9, 7, 9, 9, 0, 9);[49.95, 49.95, 49.95, 50]
(2, 0.0, 9, 9, 9, 7, 9, 9, 0, 9, 9, 9, 9, 7, 9, 9, 0, 9);[49.95, 49.95, 50, 50]
(2, 1.0, 9, 9, 9, 7, 9, 9, 0, 9, 9, 9, 9, 7, 9, 9, 0, 9);[49.95024590180337, 50, 50, 50]
(0, 0.0, 9, 9, 9, 8, 9, 9, 0, 9, 9, 9, 9, 7, 9, 9, 0, 9);[49.9500000850934, 50, 50, 50]
(3, 0.0, 9, 9, 9, 7, 9, 9, 0, 9, 9, 9, 9, 6, 9, 9, 0, 9);[49.95111022797283, 50, 50, 50]
(3, 0.0, 9, 9, 9, 6, 9, 9, 0, 9, 9, 9, 9, 3, 9, 9, 0, 9);[49.951800534295074, 50, 50, 50]
(3, 1.0, 9, 9, 9, 4, 9, 9, 0, 9, 9, 9, 9, 1, 9, 9, 0, 9);[49.95200718491144, 50, 50, 50]
(0, 0.0, 9, 9, 9, 5, 9, 9, 0, 9, 9, 9, 9, 1, 9, 9, 0, 9);[49.95021539093043, 50, 50, 50]
(0, 1.0, 9, 9, 9, 5, 9, 9, 0, 9, 9, 9, 9, 3, 9, 9, 0, 9);[49.95000530184136, 50, 50, 50]
(0, 1.0, 9, 9, 9, 5, 9, 9, 0, 9, 9, 9, 9, 5, 9, 9, 0, 9);[49.95000020790013, 49.95000000946526, 49.95, 50]
(1, 0.0, 9, 9, 9, 5, 9, 9, 0, 9, 9, 9, 9, 5, 9, 9, 0, 9);[49.9500000075321, 49.950000006827324, 50, 50]
(1, 1.0, 9, 9, 9, 5, 9, 9, 0, 9, 9, 9, 9, 5, 9, 9, 0, 9);[49.950818912211254, 50, 50, 50]
(2, 0.0, 9, 9, 9, 6, 9, 9, 0, 9, 9, 9, 9, 6, 9, 9, 0, 9);[49.95, 49.95, 50, 50]
(2, 1.0, 9, 9, 9, 6, 9, 9, 0, 9, 9, 9, 9, 6, 9, 9, 0, 9);[49.95, 50, 50, 50]
(3, 0.0, 9, 9, 9, 6, 9, 9, 0, 9, 9, 9, 9, 4, 9, 9, 0, 9);[49.95107911935244, 50, 50, 50]
(3, 0.0, 9, 9, 9, 4, 9, 9, 0, 9, 9, 9, 9, 2, 9, 9, 0, 9);[49.95152583698858, 50, 50, 50]
(3, 1.0, 9, 9, 9, 3, 9, 9, 0, 9, 9, 9, 9, 0, 9, 9, 0, 9);[49.95156233882801, 50, 50, 50]
(0, 0.0, 9, 9, 9, 3, 9, 9, 0, 9, 9, 9, 9, 0, 9, 9, 0, 9);[49.95007501816875, 50, 50, 50]
(0, 0.0, 9, 9, 9, 3, 9, 9, 0, 9, 9, 9, 9, 2, 9, 9, 0, 9);[49.95000059567659, 49.9500537791039, 49.950000020943435, 50]
(0, 1.0, 9, 9, 9, 3, 9, 9, 0, 9, 9, 9, 9, 3, 9, 9, 0, 9);[49.90084275739303, 49.95009189831759, 49.90572580464074, 49.905418079212744]
(1, 0.0, 9, 9, 9, 3, 9, 9, 0, 9, 9, 9, 9, 3, 9, 9, 0, 9);[49.95000009226071, 49.95, 50, 50]
(1, 1.0, 9, 9, 9, 3, 9, 9, 0, 9, 9, 9, 9, 3, 9, 9, 0, 9);[49.95, 50, 50, 50]
(0, 0.0, 9, 9, 9, 3, 9, 9, 0, 9, 9, 9, 9, 3, 9, 9, 0, 9);[49.95, 49.95, 49.94512983851048, 49.90064510994964]
(2, 0.0, 9, 9, 9, 4, 9, 9, 0, 9, 9, 9, 9, 3, 9, 9, 0, 9);[49.9500480212764, 49.95, 50, 50]
(2, 1.0, 9, 9, 9, 4, 9, 9, 0, 9, 9, 9, 9, 4, 9, 9, 0, 9);[49.95, 50, 50, 50]
(0, 0.0, 9, 9, 9, 4, 9, 9, 0, 9, 9, 9, 9, 4, 9, 9, 0, 9);[49.95, 49.95, 49.95, 49.95]
(0, 1.0, 9, 9, 9, 4, 9, 9, 0, 9, 9, 9, 9, 4, 9, 9, 0, 9);[49.95, 49.950832382058294, 49.95, 50]
(1, 0.0, 9, 9, 9, 4, 9, 9, 0, 9, 9, 9, 9, 4, 9, 9, 0, 9);[49.95015497373355, 49.95000001580223, 50, 50]
(1, 1.0, 9, 9, 9, 4, 9, 9, 0, 9, 9, 9, 9, 4, 9, 9, 0, 9);[49.95, 50, 50, 50]
(2, 0.0, 9, 9, 9, 4, 9, 9, 0, 9, 9, 9, 9, 4, 9, 9, 0, 9);[49.95078522172928, 50, 50, 50]
(2, 0.0, 9, 9, 9, 5, 9, 9, 0, 9, 9, 9, 9, 4, 9, 9, 0, 9);[49.95010130400904, 50, 50, 50]
(2, 1.0, 9, 9, 9, 5, 9, 9, 0, 9, 9, 9, 9, 4, 9, 9, 0, 9);[49.95000010492009, 50, 50, 50]
(0, 0.0, 9, 9, 9, 5, 9, 9, 0, 9, 9, 9, 9, 5, 9, 9, 0, 9);[49.95, 49.95, 50, 50]
(2, 0.0, 9, 9, 9, 5, 9, 9, 0, 9, 9, 9, 9, 5, 9, 9, 0, 9);[49.95, 49.95082644628099, 50, 50]
(2, 1.0, 9, 9, 9, 6, 9, 9, 0, 9, 9, 9, 9, 5, 9, 9, 0, 9);[49.95021652808631, 50, 50, 50]
(3, 0.0, 9, 9, 9, 5, 9, 9, 0, 9, 9, 9, 9, 4, 9, 9, 0, 9);[49.95087658699133, 50, 50, 50]
(3, 0.0, 9, 9, 9, 4, 9, 9, 0, 9, 9, 9, 9, 1, 9, 9, 0, 9);[49.95161358332575, 50, 50, 50]
(3, 1.0, 9, 9, 9, 2, 9, 9, 0, 9, 9, 9, 9, 0, 9, 9, 0, 9);[49.95133535354674, 50, 50, 50]
(0, 0.0, 9, 9, 9, 2, 9, 9, 0, 9, 9, 9, 9, 0, 9, 9, 0, 9);[49.95087411296227, 50, 50, 50]
(0, 1.0, 9, 9, 9, 3, 9, 9, 0, 9, 9, 9, 9, 2, 9, 9, 0, 9);[49.95000006644446, 50, 50, 50]
(3, 0.0, 9, 9, 9, 2, 9, 9, 0, 9, 9, 9, 9, 1, 9, 9, 0, 9);[49.95104802631456, 50, 50, 50]
(3, 0.0, 9, 9, 9, 1, 9, 9, 0, 9, 9, 9, 9, 0, 9, 9, 0, 9);[49.95, 49.95066225404849, 50, 50]
(3, 1.0, 9, 9, 9, 0, 9, 9, 0, 9, 9, 9, 9, 0, 9, 9, 0, 9);[28.56232122639223, 28.574398295779822, 28.55966498909716, 28.584566458618795]
(0, 0.0, 9, 9, 9, 0, 9, 9, 0, 9, 9, 9, 9, 0, 9, 9, 0, 9);[28.4906160451244, 28.481698721464678, 28.493233282928646, 28.477254095745884]
(0, 1.0, 9, 9, 9, 0, 9, 9, 0, 9, 9, 9, 9, 0, 9, 9, 0, 9);[28.58103436283165, 28.56209510369627, 28.547741064582038, 28.568862525143086]
(1, 0.0, 9, 9, 9, 0, 9, 9, 0, 9, 9, 9, 9, 0, 9, 9, 0, 9);[28.477269909383708, 28.493830055916426, 28.488631721466366, 28.482979700702234]
(1, 1.0, 9, 9, 9, 0, 9, 9, 0, 9, 9, 9, 9, 0, 9, 9, 0, 9);[28.549868682301142, 28.581033084304426, 28.57212515447134, 28.556868718954604]
(0, 0.0, 9, 9, 9, 1, 9, 9, 0, 9, 9, 9, 9, 0, 9, 9, 0, 9);[49.9508558328779, 49.9508181881413, 49.95035631991671, 49.94513763796114]
(0, 1.0, 9, 9, 9, 1, 9, 9, 0, 9, 9, 9, 9, 0, 9, 9, 0, 9);[49.95001005914559, 49.95, 49.95000034465649, 50]
(1, 0.0, 9, 9, 9, 1, 9, 9, 0, 9, 9, 9, 9, 1, 9, 9, 0, 9);[49.90005, 49.905, 49.95, 49.95]
(1, 1.0, 9, 9, 9, 1, 9, 9, 0, 9, 9, 9, 9, 1, 9, 9, 0, 9);[49.95, 49.95, 49.95087719298245, 49.95113419360013]
(0, 0.0, 9, 9, 9, 1, 9, 9, 0, 9, 9, 9, 9, 1, 9, 9, 0, 9);[49.95079480336091, 49.95083488184544, 49.905796460176994, 49.9508550663855]
(0, 1.0, 9, 9, 9, 1, 9, 9, 0, 9, 9, 9, 9, 1, 9, 9, 0, 9);[49.95075194993825, 49.95000025493934, 49.9507660768097, 49.95021613099657]
(2, 0.0, 9, 9, 9, 2, 9, 9, 0, 9, 9, 9, 9, 1, 9, 9, 0, 9);[49.95083967520557, 49.95034877423935, 50, 50]
(2, 1.0, 9, 9, 9, 2, 9, 9, 0, 9, 9, 9, 9, 1, 9, 9, 0, 9);[49.95000002448786, 50, 50, 50]
(0, 0.0, 9, 9, 9, 2, 9, 9, 0, 9, 9, 9, 9, 2, 9, 9, 0, 9);[49.905, 49.95, 49.95, 50]
(0, 1.0, 9, 9, 9, 2, 9, 9, 0, 9, 9, 9, 9, 2, 9, 9, 0, 9);[49.95, 49.95, 49.95, 50]
(1, 0.0, 9, 9, 9, 2, 9, 9, 0, 9, 9, 9, 9, 2, 9, 9, 0, 9);[49.95081649629121, 49.950701969262965, 50, 50]
(1, 1.0, 9, 9, 9, 2, 9, 9, 0, 9, 9, 9, 9, 2, 9, 9, 0, 9);[49.95000020516575, 50, 50, 50]
(2, 0.0, 9, 9, 9, 2, 9, 9, 0, 9, 9, 9, 9, 2, 9, 9, 0, 9);[49.95, 49.95084570312037, 50, 50]
(2, 1.0, 9, 9, 9, 3, 9, 9, 0, 9, 9, 9, 9, 2, 9, 9, 0, 9);[49.95018781208222, 50, 50, 50]
(2, 0.0, 9, 9, 9, 3, 9, 9, 0, 9, 9, 9, 9, 3, 9, 9, 0, 9);[49.95, 49.95, 50, 50]
(2, 1.0, 9, 9, 9, 3, 9, 9, 0, 9, 9, 9, 9, 3, 9, 9, 0, 9);[49.95083901191631, 50, 50, 50]
(3, 0.0, 9, 9, 9, 3, 9, 9, 0, 9, 9, 9, 9, 2, 9, 9, 0, 9);[49.951036533602505, 50, 50, 50]
(3, 0.0, 9, 9, 9, 2, 9, 9, 0, 9, 9, 9, 9, 0, 9, 9, 0, 9);[49.951203559283606, 50, 50, 50]
(3, 1.0, 9, 9, 9, 1, 9, 9, 0, 9, 9, 9, 9, 0, 9, 9, 0, 9);[49.95087534513534, 50, 50, 50]
(2, 0.0, 9, 9, 9, 1, 9, 9, 0, 9, 9, 9, 9, 1, 9, 9, 0, 9);[49.95, 49.95, 49.95000615658894, 49.95]
(2, 1.0, 9, 9, 9, 1, 9, 9, 0, 9, 9, 9, 9, 1, 9, 9, 0, 9);[49.95, 49.94505, 50, 50]
(3, 0.0, 9, 9, 9, 0, 9, 9, 0, 9, 9, 9, 9, 0, 9, 9, 0, 9);[28.48898075635994, 28.483389568581945, 28.475589862230535, 28.472837137349792]
(2, 0.0, 9, 9, 9, 0, 9, 9, 0, 9, 9, 9, 9, 0, 9, 9, 0, 9);[28.47796903097943, 28.48608818013866, 28.4941560245001, 28.47609092464126]
(2, 1.0, 9, 9, 9, 0, 9, 9, 0, 9, 9, 9, 9, 0, 9, 9, 0, 9);[28.574382642677996, 28.550161355613344, 28.552452051220122, 28.544355918081095]
(2, 0.0, 9, 9, 9, 1, 9, 9, 0, 9, 9, 9, 9, 0, 9, 9, 0, 9);[49.950815330951556, 50, 50, 50]
(2, 1.0, 9, 9, 9, 1, 9, 9, 0, 9, 9, 9, 9, 0, 9, 9, 0, 9);[49.95003095244969, 50, 50, 50]
