(0, 0.0, 0, 0, 0, 0, 0, 0, 0, 0, 0, 0, 0, 0, 0, 0, 0, 0);[0.010161251739214925, 0.010155653330865582, 0.010160711087054025, 0.010155538920457466]
(0, 0.0, 0, 0, 0, 0, 1, 0, 1, 0, 0, 0, 0, 0, 0, 0, 0, 0);[-0.08917732390745858, -0.08925305020729705, -0.06141984971731788, -0.0958307831486262]
(0, 1.0, 0, 0, 0, 0, 0, 0, 1, 0, 0, 0, 0, 0, 0, 0, 0, 0);[-0.0786184252972199, -0.08695850735075146, -0.028296669717401433, -0.06435343265963084]
(0, 1.0, 0, 0, 0, 0, 0, 0, 1, 0, 0, 0, 0, 0, 0, 0, 1, 0);[-0.03998, -0.0301735192814499, 0.011772438260271328, -0.03334989171489309]
(3, 0.0, 0, 0, 0, 0, 0, 0, 1, 0, 0, 0, 0, 0, 0, 0, 1, 0);[-0.07283422873852052, -0.079685937784039, -0.07049879616530985, -0.08501274656845216]
(3, 1.0, 0, 0, 0, 0, 0, 0, 1, 0, 0, 0, 0, 0, 0, 0, 1, 0);[-0.019999999999999997, 0, 0.08654415047899612, 0]
(0, 0.0, 0, 0, 0, 0, 0, 0, 1, 0, 0, 0, 0, 0, 0, 0, 1, 0);[-0.19409928777884458, -0.1834738634291325, -0.17073753455908802, -0.1834737690194158]
(1, 0.0, 0, 0, 0, 0, 0, 0, 1, 0, 0, 0, 0, 0, 0, 0, 1, 0);[-0.09858601687432839, -0.10745664633043575, -0.09862254959376272, -0.09426881729463088]
(1, 1.0, 0, 0, 0, 0, 0, 0, 1, 0, 0, 0, 0, 0, 0, 0, 1, 0);[-0.02200000000000001, -0.014999999999999998, 0.09097838174029466, -0.016000000000000014]
(3, 0.0, 1, 0, 1, 0, 0, 0, 1, 0, 0, 0, 0, 0, 0, 0, 1, 0);[-0.019999999999999997, 0, 0, 0]
(3, 1.0, 1, 0, 1, 0, 0, 0, 1, 0, 0, 0, 0, 0, 0, 0, 1, 0);[-0.003999999999999982, -0.02200000000000001, 0, 0]
(0, 0.0, 1, 0, 1, 0, 0, 0, 1, 0, 0, 0, 0, 0, 0, 0, 1, 0);[-0.01700000000000004, -0.015000000000000003, 0.015999999999999993, 0]
(0, 0.0, 0, 0, 1, 0, 0, 0, 1, 0, 0, 0, 1, 0, 0, 0, 1, 0);[0.12075705312057011, -0.019999999999999976, -0.020000000000000018, -0.025]
(0, 1.0, 0, 0, 1, 0, 0, 0, 1, 0, 0, 0, 1, 0, 0, 0, 1, 0);[-0.03799999999999999, -0.020000000000000018, 0.6926363811951421, 0]
(1, 0.0, 0, 0, 1, 0, 0, 0, 1, 0, 0, 0, 1, 0, 0, 0, 1, 0);[-0.020000000000000018, -0.019999999999999976, -0.025, 0]
(1, 1.0, 0, 0, 1, 0, 0, 0, 1, 0, 0, 0, 1, 0, 0, 0, 1, 0);[-0.020000000000000018, 0, 0, 0]
(2, 0.0, 0, 0, 0, 0, 0, 0, 0, 0, 0, 0, 0, 0, 0, 0, 0, 0);[0.010186850031268119, 0.00847070933333921, 0.010187180277069371, 0.010192330199376983]
(2, 1.0, 0, 0, 0, 0, 0, 0, 0, 0, 0, 0, 0, 0, 0, 0, 0, 0);[0.010226721004297088, 0.010221728945178112, 0.01022787844095708, 0.010228084518764714]
(0, 1.0, 0, 0, 0, 0, 0, 0, 0, 0, 0, 0, 0, 0, 0, 0, 0, 0);[0.010168397966147246, 0.01016540800926467, 0.007417153828746596, 0.010159380869880897]
(0, 1.0, 0, 0, 1, 0, 0, 0, 0, 0, 0, 0, 0, 0, 0, 0, 0, 0);[0.0488757490375038, -0.01742706488736326, 0.0431037301390315, 0.16755452130759332]
(0, 1.0, 0, 0, 1, 0, 0, 0, 0, 0, 0, 0, 1, 0, 0, 0, 0, 0);[-0.010000000000000002, -0.019989999999999987, 0.21898805196933976, -0.006632770113472679]
(1, 0.0, 0, 0, 1, 0, 0, 0, 0, 0, 0, 0, 1, 0, 0, 0, 0, 0);[-0.056744051523562274, -0.05571858894964022, -0.032665649896507734, -0.05300833352629558]
(1, 1.0, 0, 0, 1, 0, 0, 0, 0, 0, 0, 0, 1, 0, 0, 0, 0, 0);[-0.020225125647026165, -0.009999999999999998, 0.147551000403941, 0.019535006382679073]
(0, 0.0, 0, 0, 1, 0, 0, 0, 0, 0, 0, 0, 1, 0, 0, 0, 0, 0);[0.05037047755792063, -0.029148845486451993, -0.030781046526650126, -0.029422908483723066]
(1, 0.0, 0, 0, 0, 0, 0, 0, 0, 0, 0, 0, 0, 0, 0, 0, 0, 0);[0.010167664831946931, 0.01016313446364687, 0.01016561375076713, 0.010168720405360529]
(1, 1.0, 0, 0, 0, 0, 0, 0, 0, 0, 0, 0, 0, 0, 0, 0, 0, 0);[0.010190170131182693, 0.010196428668918163, 0.010199464166262707, 0.010200385003855816]
(1, 1.0, 0, 0, 0, 0, 1, 0, 1, 0, 0, 0, 0, 0, 0, 0, 0, 0);[-0.23447645188350227, -0.23101424141690227, -0.09253493993055435, -0.2500888907288276]
(0, 0.0, 0, 0, 0, 0, 0, 0, 1, 0, 0, 0, 0, 0, 0, 0, 0, 0);[-0.1686789593928193, -0.12140060499632922, -0.15254245977888933, -0.151216441049527]
(0, 0.0, 1, 0, 0, 0, 0, 0, 0, 0, 0, 0, 0, 0, 0, 0, 0, 0);[0.1930641876033355, 0.0013886952642610407, 0.03489501788196385, 0.015356133990771565]
(1, 0.0, 0, 0, 1, 0, 0, 0, 0, 0, 0, 0, 0, 0, 0, 0, 0, 0);[-0.051827579017853155, 0.036506946512066325, -0.059522198696648786, -0.05020213195932403]
(3, 0.0, 0, 0, 0, 0, 0, 0, 0, 0, 0, 0, 0, 0, 0, 0, 0, 0);[0.010165251038846315, 0.010162593626245062, 0.010167182231601807, 0.010168408588057962]
(3, 1.0, 0, 0, 0, 0, 0, 0, 0, 0, 0, 0, 0, 0, 0, 0, 0, 0);[0.010196997989572992, 0.010198150753162362, 0.010193813405178198, 0.010197465647203757]
(0, 0.0, 0, 0, 1, 0, 0, 0, 0, 0, 0, 0, 0, 0, 0, 0, 0, 0);[0.027801682682034683, -0.03969403021292443, -0.033033804600527544, -0.040755494470952114]
(0, 0.0, 0, 0, 1, 0, 0, 0, 1, 0, 0, 0, 0, 0, 0, 0, 1, 0);[-0.020000000000000007, -0.0012199999999999963, -0.019999999999999997, 0.09919184028353492]
(1, 0.0, 1, 0, 0, 0, 0, 0, 0, 0, 0, 0, 0, 0, 0, 0, 0, 0);[-0.08489605502256595, -0.09121485421033391, -0.08990649506485951, -0.05183359528390795]
(1, 1.0, 1, 0, 0, 0, 0, 0, 0, 0, 0, 0, 0, 0, 0, 0, 0, 0);[0.00667339918994048, 0.006792927159706802, 0, 0]
(0, 1.0, 0, 0, 0, 0, 1, 0, 1, 0, 0, 0, 0, 0, 0, 0, 0, 0);[-0.04399993918065463, -0.10546719311362066, -0.09234434969394165, -0.0964913871534761]
(2, 1.0, 1, 0, 0, 0, 0, 0, 0, 0, 0, 0, 0, 0, 0, 0, 0, 0);[0.1418608609857368, -0.0005680951114528559, 0, -0.0033525267413346133]
(3, 0.0, 1, 0, 0, 0, 0, 0, 0, 0, 0, 0, 0, 0, 0, 0, 0, 0);[-0.11722621988108609, -0.13710050264688342, -0.13791288522361098, -0.07967972649696982]
(3, 1.0, 1, 0, 0, 0, 0, 0, 0, 0, 1, 0, 0, 0, 0, 0, 0, 0);[0.11039725365882762, 0, 0, 0.024585657272846135]
(0, 1.0, 1, 0, 0, 0, 0, 0, 0, 0, 0, 0, 0, 0, 0, 0, 0, 0);[-0.004999999999999999, -0.006, -0.002184283364962962, 0.2202324759861131]
(1, 0.0, 1, 0, 0, 0, 0, 0, 0, 0, 1, 0, 0, 0, 0, 0, 0, 0);[-0.046452015556586845, -0.04992136363564676, -0.05402503655653248, 0.022388554320172276]
(1, 1.0, 1, 0, 0, 0, 0, 0, 0, 0, 1, 0, 0, 0, 0, 0, 0, 0);[0.19496413957285785, 0, 0, 0]
(2, 0.0, 0, 0, 0, 0, 1, 0, 1, 0, 0, 0, 0, 0, 0, 0, 0, 0);[-0.1314562946315027, -0.13084166677821668, -0.14404281879111472, -0.12797245671817709]
(2, 1.0, 0, 0, 0, 0, 1, 0, 0, 0, 0, 0, 0, 0, 0, 0, 0, 0);[0.09618817390645765, -0.05549626003156073, -0.0404535216635119, -0.05979432467293803]
(2, 0.0, 1, 0, 0, 0, 0, 0, 0, 0, 0, 0, 0, 0, 0, 0, 0, 0);[0.07156495722473387, -0.012885682250202339, 0.011468472555403172, -0.018642175577174736]
(2, 0.0, 2, 0, 0, 0, 0, 0, 0, 0, 0, 0, 0, 0, 0, 0, 0, 0);[-0.009999999999999998, -0.007871614366710886, -0.0033896978031455723, 0.03980763099883172]
(2, 1.0, 2, 0, 0, 0, 0, 0, 0, 0, 0, 0, 0, 0, 0, 0, 0, 0);[0.34105770989137685, 0, 0, 0]
(1, 0.0, 0, 0, 0, 0, 1, 0, 0, 0, 0, 0, 0, 0, 1, 0, 0, 0);[-0.042980404054263885, -0.04785605180000363, -0.04205680982384585, -0.04713908453377322]
(1, 1.0, 0, 0, 0, 0, 1, 0, 0, 0, 0, 0, 0, 0, 1, 0, 0, 0);[0.056308752628153894, 0, 0, 0]
(3, 0.0, 1, 0, 0, 0, 0, 0, 0, 0, 1, 0, 0, 0, 0, 0, 0, 0);[-0.05763839364414396, -0.04872720251241787, -0.058557107371161175, -0.04741541034186722]
(2, 1.0, 0, 0, 1, 0, 0, 0, 0, 0, 0, 0, 0, 0, 0, 0, 0, 0);[-0.006000000000000005, 0.2765421965280246, 0, 0]
(2, 0.0, 1, 0, 1, 0, 0, 0, 0, 0, 0, 0, 0, 0, 0, 0, 0, 0);[0.03013295690100338, 0.26828798869494286, 0.008407084044506772, -0.0183985781287949]
(2, 0.0, 1, 0, 1, 0, 0, 0, 0, 0, 1, 0, 0, 0, 0, 0, 0, 0);[-0.007999999999999998, 0.004732133710919307, 0.17900563289968444, 0]
(2, 1.0, 1, 0, 0, 0, 0, 0, 0, 0, 1, 0, 0, 0, 0, 0, 0, 0);[0.29722966457055344, -0.014012871531910257, 0.00905888906281151, -0.008185587038462902]
(2, 1.0, 0, 0, 0, 0, 1, 0, 0, 0, 0, 0, 0, 0, 1, 0, 0, 0);[0.12570691100291476, -0.06526708051247167, -0.0474323198317688, -0.046781850683000004]
(2, 0.0, 0, 0, 1, 0, 0, 0, 0, 0, 0, 0, 0, 0, 0, 0, 0, 0);[-0.004999999999999983, 0.20258924542629242, 0.030387436211582616, 0.06695352517342047]
(3, 1.0, 0, 0, 0, 0, 1, 1, 1, 0, 0, 0, 0, 0, 0, 0, 0, 0);[-0.005000000000000027, 0.6993541300968298, 0, 0]
(0, 0.0, 0, 0, 0, 0, 1, 1, 1, 0, 0, 0, 0, 0, 0, 0, 0, 0);[-0.014237059546036955, -0.017931152980000017, -0.015999999999999993, -0.015489499999999972]
(0, 0.0, 0, 0, 0, 0, 0, 1, 1, 0, 0, 0, 0, 0, 0, 0, 0, 0);[-0.025, 0.0004316350251366577, 0, 0]
(0, 1.0, 0, 0, 0, 0, 0, 1, 1, 0, 0, 0, 0, 0, 0, 1, 1, 0);[-0.025, 1.1187650397920417, 0, 0]
(3, 1.0, 1, 0, 1, 0, 0, 0, 0, 0, 0, 0, 0, 0, 0, 0, 0, 0);[0.06695432044566156, 0, 0, 0]
(2, 1.0, 0, 0, 0, 0, 1, 0, 1, 0, 0, 0, 0, 0, 0, 0, 0, 0);[-0.07675608252810077, -0.0668011187709665, 0.05395896374632777, -0.07821186236658104]
(1, 0.0, 0, 0, 0, 0, 1, 0, 1, 0, 0, 0, 0, 0, 0, 0, 0, 0);[-0.2350572500534589, -0.2369805014267996, -0.23639445984332766, -0.11895611861000517]
(1, 0.0, 0, 0, 0, 0, 1, 0, 1, 0, 0, 0, 0, 0, 1, 0, 1, 0);[-0.2926415792234444, -0.2985798975844344, -0.28241493134778334, -0.2890463787039562]
(1, 1.0, 1, 0, 0, 0, 1, 0, 1, 0, 0, 0, 0, 0, 1, 0, 1, 0);[-0.012, -0.030000000000000006, 0.00860743888440071, 0]
(0, 1.0, 0, 0, 1, 0, 0, 0, 1, 0, 0, 0, 0, 0, 0, 0, 1, 0);[-0.019999999999999997, -0.02200000000000002, 0.5031844138102004, 0]
(1, 0.0, 1, 0, 1, 0, 0, 0, 1, 0, 0, 0, 1, 0, 0, 0, 1, 0);[-0.025, 0, 0, 0]
(1, 1.0, 1, 0, 1, 0, 0, 0, 1, 0, 0, 0, 1, 0, 0, 0, 1, 0);[-0.025, 0, 0, 0]
(3, 0.0, 0, 0, 0, 0, 1, 0, 1, 0, 0, 0, 0, 0, 0, 0, 0, 0);[-0.25051078539958543, -0.021415015861559694, -0.25325496977150946, -0.2475392011505932]
(3, 1.0, 0, 0, 0, 0, 1, 0, 1, 0, 0, 0, 0, 0, 0, 0, 0, 0);[-0.24696834363658912, -0.2473329970306066, 0.04250590826558159, -0.24704005433414253]
(3, 1.0, 1, 0, 0, 0, 0, 0, 0, 0, 0, 0, 0, 0, 0, 0, 0, 0);[0.16504735938945475, -0.001658165388287525, 0, 0]
(0, 1.0, 1, 0, 1, 0, 0, 0, 0, 0, 0, 0, 0, 0, 0, 0, 0, 0);[-0.0007768451249118916, 0.1008178329748735, 0, 0]
(1, 0.0, 0, 0, 0, 0, 1, 0, 1, 0, 0, 0, 0, 0, 0, 0, 1, 0);[-0.024000000000000004, -0.04251823409496528, 0, 0]
(1, 1.0, 0, 0, 0, 0, 1, 0, 1, 0, 0, 0, 0, 0, 1, 0, 1, 0);[-0.19284622054192135, -0.18643792309153784, -0.15760816424070592, -0.1909417718758869]
(2, 0.0, 0, 0, 0, 0, 1, 0, 0, 0, 0, 0, 0, 0, 1, 0, 0, 0);[-0.17691366892380042, -0.1898486260536841, -0.19049997127279478, -0.10677537734964461]
(1, 0.0, 1, 0, 0, 0, 1, 0, 0, 0, 0, 0, 0, 0, 1, 0, 0, 0);[-0.032588783188333935, -0.0409, -0.033999999999999996, -0.04097900000000002]
(1, 1.0, 1, 0, 0, 0, 1, 0, 0, 0, 1, 0, 0, 0, 1, 0, 0, 0);[0.1498654502669793, 0, 0, 0]
(3, 0.0, 0, 0, 0, 0, 1, 0, 1, 0, 0, 0, 0, 0, 1, 0, 1, 0);[-0.29222258215001784, -0.2866729365314213, -0.2691730593800368, -0.3031837665961711]
(3, 1.0, 1, 0, 0, 0, 1, 0, 1, 0, 0, 0, 0, 0, 1, 0, 1, 0);[0.030280551207466373, 0, 0, 0]
(2, 0.0, 0, 0, 0, 0, 1, 0, 0, 0, 0, 0, 0, 0, 0, 0, 0, 0);[-0.206978904595819, -0.20967789484674104, -0.20671887044690518, -0.1478288681483674]
(2, 1.0, 1, 0, 0, 0, 1, 0, 0, 0, 0, 0, 0, 0, 1, 0, 0, 0);[0.285322827977449, -0.002980000000000001, 0, 0]
(3, 0.0, 0, 0, 0, 0, 1, 0, 0, 0, 0, 0, 0, 0, 1, 0, 0, 0);[-0.0592559153, -0.047242698983390265, -0.04732844520344144, -0.055171180959771145]
(3, 1.0, 0, 0, 0, 0, 1, 0, 0, 0, 0, 0, 0, 0, 1, 0, 0, 0);[0.07765886688548575, 0, 0, 0]
(1, 0.0, 1, 0, 1, 0, 0, 0, 0, 0, 0, 0, 0, 0, 0, 0, 0, 0);[-0.09106928845860919, -0.09062917149549765, -0.0913867188359261, -0.06406755529963477]
(1, 1.0, 1, 0, 1, 0, 0, 0, 0, 0, 1, 0, 0, 0, 0, 0, 0, 0);[0.05204204312534573, 0, 0.006474999999999999, 0]
(3, 0.0, 2, 0, 0, 0, 0, 0, 0, 0, 0, 0, 0, 0, 0, 0, 0, 0);[-0.012, -0.013000000000000001, -0.025299999999999996, -0.012384351559515942]
(3, 1.0, 2, 0, 0, 0, 0, 0, 0, 0, 1, 0, 0, 0, 0, 0, 0, 0);[0.13916892079066487, 0, 0, 0]
(3, 0.0, 0, 0, 1, 0, 0, 0, 0, 0, 0, 0, 0, 0, 0, 0, 0, 0);[-0.09128916395332037, -0.08940322250668113, -0.04512034739083265, -0.09035675403417381]
(3, 1.0, 0, 0, 1, 0, 0, 0, 0, 0, 0, 0, 0, 0, 0, 0, 0, 0);[-0.006232141712421428, -0.014271197605882966, 0.3672758570700919, 0.038615517733393]
(0, 1.0, 0, 0, 0, 0, 0, 1, 1, 0, 0, 0, 0, 0, 0, 1, 0, 0);[0.1974490182420034, 0, 0, 0]
(1, 1.0, 1, 0, 1, 0, 0, 0, 0, 0, 0, 0, 0, 0, 0, 0, 0, 0);[-0.004313476010788759, -0.013536606349160814, 0.17660909998561186, 0.024341684841940946]
(0, 0.0, 1, 0, 1, 0, 0, 0, 0, 0, 0, 0, 0, 0, 0, 0, 0, 0);[-0.012990000000000002, -0.02011740080106026, -0.01009371774676023, -0.011628629808968925]
(3, 1.0, 0, 0, 0, 0, 1, 0, 1, 0, 0, 0, 0, 0, 1, 0, 1, 0);[-0.14342186962441794, -0.15203113447077204, -0.15133472742485649, -0.15161950562315002]
(3, 0.0, 1, 0, 1, 0, 0, 0, 0, 0, 0, 0, 0, 0, 0, 0, 0, 0);[-0.006633034605939817, -0.059087113692114314, -0.06136209931018123, -0.06076736325277321]
(3, 0.0, 1, 0, 1, 0, 0, 0, 0, 0, 1, 0, 0, 0, 0, 0, 0, 0);[-0.08028410524810221, -0.08385448287057143, -0.08582211025929405, -0.08802175484975841]
(3, 1.0, 1, 0, 1, 0, 0, 0, 0, 0, 1, 0, 0, 0, 0, 0, 0, 0);[0.020119543473108792, 0, 0, 0]
(1, 0.0, 1, 0, 0, 0, 1, 0, 1, 0, 0, 0, 0, 0, 1, 0, 1, 0);[-0.025999999999999992, -0.0495, -0.029999999999999995, -0.044319697220720614]
(2, 0.0, 1, 0, 0, 0, 1, 0, 0, 0, 1, 0, 0, 0, 1, 0, 0, 0);[-0.00920000000000001, 0.019199055453899452, 0, 0]
(2, 1.0, 1, 0, 0, 0, 1, 0, 0, 0, 1, 0, 0, 0, 1, 0, 0, 0);[0.39641890100863864, 0, 0, 0]
(1, 1.0, 0, 0, 1, 0, 0, 0, 0, 0, 0, 0, 0, 0, 0, 0, 0, 0);[-0.019857401265858665, -0.0050000000000000044, 0.008991140384377025, 0.29609724795042947]
(1, 1.0, 1, 0, 1, 0, 1, 0, 1, 0, 1, 0, 0, 0, 1, 0, 1, 0);[0.017999999999999995, 0, 0, 0]
(3, 1.0, 0, 0, 0, 0, 1, 0, 1, 0, 0, 0, 0, 0, 0, 0, 1, 0);[-0.09925750515817945, -0.08412407188939698, -0.09335301134229923, -0.10901516102846083]
(1, 0.0, 1, 0, 1, 0, 0, 0, 0, 0, 0, 0, 1, 0, 0, 0, 0, 0);[-0.16366988349454203, -0.1690179626017265, -0.17322508665793626, -0.15911362388374034]
(1, 0.0, 1, 0, 1, 0, 0, 0, 0, 0, 1, 0, 1, 0, 0, 0, 0, 0);[-0.07702089588566823, -0.07773545299014176, -0.07797513672232746, -0.08199025159260571]
(1, 1.0, 1, 0, 1, 0, 0, 0, 0, 0, 1, 0, 1, 0, 0, 0, 0, 0);[-0.0050000000000000044, -0.025, 0.10361307297931063, 0]
(0, 0.0, 1, 0, 1, 0, 0, 0, 0, 0, 0, 0, 1, 0, 0, 0, 0, 0);[-0.011847919984554096, -0.013887222690656698, -0.009169139259534855, 0.006000878545982168]
(3, 1.0, 0, 0, 1, 0, 1, 0, 1, 0, 0, 0, 0, 0, 1, 0, 1, 0);[0.05536398248269941, 0, 0, 0]
(1, 1.0, 1, 0, 1, 0, 0, 0, 0, 0, 0, 0, 1, 0, 0, 0, 0, 0);[-0.016068391998136488, -0.015496119877646165, 0.21876670193675424, 0]
(1, 0.0, 1, 0, 1, 0, 0, 0, 0, 0, 1, 0, 0, 0, 0, 0, 0, 0);[-0.08119570962082187, -0.08111951100212314, -0.08886467904444786, -0.083032887529113]
(2, 0.0, 1, 0, 0, 0, 0, 0, 0, 0, 1, 0, 0, 0, 0, 0, 0, 0);[0.012592777311008134, 0.12305928843388492, 0.02812590523923343, 0]
(3, 0.0, 1, 0, 1, 0, 0, 0, 0, 0, 0, 0, 1, 0, 0, 0, 0, 0);[-0.039599999999999996, 0.04332193904321335, -0.05047321326582272, -0.044506864578866184]
(3, 1.0, 1, 0, 1, 0, 0, 0, 0, 0, 0, 0, 1, 0, 0, 0, 0, 0);[-0.026594709008629702, -0.012506582000000002, 0.30429538694455643, 0]
(3, 0.0, 0, 0, 1, 0, 0, 0, 0, 0, 0, 0, 1, 0, 0, 0, 0, 0);[-0.047378999316839795, -0.08157335747299006, -0.06863023553658082, -0.06905797215832793]
(3, 1.0, 0, 0, 1, 0, 0, 0, 0, 0, 0, 0, 1, 0, 0, 0, 0, 0);[-0.0247845755392119, -0.031228611391151805, 0.2909020909918635, 0.003524396248540696]
(1, 1.0, 0, 0, 0, 0, 1, 0, 1, 0, 0, 0, 0, 0, 1, 0, 0, 0);[-0.11704902853113419, -0.10773156410510272, -0.09405024639205126, -0.14031106589826992]
(3, 0.0, 0, 0, 0, 0, 1, 0, 1, 0, 0, 0, 0, 0, 1, 0, 0, 0);[-0.024752200000000002, 0, 0, 0]
(0, 0.0, 0, 0, 2, 0, 0, 0, 0, 0, 0, 0, 1, 0, 0, 0, 0, 0);[-0.015000000000000013, -0.020000000000000007, -0.025999999999999992, 0.08540957699295443]
(0, 1.0, 0, 0, 2, 0, 0, 0, 0, 0, 0, 0, 1, 0, 0, 0, 0, 0);[-0.017999999999999995, -0.025, 0.35814776319567554, 0]
(1, 0.0, 0, 0, 2, 0, 0, 0, 0, 0, 0, 0, 2, 0, 0, 0, 0, 0);[-0.04497500000000001, -0.025000000000000022, -0.00893166390913359, -0.025]
(1, 1.0, 0, 0, 2, 0, 0, 0, 0, 0, 0, 0, 2, 0, 0, 0, 0, 0);[-0.025, -0.024999999999999956, 0.3673993689981373, 0]
(0, 0.0, 0, 0, 2, 0, 0, 0, 0, 0, 0, 0, 2, 0, 0, 0, 0, 0);[-0.034778340647289775, -0.024897824970570154, 0.11542707833077892, -0.03397289072429559]
(0, 1.0, 0, 0, 2, 0, 0, 0, 0, 0, 0, 0, 2, 0, 0, 0, 0, 0);[-0.005007636662306865, -0.025, 0.3848011230374336, 0]
(3, 1.0, 1, 0, 1, 0, 0, 0, 0, 0, 1, 0, 1, 0, 0, 0, 0, 0);[-0.013774090848464702, 0.0039511661169190845, 0.15645188781301514, -0.020000000000000007]
(1, 1.0, 0, 0, 0, 0, 1, 0, 1, 0, 0, 0, 0, 0, 0, 0, 1, 0);[-0.13684387720293814, -0.12712378409768238, -0.13526191715552904, -0.13715263214948709]
(2, 0.0, 1, 0, 0, 0, 1, 0, 0, 0, 0, 0, 0, 0, 1, 0, 0, 0);[-0.01737374945679902, 0.03803295113874596, -0.011007932854275452, -0.015000000000000003]
(2, 1.0, 1, 0, 1, 0, 0, 0, 0, 0, 1, 0, 0, 0, 0, 0, 0, 0);[0.22064840798887733, 0, 0, 0]
(3, 0.0, 2, 0, 0, 0, 0, 0, 0, 0, 1, 0, 0, 0, 0, 0, 0, 0);[-0.014148827061072889, -0.006191861063736778, -0.007708975011903604, -0.014999999999999993]
(1, 1.0, 0, 0, 2, 0, 0, 0, 0, 0, 0, 0, 0, 0, 0, 0, 0, 0);[-0.004999999999999994, -0.0034711635472862465, 0.25753737373370256, 0]
(0, 1.0, 1, 0, 2, 0, 0, 0, 0, 0, 0, 0, 2, 0, 0, 0, 0, 0);[-0.025, -0.025, 0, 0]
(1, 0.0, 1, 0, 2, 0, 0, 0, 0, 0, 0, 0, 2, 0, 0, 0, 0, 0);[-0.03400000000000001, -0.0475, -0.032070090960805035, -0.026000000000000013]
(1, 0.0, 1, 0, 2, 0, 0, 0, 0, 0, 1, 0, 2, 0, 0, 0, 0, 0);[-0.03500000000000001, -0.03306408186472452, 0, 0]
(1, 1.0, 1, 0, 2, 0, 0, 0, 0, 0, 1, 0, 2, 0, 0, 0, 0, 0);[-0.01599999999999997, -0.03500000000000001, 0.025144801491121114, 0]
(1, 0.0, 2, 0, 0, 0, 0, 0, 0, 0, 1, 0, 0, 0, 0, 0, 0, 0);[-0.034102062628476114, -0.020893271062442056, -0.03269849883531108, -0.03879251637198142]
(1, 1.0, 2, 0, 0, 0, 0, 0, 0, 0, 1, 0, 0, 0, 0, 0, 0, 0);[0.07238990402291497, 0, 0, 0]
(3, 0.0, 1, 0, 2, 0, 0, 0, 0, 0, 0, 0, 0, 0, 0, 0, 0, 0);[-0.007000000000000001, -0.017000000000000005, -0.003848373930433172, 0.010951660558511038]
(3, 0.0, 1, 0, 2, 0, 0, 0, 0, 0, 0, 0, 1, 0, 0, 0, 0, 0);[-0.01958401835745508, -0.01904874311446321, 0.1347625093771633, -0.020687942396425015]
(3, 1.0, 1, 0, 2, 0, 0, 0, 0, 0, 0, 0, 2, 0, 0, 0, 0, 0);[-0.021287000000000007, -0.025, 0.08159118672129738, 0]
(1, 0.0, 1, 0, 2, 0, 0, 0, 0, 0, 0, 0, 0, 0, 0, 0, 0, 0);[-0.017999999999999995, -0.007999999999999998, -0.005000000000000002, 0]
(1, 0.0, 1, 0, 2, 0, 0, 0, 0, 0, 1, 0, 0, 0, 0, 0, 0, 0);[-0.030999999999999996, -0.021000000000000005, -0.01903263432226852, 0]
(1, 1.0, 2, 0, 0, 0, 0, 0, 0, 0, 0, 0, 0, 0, 0, 0, 0, 0);[0.05130014903860354, 0, 0, 0]
(1, 0.0, 0, 0, 2, 0, 0, 0, 0, 0, 0, 0, 0, 0, 0, 0, 0, 0);[-0.010999999999999989, 0.005245067073977552, -0.009112159679655191, 0.08478301117636483]
(1, 1.0, 0, 0, 2, 0, 0, 0, 0, 0, 0, 0, 1, 0, 0, 0, 0, 0);[-0.022474999999999995, -0.0005153295863039031, 0.2451775050170692, 0]
(1, 1.0, 1, 0, 2, 0, 0, 0, 0, 0, 1, 0, 0, 0, 0, 0, 0, 0);[0.045353811389171356, 0, 0, 0]
(0, 0.0, 1, 0, 2, 0, 0, 0, 0, 0, 0, 0, 1, 0, 0, 0, 0, 0);[-0.0005868174748940597, 0, 0, 0]
(1, 1.0, 1, 0, 0, 0, 1, 0, 1, 0, 1, 0, 0, 0, 1, 0, 1, 0);[0.03735946188981656, 0, 0, 0]
(3, 0.0, 2, 0, 1, 0, 0, 0, 0, 0, 0, 0, 1, 0, 0, 0, 0, 0);[-0.015000000000000003, 0, 0, 0]
(3, 1.0, 2, 0, 1, 0, 0, 0, 0, 0, 0, 0, 1, 0, 0, 0, 0, 0);[0.044810252503267284, 0, 0, 0]
(0, 0.0, 1, 0, 0, 0, 0, 0, 1, 0, 0, 0, 0, 0, 0, 0, 1, 0);[-0.014706792730929953, -0.0257805748158368, 0, 0]
(3, 0.0, 2, 0, 1, 0, 0, 0, 0, 0, 1, 0, 0, 0, 0, 0, 0, 0);[-0.020999999999999998, -0.029900000000000006, -0.012812120445234576, -0.02200000000000001]
(3, 1.0, 2, 0, 1, 0, 0, 0, 0, 0, 2, 0, 0, 0, 0, 0, 0, 0);[0.06981346365208191, 0, 0, 0]
(3, 1.0, 2, 0, 1, 0, 0, 0, 0, 0, 0, 0, 0, 0, 0, 0, 0, 0);[0.21625434719866227, 0, 0, 0]
(3, 0.0, 0, 0, 0, 0, 1, 0, 1, 0, 0, 0, 0, 0, 0, 0, 1, 0);[-0.028472247146415337, -0.03262834786357489, 0, 0]
(1, 0.0, 2, 0, 1, 0, 0, 0, 0, 0, 0, 0, 0, 0, 0, 0, 0, 0);[-0.012, 0, 0, 0]
(1, 0.0, 2, 0, 1, 0, 0, 0, 0, 0, 1, 0, 0, 0, 0, 0, 0, 0);[-0.02300000000000001, -0.016999999999999994, -0.015999999999999997, -0.013320654156073392]
(1, 1.0, 2, 0, 1, 0, 0, 0, 0, 0, 2, 0, 0, 0, 0, 0, 0, 0);[0.09751927074290974, 0, 0, 0]
(2, 0.0, 2, 0, 0, 0, 0, 0, 0, 0, 1, 0, 0, 0, 0, 0, 0, 0);[-0.016999999999999998, 0.13064871675108702, -0.018000000000000006, -0.018805472444413034]
(2, 1.0, 2, 0, 0, 0, 0, 0, 0, 0, 2, 0, 0, 0, 0, 0, 0, 0);[0.09528675544389296, 0, 0, 0]
(3, 1.0, 2, 0, 0, 0, 0, 0, 0, 0, 0, 0, 0, 0, 0, 0, 0, 0);[0.1060590649827036, 0, 0, 0]
(1, 0.0, 2, 0, 0, 0, 0, 0, 0, 0, 0, 0, 0, 0, 0, 0, 0, 0);[-0.020288, -0.016539493373775464, -0.01546197056234732, -0.02242854010226028]
(1, 1.0, 2, 0, 0, 0, 0, 0, 0, 0, 2, 0, 0, 0, 0, 0, 0, 0);[0.2154772477609202, 0, 0, 0]
(3, 0.0, 0, 0, 1, 0, 1, 0, 1, 0, 0, 0, 0, 0, 1, 0, 1, 0);[-0.03200000000000001, 0, 0, 0]
(3, 1.0, 1, 0, 1, 0, 1, 0, 1, 0, 0, 0, 0, 0, 1, 0, 1, 0);[0.06623218652697649, 0, 0, 0]
(1, 0.0, 1, 0, 2, 0, 0, 0, 0, 0, 0, 0, 1, 0, 0, 0, 0, 0);[-0.031217029250858293, -0.01999605233931219, -0.020188389681780078, -0.01709709315444081]
(2, 1.0, 1, 0, 1, 0, 0, 0, 0, 0, 0, 0, 0, 0, 0, 0, 0, 0);[0.03216019340366602, 0, 0, 0]
(3, 1.0, 1, 0, 2, 0, 0, 0, 0, 0, 0, 0, 0, 0, 0, 0, 0, 0);[0.011475775980234023, 0, 0, 0]
(0, 0.0, 1, 0, 2, 0, 0, 0, 0, 0, 0, 0, 0, 0, 0, 0, 0, 0);[-0.003229643373869696, -0.00556404813616386, -0.00752286607477137, -0.007000000000000001]
(2, 1.0, 2, 0, 0, 0, 1, 0, 0, 0, 0, 0, 0, 0, 1, 0, 0, 0);[0.08349689336660876, 0, 0, 0]
(1, 0.0, 0, 0, 0, 0, 1, 0, 1, 0, 0, 0, 0, 0, 1, 0, 0, 0);[-0.0702066147699735, -0.06309025281051833, -0.041792980480158975, -0.04233421836238174]
(1, 1.0, 2, 0, 1, 0, 0, 0, 0, 0, 0, 0, 0, 0, 0, 0, 0, 0);[0.020237182992263954, 0, 0, 0]
(2, 1.0, 2, 0, 0, 0, 0, 0, 0, 0, 1, 0, 0, 0, 0, 0, 0, 0);[0.3729836596151859, 0, 0, 0]
(0, 1.0, 1, 0, 1, 0, 0, 0, 0, 0, 0, 0, 1, 0, 0, 0, 0, 0);[-0.00493427178821459, -0.023198217665009433, 0.0954698073690673, 0]
(3, 1.0, 2, 0, 1, 0, 0, 0, 0, 0, 1, 0, 0, 0, 0, 0, 0, 0);[0.0058265699042570895, 0, 0, 0]
(3, 1.0, 0, 0, 0, 0, 1, 0, 1, 0, 0, 0, 0, 0, 1, 0, 0, 0);[-0.08366429418939539, -0.09999629468959384, -0.08529960878213788, -0.09734372258870166]
(0, 1.0, 0, 0, 0, 0, 1, 0, 1, 0, 0, 0, 0, 0, 0, 0, 1, 0);[-0.009748495409743188, 0, 0, 0]
(1, 1.0, 2, 0, 0, 0, 1, 0, 0, 0, 1, 0, 0, 0, 1, 0, 0, 0);[0.0680234145399471, 0, 0, 0]
(3, 0.0, 2, 0, 1, 0, 0, 0, 0, 0, 0, 0, 0, 0, 0, 0, 0, 0);[0.012683260759495454, 0, 0, 0]
(0, 1.0, 1, 0, 1, 0, 0, 0, 1, 0, 0, 0, 0, 0, 0, 0, 1, 0);[0.04470791491369533, 0, 0, 0]
(1, 1.0, 1, 0, 2, 0, 0, 0, 0, 0, 1, 0, 1, 0, 0, 0, 0, 0);[-0.001584117716810132, -0.027786132636939315, 0.09468742654862505, -0.024]
(0, 1.0, 1, 0, 0, 0, 0, 0, 1, 0, 0, 0, 0, 0, 0, 0, 1, 0);[0.018969935885100216, 0, 0, 0]
(1, 1.0, 2, 0, 1, 0, 0, 0, 0, 0, 1, 0, 0, 0, 0, 0, 0, 0);[0.02257632869178477, 0, 0, 0]
(0, 0.0, 1, 0, 1, 0, 0, 0, 1, 0, 0, 0, 1, 0, 0, 0, 1, 0);[0.03257718332227185, 0, 0, 0]
(1, 1.0, 0, 0, 0, 0, 1, 0, 1, 1, 0, 0, 0, 0, 0, 0, 0, 0);[-0.004999999999999983, -0.025, -0.006000000000000005, 0.3007372041190894]
(0, 0.0, 0, 0, 0, 0, 1, 0, 1, 1, 0, 0, 0, 0, 0, 0, 0, 0);[-0.010000000000000009, -0.009994999999999966, -0.00900000000000003, -0.0073253405469949524]
(0, 0.0, 0, 0, 0, 0, 0, 0, 1, 1, 0, 0, 0, 0, 0, 0, 0, 1);[-0.02400000000000002, -0.02400000000000002, 0, 0]
(0, 1.0, 0, 0, 0, 0, 0, 0, 1, 1, 0, 0, 0, 0, 0, 0, 1, 1);[-0.024999999999999956, -0.010000000000000054, -0.011999999999999967, 0.8475631935027037]
(1, 0.0, 0, 0, 0, 0, 0, 0, 1, 1, 0, 0, 0, 0, 0, 0, 1, 1);[-0.020000000000000018, -0.02599999999999998, 0, 0]
(1, 1.0, 0, 0, 1, 0, 0, 0, 1, 1, 0, 0, 0, 0, 0, 0, 1, 1);[-0.026999999999999958, 0, 0, 0]
(0, 0.0, 0, 0, 1, 0, 0, 0, 1, 1, 0, 0, 0, 0, 0, 0, 1, 1);[-0.025, 0, 0, 0]
(0, 0.0, 1, 0, 1, 0, 0, 0, 1, 1, 0, 0, 0, 0, 0, 0, 1, 1);[-0.028000000000000025, 0, 0, 0]
(0, 1.0, 1, 0, 1, 0, 0, 0, 1, 1, 0, 0, 1, 0, 0, 0, 1, 1);[-0.029999999999999985, 0, 0, 0]
(0, 1.0, 0, 0, 1, 0, 0, 0, 1, 1, 0, 0, 1, 0, 0, 0, 1, 1);[-0.029999999999999985, -0.030000000000000072, 0, 0]
(1, 0.0, 0, 0, 1, 0, 0, 0, 1, 1, 0, 0, 1, 0, 0, 0, 1, 1);[-0.029999999999999985, -0.029999999999999985, 0, 0]
(1, 1.0, 0, 0, 1, 0, 0, 0, 1, 1, 0, 0, 1, 0, 0, 0, 1, 1);[-0.03200000000000003, 0, 0, 0]
(0, 0.0, 0, 0, 1, 0, 0, 0, 1, 1, 0, 0, 1, 0, 0, 0, 1, 1);[-0.029999999999999985, 0, 0, 0]
(0, 0.0, 0, 0, 2, 0, 0, 0, 1, 1, 0, 0, 1, 0, 0, 0, 1, 1);[-0.03200000000000003, 0, 0, 0]
(0, 1.0, 0, 0, 2, 0, 0, 0, 1, 1, 0, 0, 1, 0, 0, 0, 1, 1);[-0.03600000000000003, 0, 0, 0]
(0, 1.0, 0, 0, 2, 0, 0, 0, 1, 1, 0, 0, 2, 0, 0, 0, 1, 1);[-0.03999999999999986, -0.040000000000000036, 0.19499999999999995, 0]
(1, 0.0, 0, 0, 2, 0, 0, 0, 1, 1, 0, 0, 2, 0, 0, 0, 1, 1);[-0.040000000000000036, -0.040000000000000036, 0, 0]
(1, 1.0, 0, 0, 2, 0, 0, 0, 1, 1, 0, 0, 2, 0, 0, 0, 1, 1);[-0.040000000000000036, 0, 0, 0]
(0, 0.0, 0, 0, 2, 0, 0, 0, 1, 1, 0, 0, 2, 0, 0, 0, 1, 1);[-0.03999999999999986, -0.040000000000000036, 0, 0]
(2, 0.0, 0, 0, 1, 0, 0, 0, 0, 1, 0, 0, 0, 0, 0, 0, 0, 1);[0.3042645758104496, 0, 0, 0]
(2, 0.0, 0, 0, 0, 0, 0, 0, 0, 1, 0, 0, 0, 0, 0, 0, 0, 1);[-0.001136772099999855, -0.009999999999999966, -0.00900000000000003, 0.10006859699518002]
(2, 1.0, 0, 0, 0, 0, 0, 0, 0, 1, 0, 0, 0, 0, 0, 0, 0, 1);[-0.010000000000000054, -0.010000000000000054, -0.009999999999999966, 1.0595635095855898]
(0, 0.0, 0, 0, 0, 0, 0, 0, 0, 1, 0, 0, 0, 0, 0, 0, 0, 1);[-0.016216778099999978, -0.022990000000000003, 0.025047574637897394, -0.013760774398753985]
(0, 1.0, 0, 0, 0, 0, 0, 0, 0, 1, 0, 0, 0, 0, 0, 0, 0, 1);[-0.010000000000000054, -0.009999999999999966, -0.006931000000000048, 0.6986855884073138]
(1, 0.0, 0, 0, 0, 0, 0, 0, 0, 1, 0, 0, 0, 0, 0, 0, 0, 1);[-0.010000000000000054, -0.009999999999999966, -0.009999999999999966, -0.010000000000000054]
(1, 1.0, 0, 0, 0, 0, 0, 0, 0, 1, 0, 0, 0, 0, 0, 0, 0, 1);[-0.009999999999999966, -0.009999999999999877, -0.009121662100000132, 0]
(0, 1.0, 0, 0, 0, 0, 1, 1, 1, 0, 0, 0, 0, 0, 0, 0, 0, 0);[-0.005000000000000027, 0.5668062989859866, 0, 0]
(3, 1.0, 2, 0, 2, 0, 0, 0, 0, 0, 0, 0, 1, 0, 0, 0, 0, 0);[0.010000000000000004, 0, 0, 0]
(0, 0.0, 1, 0, 2, 0, 0, 0, 0, 0, 0, 0, 2, 0, 0, 0, 0, 0);[-0.02057083674556729, -0.018962154259901123, 0.013364609528966832, -0.019999999999999997]
(3, 1.0, 1, 0, 2, 0, 0, 0, 0, 0, 0, 0, 1, 0, 0, 0, 0, 0);[-0.0013000528713895537, -0.026000000000000002, 0.34549248822872364, 0]
(2, 0.0, 2, 0, 1, 0, 0, 0, 0, 0, 0, 0, 0, 0, 0, 0, 0, 0);[-0.009999999999999998, 0.014940336043383663, 0, 0]
(2, 1.0, 2, 0, 1, 0, 0, 0, 0, 0, 0, 0, 0, 0, 0, 0, 0, 0);[0.0327354201792929, 0, 0, 0]
(1, 1.0, 1, 0, 2, 0, 0, 0, 0, 0, 0, 0, 0, 0, 0, 0, 0, 0);[-0.010212714698488215, -0.017000000000000005, 0.07829433805628794, 0]
(0, 1.0, 0, 0, 0, 0, 0, 0, 1, 1, 0, 0, 0, 0, 0, 0, 0, 1);[-0.023, 0, 0, 0]
(2, 0.0, 0, 0, 0, 0, 1, 0, 1, 1, 0, 0, 0, 0, 0, 0, 0, 0);[-0.009994999999999966, -0.005000000000000027, -0.011500000000000014, -0.007000000000000029]
(2, 1.0, 0, 0, 0, 0, 1, 0, 1, 1, 0, 0, 0, 0, 0, 0, 0, 0);[-0.008000000000000007, -0.004999999999999983, 0, 0]
(0, 0.0, 0, 0, 0, 0, 0, 0, 1, 1, 0, 0, 0, 0, 0, 0, 1, 1);[-0.02599999999999998, -0.019999999999999976, 0.038962525022117306, -0.008999999999999985]
(1, 0.0, 0, 0, 0, 0, 1, 0, 1, 1, 0, 0, 0, 0, 0, 0, 0, 0);[-0.018550000000000014, -0.011992999999999967, -0.027000000000000003, 0.0014807593104782506]
(1, 1.0, 0, 0, 0, 0, 1, 0, 1, 1, 0, 0, 0, 0, 0, 0, 0, 1);[-0.018000000000000016, -0.027000000000000003, 0, 0]
(3, 0.0, 1, 0, 0, 0, 0, 0, 1, 0, 0, 0, 0, 0, 0, 0, 1, 0);[-0.020000000000000007, -0.003500000000000003, -0.019999999999999997, 0]
(3, 1.0, 1, 0, 0, 0, 0, 0, 1, 0, 0, 0, 0, 0, 0, 0, 1, 0);[-0.004999999999999994, -0.0040000000000000036, 0.03313292608182873, 0]
(0, 1.0, 0, 0, 0, 0, 1, 0, 1, 1, 0, 0, 0, 0, 0, 0, 0, 0);[-0.006000000000000005, 0, 0, 0]
(0, 1.0, 0, 0, 0, 0, 0, 0, 1, 1, 0, 0, 0, 0, 0, 0, 0, 0);[0.0812656167489921, 0, 0, 0]
(0, 0.0, 0, 0, 2, 0, 0, 0, 0, 0, 0, 0, 0, 0, 0, 0, 0, 0);[-0.011236621569215762, -0.006746801228992351, 0.0905331298897623, -0.003]
(0, 1.0, 0, 0, 2, 0, 0, 0, 0, 0, 0, 0, 0, 0, 0, 0, 0, 0);[-0.004999999999999994, -0.018475000000000002, 0.17311179834822304, 0]
(3, 1.0, 1, 0, 2, 0, 0, 0, 0, 0, 1, 0, 1, 0, 0, 0, 0, 0);[-0.00027774835067626827, 0, 0, 0]
(1, 0.0, 0, 0, 2, 0, 0, 0, 0, 0, 0, 0, 1, 0, 0, 0, 0, 0);[-0.013121551761521133, 0, 0, -0.02628849590413958]
(2, 0.0, 0, 0, 0, 0, 1, 1, 1, 0, 0, 0, 0, 0, 0, 0, 0, 0);[-0.005000000000000027, -0.004999999999999983, -0.004999999999999983, -0.006000000000000005]
(2, 1.0, 0, 0, 0, 0, 1, 1, 0, 0, 0, 0, 0, 0, 0, 0, 0, 0);[-0.014000000000000012, 0, 0, 0]
(0, 0.0, 0, 0, 0, 0, 0, 1, 0, 0, 0, 0, 0, 0, 0, 1, 0, 0);[-0.014999999999999993, -0.014999999999999993, -0.014000000000000012, 0.008955856881202357]
(0, 1.0, 0, 0, 0, 0, 0, 1, 0, 0, 0, 0, 0, 0, 0, 1, 0, 0);[-0.015000000000000036, 0.4767952614223476, 0, 0]
(0, 1.0, 0, 0, 0, 0, 0, 1, 1, 0, 0, 0, 0, 0, 0, 0, 0, 0);[0.042235999015, 0, 0, 0]
(1, 1.0, 1, 0, 0, 0, 0, 0, 1, 0, 0, 0, 0, 0, 0, 0, 1, 0);[-0.016951397582778232, -0.025, 0.07482193037358219, 0]
(2, 1.0, 0, 0, 0, 0, 1, 1, 0, 0, 0, 0, 0, 0, 0, 1, 0, 0);[-0.01299999999999999, 0, 0, 0]
(1, 1.0, 1, 0, 0, 0, 1, 0, 1, 0, 0, 0, 0, 0, 0, 0, 0, 0);[0.11886161742469964, 0, 0, 0]
(1, 0.0, 1, 0, 2, 0, 0, 0, 0, 0, 1, 0, 1, 0, 0, 0, 0, 0);[-0.019999999999999997, -0.018939081203468197, -0.017698383838996745, 0]
(3, 0.0, 1, 0, 2, 0, 0, 0, 0, 0, 1, 0, 2, 0, 0, 0, 0, 0);[-0.030000000000000006, -0.030000000000000006, 0, 0]
(3, 1.0, 1, 0, 2, 0, 0, 0, 0, 0, 1, 0, 2, 0, 0, 0, 0, 0);[0.009711882969259808, 0, 0, 0]
(1, 0.0, 0, 0, 0, 0, 1, 0, 1, 1, 0, 0, 0, 0, 1, 0, 1, 1);[-0.030000000000000027, 0, 0, 0]
(1, 1.0, 0, 0, 0, 0, 1, 0, 1, 1, 0, 0, 0, 0, 1, 0, 1, 1);[-0.01299999999999999, -0.030000000000000027, -0.013999999999999969, 0.1994993065802302]
(1, 0.0, 1, 0, 1, 0, 0, 0, 1, 0, 1, 0, 0, 0, 0, 0, 1, 0);[-0.026000000000000002, -0.029999999999999995, 0, 0]
(1, 0.0, 1, 0, 1, 0, 0, 0, 1, 0, 1, 0, 1, 0, 0, 0, 1, 0);[-0.029999999999999985, 0, 0, 0]
(1, 1.0, 1, 0, 1, 0, 0, 0, 1, 0, 1, 0, 1, 0, 0, 0, 1, 0);[0.0035735464136055608, 0, 0, 0]
(2, 1.0, 0, 0, 0, 0, 1, 1, 1, 0, 0, 0, 0, 0, 0, 0, 0, 0);[-0.005990000000000027, 0.30793561419792104, 0, 0]
(0, 0.0, 0, 0, 0, 0, 0, 1, 1, 0, 0, 0, 0, 0, 0, 1, 0, 0);[0.07109131988139886, 0, 0, 0]
(0, 1.0, 0, 0, 1, 0, 0, 0, 1, 0, 0, 0, 0, 0, 0, 0, 0, 0);[0.058657837785845365, 0, 0, 0]
(3, 0.0, 1, 0, 0, 0, 1, 0, 0, 0, 0, 0, 0, 0, 1, 0, 0, 0);[-0.019000000000000003, -0.019999999999999997, -0.015587933156617757, 0]
(3, 1.0, 1, 0, 0, 0, 1, 0, 0, 0, 0, 0, 0, 0, 1, 0, 0, 0);[0.06963705159475686, 0, 0, 0]
(3, 0.0, 0, 0, 0, 0, 1, 1, 1, 0, 0, 0, 0, 0, 0, 0, 0, 0);[0.08306689451822052, 0, 0, 0]
(2, 0.0, 0, 0, 0, 0, 1, 0, 0, 1, 0, 0, 0, 0, 1, 0, 0, 1);[-0.014000000000000012, -0.019999999999999976, 0, 0]
(2, 0.0, 1, 0, 0, 0, 1, 0, 0, 1, 0, 0, 0, 0, 1, 0, 0, 1);[-0.025, 0, 0, 0]
(2, 1.0, 1, 0, 0, 0, 1, 0, 0, 1, 0, 0, 0, 0, 1, 0, 0, 1);[0.022010000000000002, 0, 0, 0]
(0, 1.0, 0, 0, 1, 0, 0, 0, 0, 1, 0, 0, 0, 0, 0, 0, 0, 1);[-0.009999999999999966, -0.016000000000000014, 0, 0]
(1, 0.0, 0, 0, 1, 0, 0, 0, 0, 1, 0, 0, 1, 0, 0, 0, 0, 1);[-0.02200000000000002, -0.019999999999999976, -0.025, -0.025]
(1, 1.0, 0, 0, 1, 0, 0, 0, 0, 1, 0, 0, 1, 0, 0, 0, 0, 1);[-0.01799999999999997, -0.026999999999999958, 0.06175000000000002, 0]
(0, 0.0, 0, 0, 1, 0, 0, 0, 0, 1, 0, 0, 1, 0, 0, 0, 0, 1);[-0.022000000000000065, -0.020000000000000018, 0, 0]
(0, 1.0, 0, 0, 1, 0, 0, 0, 0, 1, 0, 0, 1, 0, 0, 0, 0, 1);[-0.021999999999999978, -0.025, 0, 0]
(2, 0.0, 0, 0, 0, 0, 1, 0, 0, 1, 0, 0, 0, 0, 0, 0, 0, 1);[-0.018000000000000016, 0, 0, 0]
(2, 1.0, 0, 0, 0, 0, 1, 0, 0, 1, 0, 0, 0, 0, 1, 0, 0, 1);[-0.003563409000000023, 0, 0, 0]
(2, 0.0, 0, 0, 2, 0, 0, 0, 0, 0, 0, 0, 0, 0, 0, 0, 0, 0);[0.205159090344617, 0, 0, 0]
(3, 0.0, 0, 0, 2, 0, 0, 0, 0, 0, 0, 0, 1, 0, 0, 0, 0, 0);[-0.01779392184662039, -0.01988240211199592, 0.13702243607859205, -0.019075681965488776]
(3, 1.0, 0, 0, 2, 0, 0, 0, 0, 0, 0, 0, 1, 0, 0, 0, 0, 0);[-0.0062954103042185934, -0.013686532126677895, 0.32055503989945544, 0.008995965992969793]
(3, 0.0, 0, 0, 2, 0, 0, 0, 0, 0, 0, 0, 0, 0, 0, 0, 0, 0);[-0.018655073372251432, -0.02324564234341133, -0.025800000000000003, 0.049443559043010704]
(2, 0.0, 1, 0, 2, 0, 0, 0, 0, 0, 1, 0, 1, 0, 0, 0, 0, 0);[0.026924175562504343, 0, 0, 0]
(1, 0.0, 1, 0, 0, 0, 0, 0, 1, 0, 0, 0, 0, 0, 0, 0, 1, 0);[-0.019000000000000003, -0.016784269989778177, -0.028000000000000004, -0.028199999999999996]
(3, 0.0, 2, 0, 2, 0, 0, 0, 0, 0, 1, 0, 0, 0, 0, 0, 0, 0);[-0.020999999999999998, 0, 0, 0]
(3, 1.0, 2, 0, 2, 0, 0, 0, 0, 0, 1, 0, 0, 0, 0, 0, 0, 0);[-0.00011659262606256716, 0, 0, 0]
(2, 1.0, 0, 0, 0, 0, 1, 0, 0, 1, 0, 0, 0, 0, 0, 0, 0, 0);[-0.016989999999999967, 0, 0, 0]
(2, 1.0, 0, 0, 0, 0, 1, 0, 0, 1, 0, 0, 0, 0, 0, 0, 0, 1);[-0.01597629295843505, 0, 0, 0]
(2, 1.0, 2, 0, 0, 0, 1, 0, 0, 0, 1, 0, 0, 0, 1, 0, 0, 0);[0.05991211679516019, 0, 0, 0]
(1, 0.0, 1, 0, 0, 0, 1, 0, 0, 0, 1, 0, 0, 0, 1, 0, 0, 0);[-0.015070917527489364, 0, 0, 0]
(1, 1.0, 1, 0, 0, 0, 1, 0, 0, 0, 0, 0, 0, 0, 1, 0, 0, 0);[0.027508524591261616, 0, 0, 0]
(2, 1.0, 1, 0, 0, 0, 1, 0, 0, 0, 0, 0, 0, 0, 0, 0, 0, 0);[0.3354000043722805, 0, 0, 0]
(3, 0.0, 1, 0, 0, 0, 1, 0, 1, 0, 0, 0, 0, 0, 1, 0, 1, 0);[-0.029422802347172417, -0.022367996203669985, 0, 0]
(1, 1.0, 1, 0, 1, 0, 0, 0, 1, 0, 1, 0, 0, 0, 0, 0, 1, 0);[0.02830230317311637, 0, 0, 0]
(0, 0.0, 1, 0, 2, 0, 0, 0, 1, 0, 0, 0, 1, 0, 0, 0, 1, 0);[-0.020000000000000018, 0, 0, 0]
(0, 1.0, 1, 0, 2, 0, 0, 0, 1, 0, 0, 0, 1, 0, 0, 0, 1, 0);[-0.017999999999999995, 0, 0, 0]
(0, 1.0, 0, 0, 2, 0, 0, 0, 1, 0, 0, 0, 1, 0, 0, 0, 1, 0);[-0.027000000000000003, 0, 0, 0]
(0, 1.0, 0, 0, 2, 0, 0, 0, 1, 0, 0, 0, 2, 0, 0, 0, 1, 0);[-0.030000000000000006, -0.029999999999999985, 0.142, 0]
(1, 0.0, 0, 0, 2, 0, 0, 0, 1, 0, 0, 0, 2, 0, 0, 0, 1, 0);[-0.030000000000000027, -0.029999999999999985, 0, 0]
(1, 1.0, 0, 0, 2, 0, 0, 0, 1, 0, 0, 0, 2, 0, 0, 0, 1, 0);[-0.029999999999999985, 0, 0, 0]
(0, 0.0, 0, 0, 2, 0, 0, 0, 1, 0, 0, 0, 2, 0, 0, 0, 1, 0);[-0.030000000000000027, -0.029999999999999985, 0, 0]
(2, 0.0, 0, 0, 2, 0, 0, 0, 0, 0, 0, 0, 1, 0, 0, 0, 0, 0);[0.24665820377593745, 0, 0, 0]
(2, 0.0, 0, 0, 0, 0, 0, 1, 0, 0, 0, 0, 0, 0, 0, 0, 0, 0);[0.01567253514459719, 0, 0, 0]
(3, 1.0, 0, 0, 2, 0, 0, 0, 0, 0, 0, 0, 2, 0, 0, 0, 0, 0);[-0.022000000000000006, -0.020228700038988027, 0.06968597361423752, 0]
(2, 1.0, 0, 0, 1, 0, 1, 0, 0, 0, 0, 0, 0, 0, 1, 0, 0, 0);[0.03897453708054436, 0, 0, 0]
(3, 0.0, 1, 0, 1, 0, 0, 0, 0, 0, 1, 0, 1, 0, 0, 0, 0, 0);[-0.015751474037800063, 0, 0, 0]
(2, 0.0, 1, 0, 2, 0, 0, 0, 0, 0, 0, 0, 0, 0, 0, 0, 0, 0);[0.02568617164985875, 0, 0, 0]
(2, 0.0, 1, 0, 1, 0, 1, 0, 0, 0, 0, 0, 0, 0, 1, 0, 0, 0);[0.002085315983459464, 0, 0, -0.005777117236550739]
(2, 1.0, 1, 0, 1, 0, 1, 0, 0, 0, 1, 0, 0, 0, 1, 0, 0, 0);[0.03808508392597784, 0, 0, 0]
(3, 1.0, 0, 0, 2, 0, 0, 0, 0, 0, 0, 0, 0, 0, 0, 0, 0, 0);[-0.0017732848645665399, -0.011311120693767326, 0.07026318745659582, 0]
(1, 0.0, 1, 0, 1, 0, 1, 0, 0, 0, 0, 0, 0, 0, 1, 0, 0, 0);[-0.02299999999999999, 0, 0, 0]
(1, 1.0, 1, 0, 1, 0, 1, 0, 0, 0, 1, 0, 0, 0, 1, 0, 0, 0);[0.03757935046347341, 0, 0, 0]
(2, 0.0, 1, 0, 0, 0, 1, 0, 0, 0, 0, 0, 0, 0, 0, 0, 0, 0);[-0.005623829478677787, -0.01503989651626525, 0, 0]
(3, 1.0, 0, 0, 1, 0, 1, 0, 1, 0, 0, 0, 0, 0, 0, 0, 0, 0);[-0.0050000000000000044, 0, 0, 0]
(0, 0.0, 0, 0, 1, 0, 1, 0, 1, 0, 0, 0, 0, 0, 0, 0, 0, 0);[-0.007999999999999997, 0, 0, 0]
(0, 0.0, 0, 0, 1, 0, 0, 0, 1, 0, 0, 0, 1, 0, 0, 0, 0, 0);[0.06973653879888583, 0, 0, 0]
(0, 1.0, 1, 0, 2, 0, 0, 0, 0, 0, 0, 0, 1, 0, 0, 0, 0, 0);[0.04912861108734678, 0, 0, 0]
(0, 1.0, 0, 0, 1, 0, 1, 0, 1, 0, 0, 0, 0, 0, 0, 0, 0, 0);[-0.008957800439450865, 0, 0, 0]
(1, 1.0, 1, 0, 2, 0, 0, 0, 0, 0, 0, 0, 2, 0, 0, 0, 0, 0);[0.031245475841404493, 0, 0, 0]
(2, 0.0, 2, 0, 1, 0, 0, 0, 0, 0, 1, 0, 0, 0, 0, 0, 0, 0);[0.013903461990624644, 0, 0, 0]
(2, 0.0, 0, 0, 1, 0, 1, 0, 0, 0, 0, 0, 0, 0, 1, 0, 0, 0);[-0.020000000000000004, -0.01118269326779673, -0.008561152436002986, 0]
(2, 1.0, 1, 0, 1, 0, 1, 0, 0, 0, 0, 0, 0, 0, 1, 0, 0, 0);[0.06618795827658286, 0, 0, 0]
(0, 1.0, 1, 0, 1, 0, 0, 0, 1, 0, 0, 0, 1, 0, 0, 0, 1, 0);[0.042313010278763934, 0, 0, 0]
(1, 1.0, 1, 0, 2, 0, 0, 0, 0, 0, 0, 0, 1, 0, 0, 0, 0, 0);[-0.00909538233675313, 0, 0, 0]
(2, 0.0, 1, 0, 2, 0, 0, 0, 0, 0, 1, 0, 0, 0, 0, 0, 0, 0);[0.019326260329495887, 0, 0, 0]
(2, 1.0, 0, 0, 1, 0, 1, 0, 1, 0, 0, 0, 0, 0, 0, 0, 0, 0);[0.03965875449887349, 0, 0, 0]
(1, 1.0, 0, 0, 1, 0, 0, 0, 1, 0, 0, 0, 0, 0, 0, 0, 1, 0);[-0.013055937766895202, 0, 0, 0]
(3, 1.0, 1, 0, 0, 0, 1, 0, 1, 0, 0, 0, 0, 0, 1, 0, 0, 0);[0.007488176222518988, 0, 0, 0]
(3, 1.0, 0, 0, 1, 0, 1, 0, 1, 0, 0, 0, 1, 0, 0, 0, 0, 0);[-0.009999999999999998, -0.009999999999999998, 0, 0]
(0, 0.0, 0, 0, 1, 0, 1, 0, 1, 0, 0, 0, 1, 0, 0, 0, 0, 0);[-0.006397570189365723, 0, 0, 0]
(3, 1.0, 0, 0, 0, 0, 0, 1, 0, 0, 0, 0, 0, 0, 0, 0, 0, 0);[-0.006016076550064072, 0.11544066749538456, 0, 0]
(1, 1.0, 1, 0, 0, 0, 0, 0, 1, 0, 1, 0, 0, 0, 0, 0, 1, 0);[-0.027661854677640676, 0, 0, 0]
(3, 1.0, 1, 0, 2, 0, 0, 0, 0, 0, 1, 0, 0, 0, 0, 0, 0, 0);[0.008393345066875833, 0, 0, 0]
(1, 0.0, 0, 0, 1, 0, 1, 0, 1, 0, 0, 0, 1, 0, 0, 0, 0, 0);[-0.011, -0.029000000000000005, 0, 0]
(1, 1.0, 0, 0, 1, 0, 1, 0, 1, 0, 0, 0, 1, 0, 1, 0, 1, 0);[-0.01380648875338422, 0, 0, 0]
