(0, 0.0, 0, 0, 0, 0, 0, 0, 0, 0, 0, 0, 0, 0, 0, 0, 0, 0);[-51.02369733299984, -60.07175026110281, -58.615493642739004, -59.58821515525804]
(0, 1.0, 0, 0, 0, 0, 0, 0, 0, 0, 0, 0, 0, 0, 0, 0, 0, 0);[-37.79819700943992, -43.05195601711052, -40.231907376073764, -39.56372429376006]
(1, 0.0, 0, 0, 0, 0, 0, 0, 0, 0, 0, 0, 0, 0, 0, 0, 0, 0);[-57.71359020448352, -59.41880476423447, -59.96610208072313, -57.88547911664381]
(1, 1.0, 0, 0, 0, 0, 0, 0, 0, 0, 0, 0, 0, 0, 0, 0, 0, 0);[-49.428691771446275, -44.80329932483971, -47.74389508289072, -48.52317891485242]
(2, 0.0, 0, 0, 0, 0, 0, 0, 0, 0, 0, 0, 0, 0, 0, 0, 0, 0);[-57.95973717742807, -58.73635894120934, -60.990651511544065, -60.35422414198466]
(2, 1.0, 0, 0, 0, 0, 0, 0, 0, 0, 0, 0, 0, 0, 0, 0, 0, 0);[-45.865378920180966, -49.12920150725592, -44.690207538648465, -46.956199774278616]
(3, 0.0, 0, 0, 0, 0, 0, 0, 0, 0, 0, 0, 0, 0, 0, 0, 0, 0);[-56.03085517897617, -56.26967765248648, -58.92665953855352, -59.82410515343401]
(3, 1.0, 0, 0, 0, 0, 0, 0, 0, 0, 0, 0, 0, 0, 0, 0, 0, 0);[-50.776791082017596, -45.0437345012124, -46.35907352119956, -46.06156260558764]
(0, 1.0, 0, 0, 0, 0, 0, 0, 1, 0, 0, 0, 0, 0, 0, 0, 0, 0);[45.18243872940944, 50, 50, 50]
(0, 1.0, 0, 0, 0, 0, 0, 0, 1, 0, 0, 0, 0, 0, 0, 0, 1, 0);[38.15358534231673, 42.154068949999996, 38.188224884075765, 41.05205]
(0, 1.0, 0, 0, 0, 0, 0, 0, 2, 0, 0, 0, 0, 0, 0, 0, 1, 0);[50.35, 50, 50, 50.25]
(3, 0.0, 0, 0, 0, 0, 0, 0, 2, 0, 0, 0, 0, 0, 0, 0, 2, 0);[50.475, 50, 50, 50]
(3, 1.0, 0, 0, 0, 0, 0, 0, 2, 0, 0, 0, 0, 0, 0, 0, 2, 0);[50.25, 50, 50, 50]
(0, 0.0, 0, 0, 0, 0, 0, 0, 2, 0, 0, 0, 0, 0, 0, 0, 2, 0);[47.906925, 48.324525, 47.85, 47.85]
(0, 1.0, 0, 0, 0, 0, 0, 0, 2, 0, 0, 0, 0, 0, 0, 0, 2, 0);[48.424425, 47.85, 47.75, 50]
(0, 1.0, 0, 0, 0, 0, 0, 0, 3, 0, 0, 0, 0, 0, 0, 0, 2, 0);[50.855000000000004, 50, 50, 50]
(0, 1.0, 0, 0, 0, 0, 0, 0, 3, 0, 0, 0, 0, 0, 0, 0, 3, 0);[50.55, 50, 50, 50]
(0, 1.0, 0, 0, 0, 0, 0, 0, 4, 0, 0, 0, 0, 0, 0, 0, 3, 0);[51.044999999999995, 50, 50, 50]
(0, 1.0, 0, 0, 0, 0, 0, 0, 4, 0, 0, 0, 0, 0, 0, 0, 4, 0);[60.05912696735524, 50, 50, 50]
(0, 1.0, 0, 1, 0, 0, 0, 0, 4, 0, 0, 0, 0, 0, 0, 0, 4, 0);[51.29935, 50, 50.55, 50]
(2, 0.0, 0, 1, 0, 0, 0, 0, 3, 0, 0, 1, 0, 0, 0, 0, 2, 0);[50.15, 50, 50, 50]
(2, 0.0, 0, 1, 0, 0, 0, 0, 2, 0, 0, 1, 0, 0, 0, 0, 0, 0);[49.65, 50, 50, 50]
(2, 1.0, 0, 1, 0, 0, 0, 0, 0, 0, 0, 1, 0, 0, 0, 0, 0, 0);[49.55, 50, 50, 50]
(0, 0.0, 0, 1, 0, 0, 0, 0, 0, 0, 0, 1, 0, 0, 0, 0, 0, 0);[49.65, 49.85, 50, 50]
(0, 1.0, 0, 1, 0, 0, 0, 0, 0, 0, 0, 1, 0, 0, 0, 0, 0, 0);[49.85, 49.792574455, 50, 50]
(1, 0.0, 0, 0, 1, 0, 0, 0, 0, 0, 0, 0, 0, 0, 0, 0, 0, 0);[49.95, 50.05, 50, 50]
(1, 1.0, 0, 0, 2, 0, 0, 0, 0, 0, 0, 0, 1, 0, 0, 0, 0, 0);[49.85, 50, 50, 50]
(0, 0.0, 0, 0, 2, 0, 0, 0, 0, 0, 0, 0, 1, 0, 0, 0, 0, 0);[49.65, 49.65, 44.83515, 50]
(0, 1.0, 0, 0, 2, 0, 0, 0, 0, 0, 0, 0, 2, 0, 0, 0, 0, 0);[27.483277905749848, 26.899203316941154, 32.554053544785, 31.017471659250003]
(1, 0.0, 0, 0, 2, 0, 0, 0, 0, 0, 0, 0, 2, 0, 0, 0, 0, 0);[22.724579411406147, 23.285501758725005, 27.472113236984992, 27.294820536615]
(1, 1.0, 0, 0, 2, 0, 0, 0, 0, 0, 0, 0, 2, 0, 0, 0, 0, 0);[32.464693295253014, 31.91979170085, 30.921869505749996, 32.7636843]
(0, 0.0, 0, 0, 2, 0, 0, 0, 0, 0, 0, 0, 2, 0, 0, 0, 0, 0);[26.551414097689513, 24.078419596635, 22.61722342965135, 22.222645843784775]
(2, 0.0, 0, 0, 1, 0, 0, 0, 0, 0, 0, 0, 0, 0, 0, 0, 0, 0);[49.34505, 48.15, 50, 50]
(3, 0.0, 0, 0, 1, 0, 0, 0, 0, 0, 0, 0, 0, 0, 0, 0, 0, 0);[49.25, 50, 50, 50]
(3, 1.0, 0, 0, 1, 0, 0, 0, 0, 0, 0, 0, 0, 0, 0, 0, 0, 0);[49.25, 50, 50, 50]
(0, 0.0, 0, 0, 1, 0, 0, 0, 0, 0, 0, 0, 0, 0, 0, 0, 0, 0);[49.35, 50, 50, 50]
(0, 0.0, 0, 0, 1, 0, 0, 0, 0, 0, 0, 0, 1, 0, 0, 0, 0, 0);[28.637363320445, 24.79902154440499, 26.426989324999997, 25.000534905499997]
(0, 1.0, 0, 0, 2, 0, 0, 0, 0, 0, 0, 0, 1, 0, 0, 0, 0, 0);[49.45, 49.45, 50, 50]
(1, 0.0, 0, 0, 2, 0, 0, 0, 0, 0, 0, 0, 1, 0, 0, 0, 0, 0);[50, 50, 49.65, 50]
(1, 0.0, 1, 0, 2, 0, 0, 0, 0, 0, 0, 0, 2, 0, 0, 0, 0, 0);[49.65, 50, 50, 50]
(1, 1.0, 1, 0, 2, 0, 0, 0, 0, 0, 0, 0, 2, 0, 0, 0, 0, 0);[49.45, 50, 50, 50]
(3, 0.0, 0, 0, 2, 0, 0, 0, 0, 0, 0, 0, 2, 0, 0, 0, 0, 0);[27.320783397764995, 27.288533130315, 23.301496550191516, 22.87131583425]
(3, 1.0, 0, 0, 2, 0, 0, 0, 0, 0, 0, 0, 2, 0, 0, 0, 0, 0);[30.46836265386878, 32.210277753615, 32.76724425, 32.76724425]
(0, 0.0, 0, 1, 2, 0, 0, 0, 0, 0, 0, 0, 2, 0, 0, 0, 0, 0);[49.55, 50, 50, 50]
(0, 1.0, 0, 1, 2, 0, 0, 0, 0, 0, 0, 0, 2, 0, 0, 0, 0, 0);[49.65, 50, 50, 50]
(0, 1.0, 0, 1, 2, 0, 0, 0, 0, 0, 0, 1, 2, 0, 0, 0, 0, 0);[49.65, 49.45, 50, 50]
(2, 0.0, 0, 0, 2, 0, 0, 0, 0, 0, 0, 0, 1, 0, 0, 0, 0, 0);[48.65, 50, 50, 50]
(3, 1.0, 0, 0, 0, 0, 1, 0, 0, 0, 0, 0, 0, 0, 0, 0, 0, 0);[46.10033324202903, 50, 50, 50]
(2, 0.0, 1, 0, 0, 0, 0, 0, 0, 0, 0, 0, 0, 0, 0, 0, 0, 0);[49.15, 45.65, 50, 50]
(2, 1.0, 1, 0, 0, 0, 0, 0, 0, 0, 0, 0, 0, 0, 0, 0, 0, 0);[46.2910495679083, 48.85, 45.65, 50]
(1, 1.0, 0, 0, 0, 0, 1, 0, 0, 0, 0, 0, 0, 0, 0, 0, 0, 0);[46.06271261650635, 50, 50, 50]
(1, 0.0, 1, 0, 0, 0, 0, 0, 0, 0, 0, 0, 0, 0, 0, 0, 0, 0);[48.75, 49.35, 45.65, 50]
(1, 1.0, 1, 0, 0, 0, 0, 0, 0, 0, 0, 0, 0, 0, 0, 0, 0, 0);[45.845867126979684, 50, 50, 50]
(3, 0.0, 0, 0, 0, 0, 0, 0, 1, 0, 0, 0, 0, 0, 0, 0, 0, 0);[45.325, 45.500949999999996, 47.55, 47.55]
(3, 1.0, 0, 0, 0, 0, 0, 0, 1, 0, 0, 0, 0, 0, 0, 0, 0, 0);[49.15, 47.36685, 44.68098413255923, 50]
(0, 0.0, 0, 0, 0, 0, 0, 0, 1, 0, 0, 0, 0, 0, 0, 0, 1, 0);[42.000495, 44.43492917247698, 41.647786790680044, 42.10788372940945]
(1, 0.0, 0, 0, 0, 0, 0, 0, 1, 0, 0, 0, 0, 0, 0, 0, 1, 0);[44.097795000000005, 44.058195, 41.368815, 41.435068949999994]
(1, 1.0, 0, 0, 0, 0, 0, 0, 1, 0, 0, 0, 0, 0, 0, 0, 1, 0);[46.805, 45.401849999999996, 45.015, 43.31205]
(3, 0.0, 1, 0, 0, 0, 0, 0, 0, 0, 0, 0, 0, 0, 0, 0, 0, 0);[45.894999999999996, 49.05, 47.85, 46.75]
(3, 1.0, 1, 0, 0, 0, 0, 0, 0, 0, 1, 0, 0, 0, 0, 0, 0, 0);[39.0087, 46.65, 45.45, 45.55]
(0, 0.0, 1, 0, 0, 0, 0, 0, 0, 0, 0, 0, 0, 0, 0, 0, 0, 0);[45.226759589475996, 40.14802453861026, 50, 50]
(1, 0.0, 1, 1, 0, 0, 0, 0, 1, 0, 1, 0, 0, 0, 0, 0, 0, 0);[49.15, 50, 50, 50]
(1, 1.0, 1, 1, 0, 0, 0, 0, 1, 0, 1, 0, 0, 0, 0, 0, 0, 0);[48.65, 50, 50, 50]
(0, 0.0, 0, 1, 0, 0, 0, 0, 1, 0, 0, 0, 0, 0, 0, 0, 0, 0);[48.25, 50, 50, 50]
(0, 0.0, 0, 1, 0, 0, 0, 0, 1, 0, 0, 1, 0, 0, 0, 0, 1, 0);[48.25, 48.45, 48.45, 50]
(0, 1.0, 0, 1, 0, 0, 0, 0, 1, 0, 0, 1, 0, 0, 0, 0, 1, 0);[48.45, 48.35, 50, 48.35]
(3, 0.0, 0, 1, 0, 0, 0, 0, 1, 0, 0, 1, 0, 0, 0, 0, 1, 0);[48.35, 48.35, 50, 50]
(3, 1.0, 0, 1, 0, 0, 0, 0, 1, 0, 0, 1, 0, 0, 0, 0, 1, 0);[48.45, 50, 50, 50]
(2, 0.0, 0, 0, 0, 0, 0, 0, 1, 0, 0, 0, 0, 0, 0, 0, 0, 0);[35.66755440325394, 45.38763518865746, 44.48606628418982, 40.86044338627224]
(3, 1.0, 1, 0, 0, 0, 0, 0, 0, 0, 0, 0, 0, 0, 0, 0, 0, 0);[44.80525974130976, 45.65, 50, 50]
(1, 0.0, 0, 0, 0, 0, 0, 0, 1, 0, 0, 0, 0, 0, 0, 0, 0, 0);[48.15, 50, 50, 50]
(1, 1.0, 0, 0, 0, 0, 0, 0, 1, 0, 0, 0, 0, 0, 0, 0, 0, 0);[47.7853520610335, 46.65, 43.96715219718662, 46.35595]
(3, 0.0, 0, 0, 0, 0, 0, 0, 1, 0, 0, 0, 0, 0, 0, 0, 1, 0);[43.40205, 43.605000000000004, 42.802550000000004, 42.84175895]
(3, 1.0, 0, 0, 0, 0, 0, 0, 1, 0, 0, 0, 0, 0, 0, 0, 1, 0);[43.00997401822976, 47.033695, 43.18458845362667, 45.65]
(3, 0.0, 0, 0, 0, 0, 0, 0, 2, 0, 0, 0, 0, 0, 0, 0, 1, 0);[47.85, 47.85, 50, 50]
(3, 1.0, 0, 0, 0, 0, 0, 0, 2, 0, 0, 0, 0, 0, 0, 0, 1, 0);[47.897025, 50, 50, 50]
(1, 0.0, 0, 0, 0, 0, 0, 0, 2, 0, 0, 0, 0, 0, 0, 0, 2, 0);[47.85, 47.85, 50, 50]
(1, 1.0, 0, 0, 0, 0, 0, 0, 2, 0, 0, 0, 0, 0, 0, 0, 2, 0);[47.85, 50, 50, 50]
(0, 0.0, 1, 0, 0, 0, 0, 0, 1, 0, 0, 0, 0, 0, 0, 0, 1, 0);[46.96266670897246, 44.952505, 50, 50]
(2, 1.0, 0, 0, 0, 0, 0, 0, 1, 0, 0, 0, 0, 0, 0, 0, 0, 0);[46.55, 50, 50, 50]
(0, 0.0, 0, 0, 0, 0, 0, 0, 1, 0, 0, 0, 0, 0, 0, 0, 0, 0);[46.55, 46.345522175031284, 45.159405, 50]
(1, 0.0, 1, 0, 0, 0, 0, 0, 0, 0, 1, 0, 0, 0, 0, 0, 0, 0);[42.544999999999995, 46.55, 45.65, 45.65]
(1, 1.0, 1, 0, 0, 0, 0, 0, 0, 0, 1, 0, 0, 0, 0, 0, 0, 0);[42.0343243561632, 45.65, 45.65, 45.65]
(1, 0.0, 0, 0, 0, 0, 0, 0, 0, 1, 0, 0, 0, 0, 0, 0, 0, 0);[46.35, 46.35, 50, 50]
(1, 1.0, 0, 0, 0, 0, 0, 0, 0, 1, 0, 0, 0, 0, 0, 0, 0, 0);[46.15, 50, 50, 50]
(0, 0.0, 0, 0, 0, 0, 0, 0, 0, 1, 0, 0, 0, 0, 0, 0, 0, 1);[45.95, 45.95, 42.195, 42.00375]
(0, 1.0, 0, 0, 0, 0, 0, 0, 0, 1, 0, 0, 0, 0, 0, 0, 0, 1);[46.05, 46.05, 46.25, 43.1311148487158]
(1, 0.0, 0, 0, 0, 0, 0, 0, 0, 1, 0, 0, 0, 0, 0, 0, 0, 1);[46.05, 46.05, 50, 50]
(1, 1.0, 0, 0, 0, 0, 0, 0, 0, 1, 0, 0, 0, 0, 0, 0, 0, 1);[46.05, 50, 50, 50]
(2, 0.0, 0, 0, 0, 0, 0, 0, 0, 1, 0, 0, 0, 0, 0, 0, 0, 1);[46.35, 46.35, 50, 50]
(2, 1.0, 0, 0, 0, 0, 0, 0, 0, 1, 0, 0, 0, 0, 0, 0, 0, 1);[45.57875, 50, 50, 50]
(2, 0.0, 1, 0, 0, 0, 0, 0, 0, 0, 1, 0, 0, 0, 0, 0, 0, 0);[45.65, 45.75, 45.45, 45.55]
(2, 1.0, 1, 0, 0, 0, 0, 0, 0, 0, 1, 0, 0, 0, 0, 0, 0, 0);[45.65, 45.65, 45.55, 45.55]
(3, 0.0, 1, 0, 0, 0, 0, 0, 0, 0, 1, 0, 0, 0, 0, 0, 0, 0);[45.65, 45.65, 45.55, 45.55]
(3, 1.0, 1, 0, 0, 0, 0, 0, 1, 0, 0, 0, 0, 0, 0, 0, 1, 0);[45.65, 50, 50, 50]
(0, 0.0, 0, 0, 1, 1, 0, 0, 0, 0, 0, 0, 0, 0, 0, 0, 0, 0);[45.55, 50, 50, 50]
(0, 1.0, 0, 0, 1, 1, 0, 0, 0, 0, 0, 0, 0, 0, 0, 0, 0, 0);[45.55, 50, 50, 50]
(0, 1.0, 0, 0, 1, 1, 0, 0, 0, 0, 0, 0, 0, 1, 0, 0, 0, 0);[45.55, 50, 50, 50]
(0, 1.0, 0, 0, 1, 1, 0, 0, 0, 0, 0, 0, 1, 1, 0, 0, 0, 0);[45.55, 45.55, 45.45, 45.25]
(1, 0.0, 0, 0, 1, 1, 0, 0, 0, 0, 0, 0, 1, 1, 0, 0, 0, 0);[45.55, 45.55, 50, 50]
(1, 1.0, 0, 0, 1, 1, 0, 0, 0, 0, 0, 0, 1, 1, 0, 0, 0, 0);[45.55, 50, 50, 50]
(0, 0.0, 0, 0, 1, 1, 0, 0, 0, 0, 0, 0, 1, 1, 0, 0, 0, 0);[45.55, 45.55, 45.35, 45.35]
(2, 0.0, 0, 0, 1, 1, 0, 0, 0, 0, 0, 0, 0, 1, 0, 0, 0, 0);[45.35, 50, 50, 50]
(2, 0.0, 0, 0, 1, 1, 0, 0, 0, 0, 0, 0, 1, 1, 0, 0, 0, 0);[45.35, 50, 50, 50]
(2, 1.0, 0, 0, 1, 1, 0, 0, 0, 0, 0, 0, 1, 1, 0, 0, 0, 0);[45.35, 50, 50, 50]
(3, 0.0, 0, 0, 1, 1, 0, 0, 0, 0, 0, 0, 1, 0, 0, 0, 0, 0);[44.75, 50, 50, 50]
(3, 0.0, 0, 0, 1, 0, 0, 0, 0, 0, 0, 0, 1, 0, 0, 0, 0, 0);[29.03137910525, 30.019150595, 30.454903054999992, 28.587269999999997]
(3, 1.0, 0, 0, 1, 0, 0, 0, 0, 0, 0, 0, 1, 0, 0, 0, 0, 0);[33.953806594999996, 39.263904999999994, 38.73474505, 39.30535]
(0, 1.0, 0, 0, 1, 0, 0, 0, 0, 0, 0, 0, 1, 0, 0, 0, 0, 0);[34.56514505, 34.02464109499999, 33.98419811495, 29.338265830249995]
(1, 0.0, 0, 0, 1, 0, 0, 0, 0, 0, 0, 0, 1, 0, 0, 0, 0, 0);[30.459754549999992, 30.019150595, 29.611044159949998, 29.659510595]
(1, 1.0, 0, 0, 1, 0, 0, 0, 0, 0, 0, 0, 1, 0, 0, 0, 0, 0);[33.447103265944996, 34.46524504999999, 33.62770059499999, 39.16591975]
(2, 0.0, 0, 0, 1, 0, 0, 0, 0, 0, 0, 0, 1, 0, 0, 0, 0, 0);[30.41609109499999, 30.019150595, 29.558613661444998, 29.611044159949994]
(2, 1.0, 0, 0, 1, 0, 0, 0, 0, 0, 0, 0, 1, 0, 0, 0, 0, 0);[32.590086158405, 33.11581664, 34.46524504999999, 38.394141095]
(3, 1.0, 0, 0, 1, 0, 1, 0, 0, 0, 0, 0, 1, 0, 0, 0, 0, 0);[45.25, 50, 50, 50]
(0, 0.0, 0, 0, 1, 0, 1, 0, 0, 0, 0, 0, 1, 0, 0, 0, 0, 0);[44.45995, 50, 50, 50]
(3, 1.0, 0, 0, 2, 0, 0, 0, 0, 0, 0, 0, 1, 0, 0, 0, 0, 0);[44.85, 50, 50, 50]
(2, 0.0, 0, 0, 2, 0, 0, 0, 0, 0, 0, 0, 2, 0, 0, 0, 0, 0);[24.264946688841242, 27.497790109989147, 27.550842588285, 27.03447700575]
(2, 0.0, 0, 0, 2, 0, 0, 0, 1, 0, 0, 0, 2, 0, 0, 0, 0, 0);[45.35, 44.35, 50, 50]
(2, 1.0, 0, 0, 2, 0, 0, 0, 2, 0, 0, 0, 2, 0, 0, 0, 0, 0);[45.45, 50, 50, 50]
(0, 0.0, 0, 0, 2, 0, 0, 0, 3, 0, 0, 0, 2, 0, 0, 0, 0, 0);[45.45, 50, 50, 50]
(0, 0.0, 0, 0, 2, 0, 0, 0, 3, 0, 0, 0, 2, 0, 0, 0, 1, 0);[45.45, 50, 50, 50]
(0, 1.0, 0, 0, 2, 0, 0, 0, 3, 0, 0, 0, 2, 0, 0, 0, 3, 0);[45.45, 45.45, 45.35, 50]
(1, 0.0, 0, 0, 2, 0, 0, 0, 3, 0, 0, 0, 2, 0, 0, 0, 3, 0);[45.45, 45.45, 50, 50]
(1, 1.0, 0, 0, 2, 0, 0, 0, 3, 0, 0, 0, 2, 0, 0, 0, 3, 0);[45.45, 50, 50, 50]
(0, 0.0, 0, 0, 2, 0, 0, 0, 3, 0, 0, 0, 2, 0, 0, 0, 3, 0);[45.45, 45.45, 50, 50]
(2, 0.0, 0, 0, 2, 0, 0, 0, 2, 0, 0, 0, 2, 0, 0, 0, 1, 0);[44.95, 50, 50, 50]
(2, 1.0, 0, 0, 2, 0, 0, 0, 0, 0, 0, 0, 2, 0, 0, 0, 0, 0);[31.756433983710004, 32.950061230375, 32.76724425, 31.27159105008]
(1, 0.0, 0, 0, 2, 1, 0, 0, 0, 0, 0, 0, 2, 0, 0, 0, 0, 0);[44.85, 50, 50, 50]
(1, 0.0, 0, 0, 2, 3, 0, 0, 0, 0, 0, 0, 2, 0, 0, 0, 0, 0);[44.85, 50, 50, 50]
(1, 1.0, 0, 0, 2, 3, 0, 0, 0, 0, 0, 0, 2, 1, 0, 0, 0, 0);[44.85, 50, 50, 50]
(0, 0.0, 0, 0, 2, 3, 0, 0, 0, 0, 0, 0, 2, 2, 0, 0, 0, 0);[44.85, 50, 50, 50]
(0, 0.0, 0, 0, 2, 3, 0, 0, 0, 0, 0, 0, 2, 3, 0, 0, 0, 0);[45.05, 50, 50, 50]
(0, 1.0, 0, 0, 2, 4, 0, 0, 0, 0, 0, 0, 2, 3, 0, 0, 0, 0);[45.25, 50, 50, 50]
(0, 1.0, 0, 0, 2, 5, 0, 0, 0, 0, 0, 0, 2, 3, 0, 0, 0, 0);[45.45, 50, 50, 50]
(0, 1.0, 0, 0, 3, 5, 0, 0, 0, 0, 0, 0, 2, 4, 0, 0, 0, 0);[45.55, 50, 50, 50]
(0, 1.0, 0, 0, 3, 6, 0, 0, 0, 0, 0, 0, 3, 5, 0, 0, 0, 0);[45.55, 50, 50, 50]
(0, 1.0, 0, 0, 3, 6, 0, 0, 0, 0, 0, 0, 3, 6, 0, 0, 0, 0);[45.55, 45.55, 45.55, 45.45]
(1, 0.0, 0, 0, 3, 6, 0, 0, 0, 0, 0, 0, 3, 6, 0, 0, 0, 0);[45.55, 45.55, 50, 50]
(1, 1.0, 0, 0, 3, 6, 0, 0, 0, 0, 0, 0, 3, 6, 0, 0, 0, 0);[45.55, 50, 50, 50]
(0, 0.0, 0, 0, 3, 6, 0, 0, 0, 0, 0, 0, 3, 6, 0, 0, 0, 0);[45.55, 45.55, 45.55, 45.55]
(2, 0.0, 0, 0, 3, 6, 0, 0, 0, 0, 0, 0, 3, 6, 0, 0, 0, 0);[45.55, 45.55, 50, 50]
(2, 1.0, 0, 0, 3, 6, 0, 0, 0, 0, 0, 0, 3, 6, 0, 0, 0, 0);[45.55, 50, 50, 50]
(3, 0.0, 0, 0, 3, 5, 0, 0, 0, 0, 0, 0, 3, 4, 0, 0, 0, 0);[44.85, 50, 50, 50]
(3, 0.0, 0, 0, 3, 4, 0, 0, 0, 0, 0, 0, 3, 1, 0, 0, 0, 0);[44.45, 50, 50, 50]
(3, 1.0, 0, 0, 3, 2, 0, 0, 0, 0, 0, 0, 3, 0, 0, 0, 0, 0);[44.55, 50, 50, 50]
(0, 0.0, 0, 0, 3, 2, 0, 0, 0, 0, 0, 0, 3, 0, 0, 0, 0, 0);[44.75, 50, 50, 50]
(0, 0.0, 0, 0, 3, 2, 0, 0, 0, 0, 0, 0, 3, 2, 0, 0, 0, 0);[40.405, 44.95, 44.95, 44.95]
(0, 1.0, 0, 0, 3, 2, 0, 0, 0, 0, 0, 0, 3, 2, 0, 0, 0, 0);[44.95, 44.95, 44.95, 44.85]
(1, 0.0, 0, 0, 3, 2, 0, 0, 0, 0, 0, 0, 3, 2, 0, 0, 0, 0);[44.95, 44.95, 50, 50]
(1, 1.0, 0, 0, 3, 2, 0, 0, 0, 0, 0, 0, 3, 2, 0, 0, 0, 0);[44.95, 50, 50, 50]
(2, 0.0, 0, 0, 3, 2, 0, 0, 0, 0, 0, 0, 3, 2, 0, 0, 0, 0);[44.95, 44.95, 50, 50]
(2, 1.0, 0, 0, 3, 2, 0, 0, 0, 0, 0, 0, 3, 2, 0, 0, 0, 0);[44.95, 50, 50, 50]
(3, 0.0, 0, 0, 3, 2, 0, 0, 0, 0, 0, 0, 3, 1, 0, 0, 0, 0);[44.45, 50, 50, 50]
(3, 0.0, 0, 0, 3, 1, 0, 0, 0, 0, 0, 0, 3, 0, 0, 0, 0, 0);[43.95, 50, 50, 50]
(3, 1.0, 0, 0, 3, 0, 0, 0, 0, 0, 0, 0, 3, 0, 0, 0, 0, 0);[31.636672860049995, 26.895151875545004, 31.429771716545, 27.833277805550004]
(0, 0.0, 0, 0, 3, 0, 0, 0, 0, 0, 0, 0, 3, 0, 0, 0, 0, 0);[22.973937210050003, 23.846159964500007, 23.346764310049995, 25.149406114]
(0, 1.0, 0, 0, 3, 0, 0, 0, 0, 0, 0, 0, 3, 0, 0, 0, 0, 0);[27.833277805550004, 26.0504379894905, 32.42219429555, 32.37323830055]
(1, 0.0, 0, 0, 3, 0, 0, 0, 0, 0, 0, 0, 3, 0, 0, 0, 0, 0);[18.37122084354051, 23.346764310049995, 22.853247825545, 18.766478640590005]
(1, 1.0, 0, 0, 3, 0, 0, 0, 0, 0, 0, 0, 3, 0, 0, 0, 0, 0);[26.990305232040004, 27.833277805550004, 26.889772101254454, 32.872633955000005]
(2, 0.0, 0, 0, 3, 0, 0, 0, 0, 0, 0, 0, 3, 0, 0, 0, 0, 0);[23.297857271045007, 23.791818810049996, 23.253796875545003, 22.798961012249457]
(2, 1.0, 0, 0, 3, 0, 0, 0, 0, 0, 0, 0, 3, 0, 0, 0, 0, 0);[28.4270553595, 31.434618360050003, 27.833277805550004, 31.429771716545]
(3, 0.0, 0, 0, 3, 0, 0, 0, 0, 0, 0, 0, 3, 0, 0, 0, 0, 0);[23.297857271045007, 23.346764310049995, 27.833277805550004, 28.278332305550002]
(0, 0.0, 1, 0, 3, 0, 0, 0, 0, 0, 0, 0, 3, 0, 0, 0, 0, 0);[44.65, 42.101770335045, 50, 50]
(0, 1.0, 1, 0, 3, 0, 0, 0, 0, 0, 0, 0, 3, 0, 0, 0, 0, 0);[44.45, 44.45, 50, 50]
(1, 0.0, 1, 0, 3, 0, 0, 0, 0, 0, 0, 0, 3, 0, 0, 0, 0, 0);[44.55, 44.75, 50, 50]
(1, 1.0, 1, 0, 3, 0, 0, 0, 0, 0, 1, 0, 3, 0, 0, 0, 0, 0);[44.65, 50, 50, 50]
(0, 0.0, 0, 0, 4, 0, 0, 0, 0, 0, 0, 0, 3, 0, 0, 0, 0, 0);[44.95, 50, 50, 50]
(0, 0.0, 0, 0, 5, 0, 0, 0, 0, 0, 0, 0, 3, 0, 0, 0, 0, 0);[45.05, 50, 50, 50]
(0, 1.0, 0, 0, 6, 0, 0, 0, 0, 0, 0, 0, 5, 0, 0, 0, 0, 0);[45.05, 45.05, 50, 50]
(1, 0.0, 0, 0, 6, 0, 0, 0, 0, 0, 0, 0, 6, 0, 0, 0, 0, 0);[23.504512030511496, 19.507707947313097, 19.911791603170037, 22.759645212460484]
(1, 1.0, 0, 0, 6, 0, 0, 0, 0, 0, 0, 0, 6, 0, 0, 0, 0, 0);[30.026716875419496, 31.12938010494999, 26.011166598846994, 30.10297811478904]
(0, 0.0, 0, 0, 6, 0, 0, 0, 0, 0, 0, 0, 6, 0, 0, 0, 0, 0);[23.554350797369494, 23.842028426008227, 23.10544311935454, 23.467085423718704]
(0, 1.0, 0, 0, 6, 0, 0, 0, 0, 0, 0, 0, 6, 0, 0, 0, 0, 0);[31.12938010494999, 28.868655806959598, 30.182430150924848, 28.965670160280936]
(2, 0.0, 0, 0, 6, 0, 0, 0, 0, 0, 0, 0, 6, 0, 0, 0, 0, 0);[19.808299075992498, 22.29935433241336, 23.47633500447654, 23.094168670634012]
(2, 1.0, 0, 0, 6, 0, 0, 0, 0, 0, 0, 0, 6, 0, 0, 0, 0, 0);[31.297617644005, 29.709701780009496, 31.628480405050006, 29.312130645113097]
(3, 0.0, 0, 0, 6, 0, 0, 0, 0, 0, 0, 0, 6, 0, 0, 0, 0, 0);[23.481756590635, 19.646225767955485, 23.1342569636226, 20.199315745528786]
(3, 1.0, 0, 0, 6, 0, 0, 0, 0, 0, 0, 0, 6, 0, 0, 0, 0, 0);[25.43235965596405, 28.887214617460486, 29.0046773126885, 27.79445552224555]
(0, 0.0, 0, 0, 7, 0, 0, 0, 0, 0, 0, 0, 6, 0, 0, 0, 0, 0);[45.45, 50, 50, 50]
(0, 0.0, 0, 0, 8, 1, 0, 0, 0, 0, 0, 0, 7, 0, 0, 0, 0, 0);[45.65, 50, 50, 50]
(0, 1.0, 0, 0, 8, 2, 0, 0, 0, 0, 0, 0, 8, 0, 0, 0, 0, 0);[45.65, 50, 50, 50]
(0, 1.0, 0, 0, 8, 2, 0, 0, 0, 0, 0, 0, 8, 1, 0, 0, 0, 0);[45.65, 50, 50, 50]
(0, 1.0, 0, 0, 8, 2, 0, 0, 0, 0, 0, 0, 8, 2, 0, 0, 0, 0);[45.65, 45.65, 45.65, 45.55]
(1, 0.0, 0, 0, 8, 2, 0, 0, 0, 0, 0, 0, 8, 2, 0, 0, 0, 0);[45.65, 45.65, 50, 50]
(1, 1.0, 0, 0, 8, 2, 0, 0, 0, 0, 0, 0, 8, 2, 0, 0, 0, 0);[45.65, 50, 50, 50]
(0, 0.0, 0, 0, 8, 2, 0, 0, 0, 0, 0, 0, 8, 2, 0, 0, 0, 0);[45.65, 45.65, 45.65, 45.65]
(2, 0.0, 0, 0, 8, 2, 0, 0, 0, 0, 0, 0, 8, 2, 0, 0, 0, 0);[45.65, 45.65, 50, 50]
(2, 1.0, 0, 0, 8, 2, 0, 0, 0, 0, 0, 0, 8, 2, 0, 0, 0, 0);[45.65, 50, 50, 50]
(3, 0.0, 0, 0, 8, 1, 0, 0, 0, 0, 0, 0, 8, 0, 0, 0, 0, 0);[45.15, 50, 50, 50]
(3, 0.0, 0, 0, 8, 0, 0, 0, 0, 0, 0, 0, 8, 0, 0, 0, 0, 0);[45.05, 50, 50, 50]
(3, 1.0, 0, 0, 8, 0, 0, 0, 0, 0, 0, 0, 8, 0, 0, 0, 0, 0);[45.35, 50, 50, 50]
(0, 0.0, 0, 0, 8, 0, 0, 0, 0, 0, 0, 0, 8, 0, 0, 0, 0, 0);[45.35, 45.35, 50, 50]
(0, 1.0, 0, 0, 8, 0, 0, 0, 0, 0, 0, 0, 8, 0, 0, 0, 0, 0);[45.35, 45.55, 50, 50]
(1, 0.0, 0, 0, 8, 1, 0, 0, 0, 0, 0, 0, 8, 0, 0, 0, 0, 0);[45.85, 50, 50, 50]
(1, 0.0, 0, 0, 9, 2, 0, 0, 0, 0, 0, 0, 8, 0, 0, 0, 0, 0);[45.95, 50, 50, 50]
(1, 1.0, 0, 0, 9, 2, 0, 0, 0, 0, 0, 0, 9, 1, 0, 0, 0, 0);[45.95, 50, 50, 50]
(0, 0.0, 0, 0, 9, 2, 0, 0, 0, 0, 0, 0, 9, 2, 0, 0, 0, 0);[23.576189677628903, 23.219599226294257, 22.860111314278864, 23.2520693918594]
(0, 1.0, 0, 0, 9, 2, 0, 0, 0, 0, 0, 0, 9, 2, 0, 0, 0, 0);[29.790459520245953, 29.165017572063235, 28.826835047577063, 33.16439508210096]
(1, 0.0, 0, 0, 9, 2, 0, 0, 0, 0, 0, 0, 9, 2, 0, 0, 0, 0);[22.60220011585176, 23.508027765532088, 22.763821864445703, 22.79237017455304]
(1, 1.0, 0, 0, 9, 2, 0, 0, 0, 0, 0, 0, 9, 2, 0, 0, 0, 0);[27.93277616117951, 29.790459520245953, 32.51229332597645, 28.29819991230227]
(2, 0.0, 0, 0, 9, 2, 0, 0, 0, 0, 0, 0, 9, 2, 0, 0, 0, 0);[23.045280649538466, 23.508416417874756, 26.452017922272308, 26.74431047227231]
(2, 1.0, 0, 0, 9, 2, 0, 0, 0, 0, 0, 0, 9, 2, 0, 0, 0, 0);[31.839006498120504, 27.1016298114397, 29.790459520245953, 31.489668090002237]
(3, 0.0, 0, 0, 9, 2, 0, 0, 0, 0, 0, 0, 9, 2, 0, 0, 0, 0);[26.41993001398113, 23.71019177883857, 26.708268588495002, 23.06995268569123]
(3, 1.0, 0, 0, 9, 2, 0, 0, 0, 0, 0, 0, 9, 2, 0, 0, 0, 0);[31.1835954057449, 27.534201649765407, 31.497174219157156, 29.790459520245953]
(1, 0.0, 0, 0, 9, 4, 0, 0, 0, 0, 0, 0, 9, 2, 0, 0, 0, 0);[46.45, 50, 50, 50]
(1, 1.0, 0, 0, 9, 5, 0, 0, 0, 0, 0, 0, 9, 3, 0, 0, 0, 0);[46.55, 50, 50, 50]
(0, 0.0, 0, 0, 9, 6, 0, 0, 0, 0, 0, 0, 9, 4, 0, 0, 0, 0);[46.55, 50, 50, 50]
(0, 0.0, 0, 0, 9, 6, 0, 0, 0, 0, 0, 0, 9, 6, 0, 0, 0, 0);[10.286463333430545, 11.53239945512713, 11.142949257805478, 9.536611001754567]
(0, 1.0, 0, 0, 9, 6, 0, 0, 0, 0, 0, 0, 9, 6, 0, 0, 0, 0);[18.91407594537319, 16.864330940800897, 20.28560266619511, 19.46469720476659]
(1, 0.0, 0, 0, 9, 6, 0, 0, 0, 0, 0, 0, 9, 6, 0, 0, 0, 0);[8.26869162470531, 8.848537854811138, 11.1541018432438, 10.857764888607045]
(1, 1.0, 0, 0, 9, 6, 0, 0, 0, 0, 0, 0, 9, 6, 0, 0, 0, 0);[18.4974901565898, 15.056334725130718, 18.057552444984893, 14.3661265683009]
(2, 0.0, 0, 0, 9, 6, 0, 0, 0, 0, 0, 0, 9, 6, 0, 0, 0, 0);[11.597185962529046, 11.121132634718428, 10.715686736875346, 10.920071791599746]
(2, 1.0, 0, 0, 9, 6, 0, 0, 0, 0, 0, 0, 9, 6, 0, 0, 0, 0);[17.568732229108054, 16.908134488201227, 18.574909634765483, 17.552970335046265]
(3, 0.0, 0, 0, 9, 6, 0, 0, 0, 0, 0, 0, 9, 6, 0, 0, 0, 0);[8.635377003024676, 10.803570157127556, 11.27087170285537, 9.574491249323954]
(3, 1.0, 0, 0, 9, 6, 0, 0, 0, 0, 0, 0, 9, 6, 0, 0, 0, 0);[20.549319342044072, 17.04260805220096, 16.711249190325958, 18.475408635764985]
(3, 1.0, 1, 0, 9, 6, 0, 0, 0, 0, 0, 0, 9, 6, 0, 0, 0, 0);[46.75, 50, 50, 50]
(0, 0.0, 1, 0, 9, 6, 0, 0, 0, 0, 0, 0, 9, 6, 0, 0, 0, 0);[46.75, 46.75, 50, 50]
(0, 1.0, 1, 0, 9, 6, 0, 0, 0, 0, 0, 0, 9, 6, 0, 0, 0, 0);[46.65, 46.55, 50, 50]
(1, 0.0, 1, 0, 9, 6, 0, 0, 0, 0, 0, 0, 9, 6, 0, 0, 0, 0);[46.55, 50, 50, 50]
(1, 0.0, 1, 0, 9, 6, 0, 0, 0, 0, 1, 0, 9, 6, 0, 0, 0, 0);[46.65, 50, 50, 50]
(1, 1.0, 1, 0, 9, 6, 0, 0, 0, 0, 1, 0, 9, 6, 0, 0, 0, 0);[44.84566208620741, 50, 50, 50]
(0, 0.0, 0, 0, 9, 7, 0, 0, 0, 0, 0, 0, 9, 7, 0, 0, 0, 0);[3.6127449402246947, 2.7724884108783927, 2.2969264324027927, 3.9022783924822333]
(0, 1.0, 0, 0, 9, 7, 0, 0, 0, 0, 0, 0, 9, 7, 0, 0, 0, 0);[11.075701715272148, 8.60474703040967, 9.93511818185774, 9.987467095551736]
(1, 0.0, 0, 0, 9, 7, 0, 0, 0, 0, 0, 0, 9, 7, 0, 0, 0, 0);[7.321326224096977, 2.761662028958664, 3.5471473017476605, 3.894438424440703]
(1, 1.0, 0, 0, 9, 7, 0, 0, 0, 0, 0, 0, 9, 7, 0, 0, 0, 0);[9.291209336596436, 11.075701715272148, 10.173532276868386, 10.676806051863462]
(2, 0.0, 0, 0, 9, 7, 0, 0, 0, 0, 0, 0, 9, 7, 0, 0, 0, 0);[4.544018866937722, 3.2547119296077818, 3.5466936401317986, 4.311519743117378]
(2, 1.0, 0, 0, 9, 7, 0, 0, 0, 0, 0, 0, 9, 7, 0, 0, 0, 0);[9.010146684294076, 9.364271093905987, 11.075701715272148, 9.869364215563479]
(3, 0.0, 0, 0, 9, 7, 0, 0, 0, 0, 0, 0, 9, 7, 0, 0, 0, 0);[3.5367022705715887, 3.8822803560506713, 4.4884294881965845, 4.260280889434587]
(3, 1.0, 0, 0, 9, 7, 0, 0, 0, 0, 0, 0, 9, 7, 0, 0, 0, 0);[9.48426413919905, 9.554648484424392, 10.116913117346845, 11.075701715272148]
(1, 1.0, 0, 0, 9, 7, 0, 0, 1, 0, 0, 0, 9, 7, 0, 0, 0, 0);[48.55, 50, 50, 50]
(0, 0.0, 0, 0, 9, 7, 0, 0, 1, 0, 0, 0, 9, 7, 0, 0, 0, 0);[48.55, 50, 50, 50]
(0, 0.0, 0, 0, 9, 7, 0, 0, 1, 0, 0, 0, 9, 7, 0, 0, 1, 0);[48.55, 48.55, 48.55, 50]
(0, 1.0, 0, 0, 9, 7, 0, 0, 1, 0, 0, 0, 9, 7, 0, 0, 1, 0);[48.55, 48.55, 48.25, 50]
(1, 0.0, 0, 0, 9, 7, 0, 0, 1, 0, 0, 0, 9, 7, 0, 0, 1, 0);[48.55, 48.55, 50, 50]
(1, 1.0, 0, 0, 9, 7, 0, 0, 1, 0, 0, 0, 9, 7, 0, 0, 1, 0);[48.55, 50, 50, 50]
(2, 0.0, 0, 0, 9, 7, 0, 0, 1, 0, 0, 0, 8, 7, 0, 0, 0, 0);[47.45, 50, 50, 50]
(2, 0.0, 0, 0, 8, 7, 0, 0, 0, 0, 0, 0, 5, 6, 0, 0, 0, 0);[47.05, 50, 50, 50]
(2, 1.0, 0, 0, 7, 6, 0, 0, 0, 0, 0, 0, 2, 4, 0, 0, 0, 0);[46.95, 50, 50, 50]
(0, 0.0, 0, 0, 7, 6, 0, 0, 0, 0, 0, 0, 1, 4, 0, 0, 0, 0);[47.15, 50, 50, 50]
(0, 0.0, 0, 0, 7, 6, 0, 0, 0, 0, 0, 0, 2, 4, 0, 0, 0, 0);[47.25, 50, 50, 50]
(0, 1.0, 0, 0, 8, 6, 0, 0, 0, 0, 0, 0, 4, 3, 0, 0, 0, 0);[47.25, 50, 50, 50]
(0, 1.0, 0, 0, 8, 6, 0, 0, 0, 0, 0, 0, 5, 4, 0, 0, 0, 0);[47.35, 50, 50, 50]
(0, 1.0, 0, 0, 8, 7, 0, 0, 0, 0, 0, 0, 7, 5, 0, 0, 0, 0);[47.35, 50, 50, 50]
(0, 1.0, 0, 0, 7, 8, 0, 0, 0, 0, 0, 0, 7, 6, 0, 0, 0, 0);[47.35, 50, 50, 50]
(0, 1.0, 0, 0, 7, 8, 0, 0, 0, 0, 0, 0, 7, 8, 0, 0, 0, 0);[47.35, 47.35, 47.25, 50]
(1, 0.0, 0, 0, 7, 8, 0, 0, 0, 0, 0, 0, 7, 8, 0, 0, 0, 0);[47.35, 50, 50, 47.35]
(1, 1.0, 0, 0, 7, 8, 0, 0, 0, 0, 0, 0, 7, 8, 0, 0, 0, 0);[47.35, 50, 50, 50]
(0, 0.0, 0, 0, 7, 8, 0, 0, 0, 0, 0, 0, 7, 8, 0, 0, 0, 0);[47.35, 47.35, 50, 50]
(2, 0.0, 0, 0, 6, 8, 0, 0, 0, 0, 0, 0, 5, 8, 0, 0, 0, 0);[46.95, 50, 50, 50]
(2, 0.0, 0, 0, 6, 8, 0, 0, 0, 0, 0, 0, 2, 8, 0, 0, 0, 0);[46.95, 50, 50, 50]
(2, 1.0, 0, 0, 6, 8, 0, 0, 0, 0, 0, 0, 1, 8, 0, 0, 0, 0);[46.95, 50, 50, 50]
(0, 0.0, 0, 0, 6, 8, 0, 0, 0, 0, 0, 0, 2, 8, 0, 0, 0, 0);[46.95, 50, 50, 50]
(0, 0.0, 0, 0, 6, 8, 0, 0, 0, 0, 0, 0, 4, 8, 0, 0, 0, 0);[46.95, 50, 50, 50]
(0, 1.0, 0, 0, 6, 8, 0, 0, 0, 0, 0, 0, 6, 8, 0, 0, 0, 0);[46.95, 46.95, 46.95, 46.85]
(1, 0.0, 0, 0, 6, 8, 0, 0, 0, 0, 0, 0, 6, 8, 0, 0, 0, 0);[46.95, 46.95, 50, 50]
(1, 1.0, 0, 0, 6, 8, 0, 0, 0, 0, 0, 0, 6, 8, 0, 0, 0, 0);[46.95, 50, 50, 50]
(0, 0.0, 0, 0, 6, 8, 0, 0, 0, 0, 0, 0, 6, 8, 0, 0, 0, 0);[46.95, 46.95, 46.95, 46.95]
(2, 0.0, 0, 0, 6, 8, 0, 0, 0, 0, 0, 0, 6, 8, 0, 0, 0, 0);[46.95, 46.95, 50, 50]
(2, 1.0, 0, 0, 6, 8, 0, 0, 0, 0, 0, 0, 6, 8, 0, 0, 0, 0);[46.95, 50, 50, 50]
(3, 0.0, 0, 0, 6, 7, 0, 0, 0, 0, 0, 0, 6, 6, 0, 0, 0, 0);[46.35, 50, 50, 50]
(3, 0.0, 0, 0, 6, 6, 0, 0, 0, 0, 0, 0, 6, 3, 0, 0, 0, 0);[45.85, 50, 50, 50]
(3, 1.0, 0, 0, 6, 4, 0, 0, 0, 0, 0, 0, 6, 1, 0, 0, 0, 0);[46.05, 50, 50, 50]
(0, 0.0, 0, 0, 6, 4, 0, 0, 0, 0, 0, 0, 6, 0, 0, 0, 0, 0);[46.25, 50, 50, 50]
(0, 0.0, 0, 0, 6, 4, 0, 0, 0, 0, 0, 0, 6, 2, 0, 0, 0, 0);[46.35, 50, 50, 50]
(0, 1.0, 0, 0, 6, 4, 0, 0, 0, 0, 0, 0, 6, 4, 0, 0, 0, 0);[46.35, 46.35, 46.35, 46.25]
(1, 0.0, 0, 0, 6, 4, 0, 0, 0, 0, 0, 0, 6, 4, 0, 0, 0, 0);[46.35, 46.35, 50, 50]
(1, 1.0, 0, 0, 6, 4, 0, 0, 0, 0, 0, 0, 6, 4, 0, 0, 0, 0);[46.35, 50, 50, 50]
(0, 0.0, 0, 0, 6, 4, 0, 0, 0, 0, 0, 0, 6, 4, 0, 0, 0, 0);[46.35, 46.35, 46.35, 46.35]
(2, 0.0, 0, 0, 6, 4, 0, 0, 0, 0, 0, 0, 6, 4, 0, 0, 0, 0);[46.35, 46.35, 50, 50]
(2, 1.0, 0, 0, 6, 4, 0, 0, 0, 0, 0, 0, 6, 4, 0, 0, 0, 0);[46.35, 50, 50, 50]
(3, 0.0, 0, 0, 6, 4, 0, 0, 0, 0, 0, 0, 6, 2, 0, 0, 0, 0);[45.85, 50, 50, 50]
(3, 0.0, 0, 0, 6, 2, 0, 0, 0, 0, 0, 0, 6, 0, 0, 0, 0, 0);[45.25, 50, 50, 50]
(3, 1.0, 0, 0, 6, 1, 0, 0, 0, 0, 0, 0, 6, 0, 0, 0, 0, 0);[45.35, 50, 50, 50]
(0, 0.0, 0, 0, 6, 1, 0, 0, 0, 0, 0, 0, 6, 0, 0, 0, 0, 0);[45.65, 50, 50, 50]
(0, 0.0, 0, 0, 6, 1, 0, 0, 0, 0, 0, 0, 6, 1, 0, 0, 0, 0);[41.925, 45.75, 45.75, 45.75]
(0, 1.0, 0, 0, 6, 1, 0, 0, 0, 0, 0, 0, 6, 1, 0, 0, 0, 0);[45.75, 45.75, 45.75, 45.14015]
(1, 0.0, 0, 0, 6, 1, 0, 0, 0, 0, 0, 0, 6, 1, 0, 0, 0, 0);[45.75, 45.75, 50, 50]
(1, 1.0, 0, 0, 6, 1, 0, 0, 0, 0, 0, 0, 6, 1, 0, 0, 0, 0);[45.75, 50, 50, 50]
(2, 0.0, 0, 0, 6, 1, 0, 0, 0, 0, 0, 0, 6, 1, 0, 0, 0, 0);[45.75, 45.75, 50, 50]
(2, 1.0, 0, 0, 6, 1, 0, 0, 0, 0, 0, 0, 6, 1, 0, 0, 0, 0);[45.75, 50, 50, 50]
(2, 1.0, 0, 0, 6, 0, 1, 0, 0, 0, 0, 0, 6, 0, 0, 0, 0, 0);[45.85, 50, 50, 50]
(0, 0.0, 0, 0, 6, 0, 1, 0, 0, 0, 0, 0, 6, 0, 0, 0, 0, 0);[45.85, 50, 50, 50]
(0, 0.0, 0, 0, 6, 0, 1, 0, 0, 0, 0, 0, 6, 0, 1, 0, 0, 0);[-24.334937044210427, -23.345128682931215, -23.584047117730695, -23.109407390436814]
(0, 1.0, 0, 0, 6, 0, 1, 0, 0, 0, 0, 0, 6, 0, 1, 0, 0, 0);[-14.256213094939106, -15.92956739320006, -14.61922532158487, -15.009036877737383]
(1, 0.0, 0, 0, 6, 0, 1, 0, 0, 0, 0, 0, 6, 0, 1, 0, 0, 0);[-23.342147761044412, -23.572965127729375, -22.27473653238295, -21.930863117934745]
(1, 1.0, 0, 0, 6, 0, 1, 0, 0, 0, 0, 0, 6, 0, 1, 0, 0, 0);[-13.187598477521565, -14.227346850236634, -15.427184191833788, -15.900738616383347]
(2, 0.0, 0, 0, 6, 0, 1, 0, 0, 0, 0, 0, 6, 0, 1, 0, 0, 0);[-18.086305203016146, -23.740953007273983, -23.187321582709423, -24.570911314939448]
(2, 1.0, 0, 0, 6, 0, 1, 0, 0, 0, 0, 0, 6, 0, 1, 0, 0, 0);[-14.958706620013706, -14.350223582418366, -13.85907393652803, -17.03683714412674]
(3, 0.0, 0, 0, 6, 0, 1, 0, 0, 0, 0, 0, 6, 0, 1, 0, 0, 0);[-25.10020486567712, -24.649225288313872, -25.436232400891605, -24.06709761026204]
(3, 1.0, 0, 0, 6, 0, 1, 0, 0, 0, 0, 0, 6, 0, 1, 0, 0, 0);[-17.608763418443075, -16.9316060452164, -18.12714695358989, -14.755284145452222]
(3, 0.0, 0, 0, 6, 1, 1, 0, 0, 0, 0, 0, 6, 0, 1, 0, 0, 0);[47.35, 44.02593944739145, 43.698125350845785, 43.249427225494934]
(3, 1.0, 0, 0, 6, 2, 1, 0, 0, 0, 0, 0, 6, 0, 1, 0, 0, 0);[47.35, 50, 50, 50]
(0, 0.0, 0, 0, 6, 2, 1, 0, 0, 0, 0, 0, 6, 0, 1, 0, 0, 0);[45.335, 50, 50, 50]
(0, 0.0, 0, 0, 6, 2, 1, 0, 1, 0, 0, 0, 6, 1, 1, 0, 0, 0);[50, 50, 50, 47.75]
(0, 1.0, 0, 0, 6, 2, 1, 0, 2, 0, 0, 0, 6, 2, 1, 0, 0, 0);[47.75, 47.75, 50, 50]
(1, 0.0, 0, 0, 6, 2, 1, 0, 2, 0, 0, 0, 6, 2, 1, 0, 2, 0);[47.75, 47.75, 48.05, 48.05]
(1, 1.0, 0, 0, 6, 2, 1, 0, 2, 0, 0, 0, 6, 2, 1, 0, 2, 0);[47.75, 48.05, 47.85, 50]
(0, 0.0, 0, 0, 6, 2, 1, 0, 2, 0, 0, 0, 6, 2, 1, 0, 2, 0);[47.75, 47.85, 50, 50]
(0, 1.0, 0, 0, 6, 2, 1, 0, 2, 0, 0, 0, 6, 2, 1, 0, 2, 0);[48.05, 48.05, 50, 50]
(2, 0.0, 0, 0, 6, 2, 1, 0, 1, 0, 0, 0, 6, 2, 1, 0, 0, 0);[47.45, 50, 50, 50]
(2, 0.0, 0, 0, 6, 2, 1, 0, 0, 0, 0, 0, 6, 2, 1, 0, 0, 0);[44.775, 47.25, 47.25, 47.25]
(2, 1.0, 0, 0, 6, 2, 1, 0, 0, 0, 0, 0, 6, 2, 1, 0, 0, 0);[47.25, 47.25, 47.25, 47.15]
(0, 0.0, 0, 0, 6, 2, 1, 0, 0, 0, 0, 0, 6, 2, 1, 0, 0, 0);[47.25, 47.25, 47.25, 47.25]
(0, 1.0, 0, 0, 6, 2, 1, 0, 0, 0, 0, 0, 6, 2, 1, 0, 0, 0);[47.25, 47.25, 47.25, 50]
(1, 0.0, 0, 0, 6, 2, 1, 0, 0, 0, 0, 0, 6, 2, 1, 0, 0, 0);[47.25, 47.25, 47.25, 47.25]
(1, 1.0, 0, 0, 6, 2, 1, 0, 0, 0, 0, 0, 6, 2, 1, 0, 0, 0);[47.25, 47.25, 47.25, 50]
(1, 1.0, 0, 0, 6, 1, 1, 0, 0, 0, 0, 0, 6, 0, 1, 0, 0, 0);[47.35, 47.25, 50, 50]
(0, 0.0, 0, 0, 6, 3, 1, 0, 0, 0, 0, 0, 6, 1, 1, 0, 0, 0);[47.45, 50, 50, 50]
(0, 1.0, 0, 0, 6, 3, 1, 0, 0, 0, 0, 0, 6, 1, 1, 0, 0, 0);[47.45, 50, 50, 50]
(0, 1.0, 0, 0, 6, 3, 1, 0, 0, 0, 0, 0, 6, 3, 1, 0, 0, 0);[44.902550000000005, 45.155, 47.45, 47.35]
(1, 0.0, 0, 0, 6, 3, 1, 0, 0, 0, 0, 0, 6, 3, 1, 0, 0, 0);[44.902550000000005, 45.155, 47.45, 47.45]
(1, 1.0, 0, 0, 6, 3, 1, 0, 0, 0, 0, 0, 6, 3, 1, 0, 0, 0);[47.45, 47.45, 47.45, 47.35]
(0, 0.0, 0, 0, 6, 3, 1, 0, 0, 0, 0, 0, 6, 3, 1, 0, 0, 0);[47.45, 47.45, 47.45, 47.45]
(2, 0.0, 0, 0, 6, 3, 1, 0, 0, 0, 0, 0, 6, 3, 1, 0, 0, 0);[47.45, 47.45, 47.45, 47.45]
(2, 1.0, 0, 0, 6, 3, 1, 0, 0, 0, 0, 0, 6, 3, 1, 0, 0, 0);[47.45, 47.19755, 50, 50]
(3, 0.0, 0, 0, 6, 2, 1, 0, 0, 0, 0, 0, 6, 1, 1, 0, 0, 0);[46.75, 46.95, 50, 50]
(1, 1.0, 0, 0, 6, 2, 1, 0, 0, 0, 0, 0, 6, 0, 1, 0, 0, 0);[47.45, 50, 50, 50]
(0, 0.0, 0, 0, 6, 3, 1, 0, 0, 0, 0, 0, 6, 0, 1, 0, 0, 0);[47.45, 50, 50, 50]
(0, 0.0, 0, 0, 6, 3, 1, 0, 0, 0, 0, 0, 6, 2, 1, 0, 0, 0);[47.45, 50, 50, 50]
(0, 1.0, 0, 0, 6, 3, 1, 0, 0, 0, 0, 0, 6, 2, 1, 0, 0, 0);[47.19755, 50, 50, 50]
(1, 1.0, 0, 0, 6, 0, 1, 0, 1, 0, 0, 0, 6, 0, 1, 0, 0, 0);[47.45, 50, 50, 50]
(0, 0.0, 0, 0, 6, 0, 1, 0, 2, 0, 0, 0, 6, 0, 1, 0, 0, 0);[47.45, 47.45, 50, 50]
(0, 1.0, 0, 0, 6, 0, 1, 0, 2, 0, 0, 0, 6, 0, 1, 0, 2, 0);[47.45, 47.45, 47.25, 50]
(1, 0.0, 0, 0, 6, 0, 1, 0, 2, 0, 0, 0, 6, 0, 1, 0, 2, 0);[47.45, 47.45, 50, 50]
(1, 1.0, 0, 0, 6, 0, 1, 0, 2, 0, 0, 0, 6, 0, 1, 0, 2, 0);[47.45, 50, 50, 50]
(0, 0.0, 0, 0, 6, 0, 1, 0, 2, 0, 0, 0, 6, 0, 1, 0, 2, 0);[47.45, 47.45, 50, 50]
(2, 0.0, 0, 0, 6, 0, 1, 0, 2, 0, 0, 0, 6, 0, 1, 0, 1, 0);[42.20281709005118, 50, 50, 50]
(2, 1.0, 0, 0, 6, 0, 1, 0, 1, 0, 0, 0, 6, 0, 1, 0, 0, 0);[47.35, 50, 50, 50]
(0, 0.0, 0, 0, 6, 0, 1, 0, 1, 0, 0, 0, 6, 0, 1, 0, 0, 0);[47.35, 47.35, 50, 50]
(0, 1.0, 0, 0, 6, 0, 1, 0, 1, 0, 0, 0, 6, 0, 1, 0, 1, 0);[47.35, 47.35, 47.15, 50]
(1, 0.0, 0, 0, 6, 0, 1, 0, 1, 0, 0, 0, 6, 0, 1, 0, 1, 0);[47.35, 47.35, 50, 50]
(1, 1.0, 0, 0, 6, 0, 1, 0, 1, 0, 0, 0, 6, 0, 1, 0, 1, 0);[47.35, 50, 50, 50]
(0, 0.0, 0, 0, 6, 0, 1, 0, 1, 0, 0, 0, 6, 0, 1, 0, 1, 0);[47.35, 47.35, 50, 50]
(2, 0.0, 0, 0, 6, 0, 1, 0, 1, 0, 0, 0, 6, 0, 1, 0, 0, 0);[40.39298748629328, 50, 50, 50]
(2, 1.0, 0, 0, 6, 0, 2, 0, 0, 0, 0, 0, 6, 0, 1, 0, 0, 0);[47.35, 50, 50, 50]
(0, 0.0, 0, 0, 6, 0, 3, 0, 0, 0, 0, 0, 6, 0, 1, 0, 0, 0);[47.55, 50, 50, 50]
(0, 0.0, 0, 0, 6, 0, 4, 0, 0, 0, 0, 0, 6, 0, 1, 0, 0, 0);[47.65, 50, 50, 50]
(0, 1.0, 0, 0, 6, 0, 5, 0, 0, 0, 0, 0, 6, 0, 2, 0, 0, 0);[47.65, 50, 50, 50]
(0, 1.0, 0, 0, 6, 0, 5, 0, 0, 0, 0, 0, 6, 0, 4, 0, 0, 0);[50, 47.65, 50, 50]
(1, 0.0, 0, 0, 6, 0, 5, 0, 0, 0, 0, 0, 6, 0, 5, 0, 0, 0);[47.65, 47.65, 47.75, 47.85]
(1, 1.0, 0, 0, 6, 0, 5, 0, 0, 0, 0, 0, 6, 0, 5, 0, 0, 0);[47.65, 50, 50, 50]
(0, 0.0, 0, 0, 6, 0, 5, 0, 0, 0, 0, 0, 6, 0, 5, 0, 0, 0);[47.65, 47.65, 50, 50]
(0, 1.0, 0, 0, 6, 0, 5, 0, 0, 0, 0, 0, 6, 0, 5, 0, 0, 0);[47.65, 47.65, 47.45, 50]
(1, 1.0, 1, 0, 6, 0, 5, 0, 0, 0, 0, 0, 6, 0, 5, 0, 0, 0);[47.85, 50, 50, 50]
(0, 0.0, 1, 0, 6, 0, 5, 0, 0, 0, 0, 0, 6, 0, 5, 0, 0, 0);[47.75, 47.55, 50, 50]
(0, 1.0, 1, 0, 6, 0, 5, 0, 0, 0, 0, 0, 6, 0, 5, 0, 0, 0);[47.45, 50, 50, 50]
(2, 0.0, 0, 0, 6, 0, 5, 0, 0, 0, 0, 0, 6, 0, 5, 0, 0, 0);[47.85, 50, 50, 50]
(2, 0.0, 0, 0, 7, 0, 5, 0, 0, 0, 0, 0, 6, 0, 5, 0, 0, 0);[48.05, 50, 50, 50]
(2, 1.0, 0, 0, 8, 0, 5, 0, 0, 0, 0, 0, 6, 0, 5, 0, 0, 0);[48.15, 50, 50, 50]
(0, 0.0, 0, 0, 8, 0, 5, 0, 0, 0, 0, 0, 8, 0, 5, 0, 0, 0);[-33.88396447955826, -28.332612500580776, -33.12439468085238, -34.06779284969162]
(0, 1.0, 0, 0, 8, 0, 5, 0, 0, 0, 0, 0, 8, 0, 5, 0, 0, 0);[-23.385713301776843, -27.15523507712679, -25.257959684557555, -23.252892727367808]
(1, 0.0, 0, 0, 8, 0, 5, 0, 0, 0, 0, 0, 8, 0, 5, 0, 0, 0);[-33.94695936775928, -33.417380449335134, -35.122106065344994, -35.98332539089487]
(1, 1.0, 0, 0, 8, 0, 5, 0, 0, 0, 0, 0, 8, 0, 5, 0, 0, 0);[-27.887737100983518, -25.61545026295224, -24.653248683946373, -25.527257899324358]
(2, 0.0, 0, 0, 8, 0, 5, 0, 0, 0, 0, 0, 8, 0, 5, 0, 0, 0);[-31.130965015892713, -32.59197491001879, -33.191984657984634, -31.09789960108308]
(2, 1.0, 0, 0, 8, 0, 5, 0, 0, 0, 0, 0, 8, 0, 5, 0, 0, 0);[-25.470993165313597, -24.86744170553956, -22.101583595156768, -26.69966448087667]
(3, 0.0, 0, 0, 8, 0, 5, 0, 0, 0, 0, 0, 8, 0, 5, 0, 0, 0);[-33.28235723112444, -34.42164101535852, -32.86393289359027, -34.539438224019996]
(3, 0.0, 1, 0, 8, 0, 5, 0, 0, 0, 0, 0, 8, 0, 5, 0, 0, 0);[48.35, 50, 50, 50]
(3, 1.0, 2, 0, 8, 0, 5, 0, 0, 0, 0, 0, 8, 0, 5, 0, 0, 0);[48.45, 50, 50, 50]
(0, 0.0, 2, 0, 8, 0, 5, 0, 0, 0, 0, 0, 8, 0, 5, 0, 0, 0);[48.15, 50, 50, 50]
(0, 0.0, 1, 0, 8, 0, 5, 0, 0, 0, 0, 0, 8, 0, 5, 0, 0, 0);[47.46685, 48.35, 50, 50]
(3, 1.0, 0, 0, 8, 0, 5, 0, 0, 0, 0, 0, 8, 0, 5, 0, 0, 0);[-25.460402847132848, -24.431921465888053, -22.902543452184272, -20.514016327080366]
(0, 0.0, 0, 1, 8, 0, 5, 0, 0, 0, 0, 0, 8, 0, 5, 0, 0, 0);[48.35, 50, 50, 50]
(0, 1.0, 0, 2, 8, 0, 5, 0, 0, 0, 0, 0, 8, 0, 5, 0, 0, 0);[48.55, 50, 50, 50]
(0, 1.0, 1, 2, 8, 0, 5, 0, 0, 0, 0, 1, 8, 0, 5, 0, 0, 0);[48.65, 48.75, 50, 50]
(1, 0.0, 0, 2, 8, 0, 5, 0, 0, 0, 0, 1, 8, 0, 5, 0, 0, 0);[48.95, 50, 50, 50]
(1, 0.0, 0, 1, 8, 0, 5, 0, 1, 0, 0, 0, 8, 0, 5, 0, 0, 0);[48.55, 50, 50, 50]
(1, 1.0, 0, 0, 8, 0, 5, 0, 1, 0, 0, 0, 8, 0, 5, 0, 0, 0);[48.45, 50, 50, 50]
(0, 0.0, 0, 0, 8, 0, 5, 0, 1, 0, 0, 0, 8, 0, 5, 0, 1, 0);[48.35, 48.35, 48.45, 48.45]
(0, 1.0, 0, 0, 8, 0, 5, 0, 1, 0, 0, 0, 8, 0, 5, 0, 1, 0);[48.45, 48.45, 48.25, 50]
(1, 0.0, 0, 0, 8, 0, 5, 0, 1, 0, 0, 0, 8, 0, 5, 0, 1, 0);[48.45, 48.45, 50, 50]
(1, 1.0, 0, 0, 8, 0, 5, 0, 1, 0, 0, 0, 8, 0, 5, 0, 1, 0);[48.45, 48.45, 48.25, 50]
(2, 0.0, 0, 0, 8, 0, 5, 0, 1, 0, 0, 0, 8, 0, 5, 0, 0, 0);[46.56260371336517, 45.07421085740867, 43.984207037765216, 39.116059283362844]
(1, 0.0, 0, 0, 8, 0, 5, 0, 1, 0, 0, 0, 8, 0, 5, 0, 0, 0);[48.45, 48.45, 48.45, 50]
(1, 0.0, 0, 0, 8, 1, 5, 0, 0, 0, 0, 0, 8, 0, 5, 0, 0, 0);[48.35, 48.35, 50, 50]
(1, 1.0, 0, 0, 8, 1, 5, 0, 0, 0, 0, 0, 8, 1, 5, 0, 0, 0);[48.35, 48.35, 48.35, 48.25]
(0, 0.0, 0, 0, 8, 1, 5, 0, 0, 0, 0, 0, 8, 1, 5, 0, 0, 0);[46.865, 48.35, 48.35, 46.75]
(0, 1.0, 0, 0, 8, 1, 5, 0, 0, 0, 0, 0, 8, 1, 5, 0, 0, 0);[48.35, 48.35, 48.35, 41.82258314321564]
(1, 0.0, 0, 0, 8, 1, 5, 0, 0, 0, 0, 0, 8, 1, 5, 0, 0, 0);[48.35, 48.35, 48.35, 48.35]
(2, 0.0, 0, 0, 8, 1, 5, 0, 0, 0, 0, 0, 8, 1, 5, 0, 0, 0);[48.35, 48.35, 48.35, 48.35]
(2, 1.0, 0, 0, 8, 1, 5, 0, 0, 0, 0, 0, 8, 1, 5, 0, 0, 0);[48.35, 48.35, 50, 50]
(3, 0.0, 0, 0, 8, 1, 5, 0, 0, 0, 0, 0, 8, 0, 5, 0, 0, 0);[43.79329128076657, 50, 50, 50]
(1, 0.0, 0, 0, 8, 0, 5, 0, 2, 0, 0, 0, 8, 0, 5, 0, 0, 0);[48.55, 50, 50, 50]
(1, 1.0, 0, 0, 8, 0, 5, 0, 3, 0, 0, 0, 8, 0, 5, 0, 0, 0);[48.55, 50, 50, 50]
(0, 0.0, 0, 0, 8, 0, 5, 0, 3, 0, 0, 0, 8, 0, 5, 0, 1, 0);[48.55, 50, 50, 50]
(0, 0.0, 0, 0, 8, 0, 5, 0, 3, 0, 0, 0, 8, 0, 5, 0, 3, 0);[48.55, 48.55, 48.55, 50]
(0, 1.0, 0, 0, 8, 0, 5, 0, 3, 0, 0, 0, 8, 0, 5, 0, 3, 0);[48.55, 48.55, 48.35, 50]
(1, 0.0, 0, 0, 8, 0, 5, 0, 3, 0, 0, 0, 8, 0, 5, 0, 3, 0);[48.55, 48.55, 50, 50]
(1, 1.0, 0, 0, 8, 0, 5, 0, 3, 0, 0, 0, 8, 0, 5, 0, 3, 0);[48.55, 50, 50, 50]
(2, 0.0, 0, 0, 8, 0, 5, 0, 2, 0, 0, 0, 8, 0, 5, 0, 1, 0);[48.05, 46.25, 50, 50]
(0, 0.0, 0, 0, 8, 1, 5, 0, 0, 0, 0, 0, 8, 0, 5, 0, 0, 0);[47.85, 46.75, 50, 50]
(0, 0.0, 0, 0, 8, 2, 5, 0, 0, 0, 0, 0, 8, 0, 5, 0, 0, 0);[47.95, 50, 50, 50]
(0, 1.0, 0, 0, 8, 3, 5, 0, 0, 0, 0, 0, 8, 0, 5, 0, 0, 0);[47.95, 50, 50, 50]
(0, 1.0, 0, 0, 8, 3, 5, 0, 0, 0, 0, 0, 8, 2, 5, 0, 0, 0);[47.95, 50, 50, 50]
(0, 1.0, 0, 0, 8, 3, 5, 0, 0, 0, 0, 0, 8, 3, 5, 0, 0, 0);[47.95, 47.95, 47.95, 50]
(1, 0.0, 0, 0, 8, 3, 5, 0, 0, 0, 0, 0, 8, 3, 5, 0, 0, 0);[47.95, 47.95, 50, 50]
(1, 1.0, 0, 0, 8, 3, 5, 0, 0, 0, 0, 0, 8, 3, 5, 0, 0, 0);[47.95, 50, 50, 50]
(0, 0.0, 0, 0, 8, 3, 5, 0, 0, 0, 0, 0, 8, 3, 5, 0, 0, 0);[47.95, 47.95, 50, 50]
(2, 0.0, 0, 0, 8, 3, 5, 0, 0, 0, 0, 0, 8, 3, 5, 0, 0, 0);[47.95, 48.05, 50, 50]
(2, 1.0, 0, 0, 8, 3, 5, 0, 0, 0, 0, 0, 8, 3, 5, 0, 0, 0);[48.15, 50, 50, 50]
(0, 0.0, 0, 0, 8, 3, 5, 0, 1, 0, 0, 0, 8, 3, 5, 0, 0, 0);[48.25, 48.25, 50, 50]
(0, 1.0, 0, 0, 8, 3, 5, 0, 1, 0, 0, 0, 8, 3, 5, 0, 1, 0);[48.25, 48.25, 50, 50]
(1, 0.0, 0, 0, 8, 3, 5, 0, 1, 0, 0, 0, 8, 3, 5, 0, 1, 0);[48.35, 50, 50, 50]
(1, 0.0, 0, 0, 8, 4, 5, 0, 1, 0, 0, 0, 8, 3, 5, 0, 1, 0);[48.55, 50, 50, 50]
(1, 1.0, 0, 0, 8, 4, 5, 0, 1, 0, 0, 0, 8, 3, 5, 0, 1, 0);[48.55, 50, 50, 50]
(0, 0.0, 0, 0, 8, 4, 5, 0, 1, 0, 0, 0, 8, 4, 5, 0, 1, 0);[48.55, 48.55, 48.55, 48.55]
(0, 1.0, 0, 0, 8, 4, 5, 0, 1, 0, 0, 0, 8, 4, 5, 0, 1, 0);[48.55, 48.55, 48.45, 50]
(1, 0.0, 0, 0, 8, 4, 5, 0, 1, 0, 0, 0, 8, 4, 5, 0, 1, 0);[48.55, 48.55, 50, 50]
(1, 1.0, 0, 0, 8, 4, 5, 0, 1, 0, 0, 0, 8, 4, 5, 0, 1, 0);[48.55, 50, 50, 50]
(2, 0.0, 0, 0, 8, 4, 5, 0, 1, 0, 0, 0, 8, 4, 5, 0, 0, 0);[47.95, 50, 50, 50]
(2, 0.0, 0, 0, 8, 4, 5, 0, 0, 0, 0, 0, 8, 4, 5, 0, 0, 0);[46.105000000000004, 47.95, 47.95, 47.95]
(2, 1.0, 0, 0, 8, 4, 5, 0, 0, 0, 0, 0, 8, 4, 5, 0, 0, 0);[47.95, 47.95, 47.95, 47.85]
(0, 0.0, 0, 0, 8, 4, 5, 0, 0, 0, 0, 0, 8, 4, 5, 0, 0, 0);[47.95, 47.95, 47.95, 47.95]
(0, 1.0, 0, 0, 8, 4, 5, 0, 0, 0, 0, 0, 8, 4, 5, 0, 0, 0);[47.95, 47.95, 47.95, 50]
(1, 0.0, 0, 0, 8, 4, 5, 0, 0, 0, 0, 0, 8, 4, 5, 0, 0, 0);[47.95, 47.95, 47.95, 47.95]
(1, 1.0, 0, 0, 8, 4, 5, 0, 0, 0, 0, 0, 8, 4, 5, 0, 0, 0);[47.95, 47.95, 47.95, 50]
(3, 0.0, 0, 0, 8, 4, 5, 0, 0, 0, 0, 0, 8, 2, 5, 0, 0, 0);[47.45, 50, 50, 50]
(3, 0.0, 0, 0, 8, 2, 5, 0, 0, 0, 0, 0, 8, 0, 5, 0, 0, 0);[46.85, 50, 50, 50]
(3, 1.0, 0, 0, 8, 1, 5, 0, 0, 0, 0, 0, 8, 0, 5, 0, 0, 0);[46.75, 50, 50, 50]
(2, 1.0, 0, 0, 8, 0, 5, 0, 1, 0, 0, 0, 8, 0, 5, 0, 0, 0);[46.75, 50, 50, 50]
(0, 0.0, 0, 0, 8, 0, 5, 0, 2, 0, 0, 0, 8, 0, 5, 0, 0, 0);[46.85, 46.85, 50, 50]
(0, 1.0, 0, 0, 8, 0, 5, 0, 2, 0, 0, 0, 8, 0, 5, 0, 1, 0);[46.85, 50, 50, 50]
(0, 1.0, 0, 0, 8, 0, 5, 0, 2, 0, 0, 0, 8, 0, 5, 0, 2, 0);[46.85, 46.85, 46.65, 50]
(1, 0.0, 0, 0, 8, 0, 5, 0, 2, 0, 0, 0, 8, 0, 5, 0, 2, 0);[46.85, 46.85, 50, 50]
(1, 1.0, 0, 0, 8, 0, 5, 0, 2, 0, 0, 0, 8, 0, 5, 0, 2, 0);[46.85, 50, 50, 50]
(0, 0.0, 0, 0, 8, 0, 5, 0, 2, 0, 0, 0, 8, 0, 5, 0, 2, 0);[46.85, 46.85, 50, 50]
(0, 0.0, 0, 0, 9, 0, 5, 0, 0, 0, 0, 0, 9, 0, 5, 0, 0, 0);[36.09263, 38.46154615, 38.842315, 38.56154615]
(0, 1.0, 0, 0, 9, 0, 5, 0, 0, 0, 0, 0, 9, 0, 5, 0, 0, 0);[42.30385, 40.2665, 42.30385, 42.30385]
(1, 0.0, 0, 0, 9, 0, 5, 0, 0, 0, 0, 0, 9, 0, 5, 0, 0, 0);[42.30385, 42.685, 42.30385, 42.30385]
(1, 1.0, 0, 0, 9, 0, 5, 0, 0, 0, 0, 0, 9, 0, 5, 0, 0, 0);[42.30385, 46.15, 46.15, 46.15]
(2, 0.0, 0, 0, 9, 0, 5, 0, 0, 0, 0, 0, 9, 0, 5, 0, 0, 0);[42.30385, 42.685, 42.30385, 42.30385]
(2, 1.0, 0, 0, 9, 0, 5, 0, 0, 0, 0, 0, 9, 0, 5, 0, 0, 0);[41.92308115, 45.76885, 46.15, 45.76885]
(3, 0.0, 0, 0, 9, 0, 5, 0, 0, 0, 0, 0, 9, 0, 5, 0, 0, 0);[42.30385, 42.685, 42.30385, 42.685]
(3, 1.0, 0, 0, 9, 0, 5, 0, 0, 0, 0, 0, 9, 0, 5, 0, 0, 0);[41.58004615, 45.76885, 45.76885, 42.30385]
(1, 0.0, 0, 0, 9, 0, 5, 0, 1, 0, 0, 0, 9, 0, 5, 0, 0, 0);[46.85, 46.85, 50, 50]
(1, 1.0, 0, 0, 9, 0, 5, 0, 1, 0, 0, 0, 9, 0, 5, 0, 1, 0);[46.85, 46.85, 46.85, 50]
(0, 0.0, 0, 0, 9, 0, 5, 0, 1, 0, 0, 0, 9, 0, 5, 0, 1, 0);[46.85, 46.85, 46.85, 46.85]
(0, 1.0, 0, 0, 9, 0, 5, 0, 1, 0, 0, 0, 9, 0, 5, 0, 1, 0);[46.85, 46.85, 46.85, 50]
(1, 0.0, 0, 0, 9, 0, 5, 0, 1, 0, 0, 0, 9, 0, 5, 0, 1, 0);[46.85, 46.85, 46.85, 47.05]
(2, 0.0, 0, 0, 9, 0, 5, 0, 1, 0, 0, 0, 9, 0, 5, 0, 1, 0);[46.85, 46.85, 46.85, 46.85]
(2, 1.0, 0, 0, 9, 0, 5, 0, 1, 0, 0, 0, 9, 0, 5, 0, 1, 0);[46.85, 46.85, 50, 50]
(1, 1.0, 0, 0, 9, 1, 5, 0, 1, 0, 0, 0, 9, 0, 5, 0, 1, 0);[47.25, 50, 50, 50]
(0, 0.0, 0, 0, 9, 2, 5, 0, 1, 0, 0, 0, 9, 0, 5, 0, 1, 0);[47.35, 47.35, 50, 50]
(0, 1.0, 0, 0, 9, 2, 5, 0, 1, 0, 0, 0, 9, 2, 5, 0, 1, 0);[47.35, 47.35, 47.35, 47.25]
(1, 0.0, 0, 0, 9, 2, 5, 0, 1, 0, 0, 0, 9, 2, 5, 0, 1, 0);[47.35, 47.35, 50, 50]
(1, 1.0, 0, 0, 9, 2, 5, 0, 1, 0, 0, 0, 9, 2, 5, 0, 1, 0);[47.35, 50, 50, 50]
(0, 0.0, 0, 0, 9, 2, 5, 0, 1, 0, 0, 0, 9, 2, 5, 0, 1, 0);[47.35, 47.35, 47.35, 47.35]
(2, 0.0, 0, 0, 9, 2, 5, 0, 1, 0, 0, 0, 9, 2, 5, 0, 1, 0);[47.35, 47.35, 50, 50]
(2, 1.0, 0, 0, 9, 2, 5, 0, 1, 0, 0, 0, 9, 2, 5, 0, 1, 0);[47.35, 50, 50, 50]
(3, 0.0, 0, 0, 9, 2, 5, 0, 1, 0, 0, 0, 9, 1, 5, 0, 1, 0);[47.15, 47.05, 50, 50]
(3, 1.0, 0, 0, 9, 1, 5, 0, 1, 0, 0, 0, 9, 0, 5, 0, 1, 0);[47.05, 50, 50, 50]
(0, 0.0, 0, 0, 9, 1, 5, 0, 1, 0, 0, 0, 9, 1, 5, 0, 1, 0);[44.10295, 44.394999999999996, 44.10295, 44.10295]
(0, 1.0, 0, 0, 9, 1, 5, 0, 1, 0, 0, 0, 9, 1, 5, 0, 1, 0);[44.10295, 44.394999999999996, 47.05, 47.05]
(1, 0.0, 0, 0, 9, 1, 5, 0, 1, 0, 0, 0, 9, 1, 5, 0, 1, 0);[47.05, 47.05, 47.05, 47.05]
(1, 1.0, 0, 0, 9, 1, 5, 0, 1, 0, 0, 0, 9, 1, 5, 0, 1, 0);[47.05, 47.05, 47.25, 50]
(2, 0.0, 0, 0, 9, 1, 5, 0, 1, 0, 0, 0, 9, 1, 5, 0, 1, 0);[47.05, 47.05, 50, 50]
(2, 1.0, 0, 0, 9, 1, 5, 0, 1, 0, 0, 0, 9, 1, 5, 0, 1, 0);[46.75795, 50, 50, 50]
(3, 0.0, 0, 0, 9, 1, 5, 0, 1, 0, 0, 0, 9, 1, 5, 0, 1, 0);[47.05, 47.05, 50, 50]
(3, 1.0, 0, 0, 9, 1, 5, 0, 1, 0, 0, 0, 9, 1, 5, 0, 1, 0);[46.75795, 50, 50, 50]
(2, 0.0, 0, 0, 9, 2, 5, 0, 1, 0, 0, 0, 9, 1, 5, 0, 1, 0);[47.55, 50, 50, 50]
(2, 0.0, 0, 0, 9, 4, 5, 0, 1, 0, 0, 0, 9, 1, 5, 0, 1, 0);[47.65, 50, 50, 50]
(2, 1.0, 0, 0, 9, 5, 5, 0, 1, 0, 0, 0, 9, 3, 5, 0, 1, 0);[47.65, 50, 50, 50]
(0, 0.0, 0, 0, 9, 5, 5, 0, 1, 0, 0, 0, 9, 4, 5, 0, 1, 0);[47.65, 50, 50, 50]
(0, 0.0, 0, 0, 9, 5, 5, 0, 1, 0, 0, 0, 9, 5, 5, 0, 1, 0);[41.266929999999995, 40.846275535, 40.846275535, 42.95704765]
(0, 1.0, 0, 0, 9, 5, 5, 0, 1, 0, 0, 0, 9, 5, 5, 0, 1, 0);[42.95704765, 43.189465, 42.95704765, 45.30235]
(1, 0.0, 0, 0, 9, 5, 5, 0, 1, 0, 0, 0, 9, 5, 5, 0, 1, 0);[40.846275535, 41.055451149999996, 42.95704765, 43.189465]
(1, 1.0, 0, 0, 9, 5, 5, 0, 1, 0, 0, 0, 9, 5, 5, 0, 1, 0);[42.747872035, 45.30235, 45.092965, 45.092965]
(2, 0.0, 0, 0, 9, 5, 5, 0, 1, 0, 0, 0, 9, 5, 5, 0, 1, 0);[43.189465, 43.189465, 42.95704765, 43.26643265]
(2, 1.0, 0, 0, 9, 5, 5, 0, 1, 0, 0, 0, 9, 5, 5, 0, 1, 0);[45.06993265, 44.86054765, 45.30235, 45.525615]
(3, 0.0, 0, 0, 9, 5, 5, 0, 1, 0, 0, 0, 9, 5, 5, 0, 1, 0);[45.30235, 43.189465, 45.30235, 43.375817649999995]
(3, 1.0, 0, 0, 9, 5, 5, 0, 1, 0, 0, 0, 9, 5, 5, 0, 1, 0);[44.86054765, 44.651372035, 47.41735, 45.30235]
(3, 0.0, 0, 0, 9, 5, 6, 0, 1, 0, 0, 0, 9, 5, 5, 0, 1, 0);[47.85, 47.85, 50, 50]
(3, 1.0, 0, 0, 9, 5, 6, 0, 1, 0, 0, 0, 9, 5, 6, 0, 1, 0);[43.865074415, 45.510585, 45.29794785, 45.70215]
(0, 0.0, 0, 0, 9, 5, 6, 0, 1, 0, 0, 0, 9, 5, 6, 0, 1, 0);[42.425315915000006, 43.769085, 43.556447850000005, 42.816689350000004]
(0, 1.0, 0, 0, 9, 5, 6, 0, 1, 0, 0, 0, 9, 5, 6, 0, 1, 0);[44.85644785, 44.66507441500001, 45.70215, 45.70215]
(1, 0.0, 0, 0, 9, 5, 6, 0, 1, 0, 0, 0, 9, 5, 6, 0, 1, 0);[42.925315915000006, 43.769085, 43.556447850000005, 43.11668935]
(1, 1.0, 0, 0, 9, 5, 6, 0, 1, 0, 0, 0, 9, 5, 6, 0, 1, 0);[45.510585, 45.481935, 45.510585, 45.510585]
(2, 0.0, 0, 0, 9, 5, 6, 0, 1, 0, 0, 0, 9, 5, 6, 0, 1, 0);[43.74801285, 43.769085, 43.556447850000005, 43.74801285]
(2, 1.0, 0, 0, 9, 5, 6, 0, 1, 0, 0, 0, 9, 5, 6, 0, 1, 0);[45.29794785, 45.29794785, 45.70215, 45.39794785]
(3, 0.0, 0, 0, 9, 5, 6, 0, 1, 0, 0, 0, 9, 5, 6, 0, 1, 0);[43.769085000000004, 43.769085, 43.85644785, 44.056447850000005]
(1, 1.0, 0, 0, 9, 5, 6, 0, 2, 0, 0, 0, 9, 5, 6, 0, 1, 0);[49.65, 50, 50, 50]
(0, 0.0, 0, 0, 9, 5, 6, 0, 4, 0, 0, 0, 9, 5, 6, 0, 1, 0);[49.75, 50, 50, 50]
(0, 0.0, 0, 0, 9, 5, 6, 0, 5, 0, 0, 0, 9, 5, 6, 0, 2, 0);[49.75, 50, 50, 50]
(0, 1.0, 0, 0, 9, 5, 6, 0, 5, 0, 0, 0, 9, 5, 6, 0, 4, 0);[49.75, 50, 50, 50]
(0, 1.0, 0, 0, 9, 5, 6, 0, 5, 0, 0, 0, 9, 5, 6, 0, 5, 0);[49.250749750000004, 49.026199525, 49.250749750000004, 49.23045967525]
(1, 0.0, 0, 0, 9, 5, 6, 0, 5, 0, 0, 0, 9, 5, 6, 0, 5, 0);[48.8218990975, 48.799403797749996, 49.026199525, 49.026199525]
(1, 1.0, 0, 0, 9, 5, 6, 0, 5, 0, 0, 0, 9, 5, 6, 0, 5, 0);[49.228497025, 49.250749750000004, 49.20820695025, 49.20820695025]
(0, 0.0, 0, 0, 9, 5, 6, 0, 5, 0, 0, 0, 9, 5, 6, 0, 5, 0);[49.00149900025001, 48.801851597500004, 49.026199525, 48.77937634525]
(2, 0.0, 0, 0, 9, 5, 6, 0, 5, 0, 0, 0, 9, 5, 6, 0, 5, 0);[49.026199525, 49.04845225, 49.021546500250004, 49.02375172525001]
(2, 1.0, 0, 0, 9, 5, 6, 0, 5, 0, 0, 0, 9, 5, 6, 0, 5, 0);[49.20379650025, 49.16372154775, 49.250749750000004, 49.453249750000005]
(3, 0.0, 0, 0, 9, 5, 6, 0, 5, 0, 0, 0, 9, 5, 6, 0, 5, 0);[49.119343480475, 49.04845225, 49.02375172525001, 49.046004450249995]
(3, 1.0, 0, 0, 9, 5, 6, 0, 5, 0, 0, 0, 9, 5, 6, 0, 5, 0);[49.161736845250005, 49.5378973225, 49.430997025, 49.250749750000004]
(1, 0.0, 0, 0, 9, 5, 6, 0, 6, 0, 0, 0, 9, 5, 6, 0, 5, 0);[50.05, 50, 50, 50]
(1, 0.0, 0, 0, 9, 5, 6, 0, 6, 0, 0, 0, 9, 5, 6, 0, 6, 0);[50.05, 50, 50, 50]
(1, 1.0, 0, 0, 9, 5, 6, 0, 6, 0, 0, 0, 9, 5, 6, 0, 6, 0);[50.05, 50, 50, 50]
(0, 0.0, 0, 0, 9, 5, 6, 0, 6, 0, 0, 0, 9, 5, 6, 0, 6, 0);[50.095, 50, 50, 50]
(0, 1.0, 0, 0, 9, 5, 6, 0, 6, 0, 0, 0, 9, 5, 6, 0, 6, 0);[51.90148368923046, 50, 50, 50]
(0, 1.0, 1, 0, 9, 5, 6, 0, 6, 0, 0, 0, 9, 5, 6, 0, 6, 0);[50.45, 50, 50, 50]
(0, 1.0, 2, 0, 9, 5, 6, 0, 6, 0, 0, 0, 9, 5, 6, 0, 6, 0);[50.55, 50, 50, 50]
(0, 1.0, 2, 0, 9, 5, 6, 0, 6, 0, 1, 0, 9, 5, 6, 0, 6, 0);[50.65, 50, 50, 50]
(0, 1.0, 3, 0, 9, 5, 6, 0, 6, 0, 2, 0, 9, 5, 6, 0, 6, 0);[51.235, 50, 50, 50]
(0, 1.0, 3, 0, 9, 5, 6, 0, 6, 0, 3, 0, 9, 5, 6, 0, 6, 0);[103.25962842276724, 50, 50, 50]
(0, 1.0, 3, 0, 9, 5, 6, 0, 7, 0, 3, 0, 9, 5, 6, 0, 6, 0);[50.85, 50, 50, 50]
(0, 1.0, 3, 0, 9, 5, 6, 0, 8, 0, 3, 0, 9, 5, 6, 0, 7, 0);[50.95, 50, 50, 50]
(0, 1.0, 3, 0, 9, 5, 6, 0, 8, 0, 3, 0, 9, 5, 6, 0, 8, 0);[138.96122681409818, 50.95, 50, 50]
(1, 0.0, 3, 0, 9, 5, 6, 0, 8, 0, 3, 0, 9, 5, 6, 0, 8, 0);[51.805, 50, 50, 50]
(1, 1.0, 3, 0, 9, 5, 6, 0, 8, 0, 3, 0, 9, 5, 6, 0, 8, 0);[50.95, 50, 50, 50]
(0, 0.0, 3, 0, 9, 5, 6, 0, 8, 0, 3, 0, 9, 5, 6, 0, 8, 0);[57.902839726803194, 50, 50, 50]
(0, 1.0, 3, 0, 9, 5, 5, 0, 8, 0, 3, 0, 9, 5, 5, 0, 8, 0);[51.15, 50, 50, 50]
(0, 1.0, 3, 0, 9, 5, 5, 0, 8, 0, 3, 0, 9, 5, 2, 0, 8, 0);[50.85, 50, 50, 50]
(0, 1.0, 3, 0, 9, 5, 4, 0, 8, 0, 3, 0, 9, 5, 0, 0, 8, 0);[50.65, 50, 50, 50]
(0, 1.0, 3, 0, 9, 5, 4, 0, 8, 0, 3, 0, 9, 5, 1, 0, 8, 0);[50.65, 50, 50, 50]
(0, 1.0, 3, 0, 9, 5, 4, 0, 8, 0, 3, 0, 9, 5, 2, 0, 8, 0);[50.65, 50, 50, 50]
(0, 1.0, 3, 0, 9, 5, 4, 0, 8, 0, 3, 0, 9, 5, 4, 0, 8, 0);[178.23711022196727, 50, 50, 50]
(0, 1.0, 3, 0, 9, 5, 3, 0, 8, 0, 3, 0, 9, 5, 3, 0, 8, 0);[51.45, 50, 50, 50]
(0, 1.0, 3, 0, 9, 5, 2, 0, 8, 0, 3, 0, 9, 5, 0, 0, 8, 0);[51.35, 50, 50, 50]
(0, 1.0, 3, 0, 9, 5, 1, 0, 8, 0, 3, 0, 9, 5, 0, 0, 8, 0);[51.05, 50, 50, 50]
(0, 1.0, 3, 0, 9, 5, 0, 0, 8, 0, 3, 0, 9, 5, 0, 0, 8, 0);[64.43650820453921, 50, 50, 50]
(0, 1.0, 4, 0, 9, 5, 0, 0, 8, 0, 3, 0, 9, 5, 0, 0, 8, 0);[51.95, 50, 50, 50]
(0, 1.0, 5, 0, 9, 5, 0, 0, 8, 0, 3, 0, 9, 5, 0, 0, 8, 0);[52.05, 50, 50, 50]
(0, 1.0, 5, 0, 9, 5, 0, 0, 8, 0, 4, 0, 9, 5, 0, 0, 8, 0);[52.15, 50, 50, 50]
(0, 1.0, 6, 0, 9, 5, 0, 0, 8, 0, 5, 0, 9, 5, 0, 0, 8, 0);[52.25, 50, 50, 50]
(0, 1.0, 6, 0, 9, 5, 0, 0, 8, 0, 6, 0, 9, 5, 0, 0, 8, 0);[336.3899529167844, 52.25, 50, 50]
(1, 0.0, 6, 0, 9, 5, 0, 0, 8, 0, 6, 0, 9, 5, 0, 0, 8, 0);[54.275, 50, 50, 50]
(1, 1.0, 6, 0, 9, 5, 0, 0, 8, 0, 6, 0, 9, 5, 0, 0, 8, 0);[52.25, 50, 50, 50]
(0, 0.0, 6, 0, 9, 5, 0, 0, 8, 0, 6, 0, 9, 5, 0, 0, 8, 0);[80.46110877322702, 50, 50, 50]
(0, 1.0, 6, 0, 9, 5, 0, 0, 9, 0, 6, 0, 9, 5, 0, 0, 8, 0);[52.75, 50, 50, 50]
(0, 1.0, 6, 0, 9, 5, 0, 0, 9, 2, 6, 0, 9, 5, 0, 0, 9, 0);[55.415, 50, 50, 50]
(0, 1.0, 6, 0, 9, 5, 0, 0, 9, 2, 6, 0, 9, 5, 0, 0, 9, 2);[123.80878067274988, 50, 50, 50]
(0, 1.0, 7, 0, 9, 5, 0, 0, 9, 2, 6, 0, 9, 5, 0, 0, 9, 2);[53.05, 50, 50, 50]
(0, 1.0, 8, 0, 9, 5, 0, 0, 9, 2, 7, 0, 9, 5, 0, 0, 9, 2);[53.25, 50, 50, 50]
(0, 1.0, 9, 0, 9, 5, 0, 0, 9, 2, 8, 0, 9, 5, 0, 0, 9, 2);[53.35, 50, 50, 50]
(0, 1.0, 9, 0, 9, 5, 0, 0, 9, 2, 9, 0, 9, 5, 0, 0, 9, 2);[944.8074574259585, 50, 50, 50]
(0, 1.0, 9, 0, 9, 6, 0, 0, 9, 2, 9, 0, 9, 5, 0, 0, 9, 2);[53.85, 50, 50, 50]
(0, 1.0, 9, 0, 9, 7, 0, 0, 9, 2, 9, 0, 9, 5, 0, 0, 9, 2);[53.95, 50, 50, 50]
(0, 1.0, 9, 0, 9, 8, 0, 0, 9, 2, 9, 0, 9, 7, 0, 0, 9, 2);[53.95, 50, 50, 50]
(0, 1.0, 9, 0, 9, 8, 0, 0, 9, 2, 9, 0, 9, 8, 0, 0, 9, 2);[724.211898537158, 50, 50, 50]
(0, 1.0, 9, 0, 9, 8, 1, 0, 9, 2, 9, 0, 9, 8, 0, 0, 9, 2);[63.412958745175125, 50, 50, 50]
(0, 1.0, 9, 0, 9, 8, 2, 0, 9, 2, 9, 0, 9, 8, 0, 0, 9, 2);[64.97379882499999, 50, 50, 50]
(0, 1.0, 9, 0, 9, 8, 2, 1, 9, 2, 9, 0, 9, 8, 0, 0, 9, 2);[60.386445, 50, 50, 50]
(0, 1.0, 9, 0, 9, 8, 1, 1, 9, 2, 9, 0, 9, 8, 0, 1, 9, 2);[53.55, 50, 50, 50]
(0, 1.0, 9, 0, 9, 8, 0, 2, 9, 2, 9, 0, 9, 8, 0, 1, 9, 2);[53.75, 50, 50, 50]
(0, 1.0, 9, 0, 9, 8, 1, 2, 9, 2, 9, 0, 9, 8, 0, 1, 9, 2);[53.95, 50, 50, 50]
(0, 1.0, 9, 0, 9, 8, 1, 3, 9, 2, 9, 0, 9, 8, 0, 1, 9, 2);[54.15, 50, 50, 50]
(0, 1.0, 9, 0, 9, 8, 2, 4, 9, 2, 9, 0, 9, 8, 0, 2, 9, 2);[53.85, 50, 50, 50]
(0, 1.0, 9, 0, 9, 8, 2, 4, 9, 2, 9, 0, 9, 8, 0, 3, 9, 2);[53.85, 50, 50, 50]
(0, 1.0, 9, 0, 9, 8, 2, 4, 9, 2, 9, 0, 9, 8, 0, 4, 9, 2);[53.75, 50, 50, 50]
(0, 1.0, 9, 0, 9, 8, 1, 5, 9, 2, 9, 0, 9, 8, 0, 4, 9, 2);[53.85, 50, 50, 50]
(0, 1.0, 9, 0, 9, 8, 2, 5, 9, 2, 9, 0, 9, 8, 0, 4, 9, 2);[53.85, 50, 50, 50]
(0, 1.0, 9, 0, 9, 8, 1, 6, 9, 2, 9, 0, 9, 8, 0, 5, 9, 2);[57.225, 50, 50, 50]
(0, 1.0, 9, 0, 9, 8, 2, 7, 9, 2, 9, 0, 9, 8, 0, 6, 9, 2);[53.85, 50, 50, 50]
(0, 1.0, 9, 0, 9, 8, 2, 7, 9, 2, 9, 0, 9, 8, 0, 7, 9, 2);[53.75, 50, 50, 50]
(0, 1.0, 9, 0, 9, 8, 1, 8, 9, 2, 9, 0, 9, 8, 0, 7, 9, 2);[54.05, 50, 50, 50]
(0, 1.0, 9, 0, 9, 8, 2, 8, 9, 2, 9, 0, 9, 8, 0, 8, 9, 2);[54.35, 50, 50, 50]
(0, 1.0, 9, 0, 9, 8, 4, 8, 9, 2, 9, 0, 9, 8, 1, 8, 9, 2);[54.55, 50, 50, 50]
(0, 1.0, 9, 0, 9, 8, 5, 8, 9, 2, 9, 0, 9, 8, 2, 8, 9, 2);[54.75, 50, 50, 50]
(0, 1.0, 9, 0, 9, 8, 6, 8, 9, 2, 9, 0, 9, 8, 4, 8, 9, 2);[55.05, 50, 50, 50]
(0, 1.0, 9, 0, 9, 8, 8, 8, 9, 2, 9, 0, 9, 8, 6, 8, 9, 2);[55.25, 50, 50, 50]
(0, 1.0, 9, 0, 9, 8, 9, 8, 9, 2, 9, 0, 9, 8, 8, 8, 9, 2);[55.35, 50, 50, 50]
(0, 1.0, 9, 0, 9, 8, 9, 8, 9, 2, 9, 0, 9, 8, 9, 8, 9, 2);[2431.2628519523983, 60.355000000000004, 50, 55.45]
(1, 0.0, 9, 0, 9, 8, 9, 8, 9, 2, 9, 0, 9, 8, 9, 6, 9, 2);[55.45, 50, 50, 50]
(1, 0.0, 9, 0, 9, 8, 9, 8, 9, 2, 9, 0, 9, 8, 9, 4, 9, 2);[55.45, 50, 50, 50]
(1, 1.0, 9, 0, 9, 8, 9, 8, 9, 2, 9, 0, 9, 8, 9, 4, 9, 2);[55.45, 50, 50, 50]
(0, 0.0, 9, 0, 9, 8, 9, 8, 9, 2, 9, 0, 9, 8, 9, 5, 9, 2);[55.45, 50, 50, 50]
(0, 0.0, 9, 0, 9, 8, 9, 8, 9, 2, 9, 0, 9, 8, 9, 6, 9, 2);[275.25399329305753, 50, 50, 50]
(3, 0.0, 9, 0, 9, 8, 9, 8, 9, 2, 9, 0, 9, 8, 9, 8, 9, 2);[60.355000000000004, 50, 50, 50]
(3, 1.0, 9, 0, 9, 8, 9, 8, 9, 2, 9, 0, 9, 8, 9, 8, 9, 2);[55.45, 50, 50, 50]
(0, 0.0, 9, 0, 9, 8, 9, 8, 9, 2, 9, 0, 9, 8, 9, 8, 9, 2);[542.3521030065895, 50, 50, 50]
(1, 0.0, 9, 0, 9, 8, 9, 8, 9, 2, 9, 0, 9, 8, 9, 8, 9, 2);[60.355000000000004, 50, 50, 50]
(1, 1.0, 9, 0, 9, 8, 9, 8, 9, 2, 9, 0, 9, 8, 9, 8, 9, 2);[79.81042935977237, 50, 50, 50]
(0, 1.0, 9, 0, 9, 8, 9, 8, 9, 4, 9, 0, 9, 8, 9, 8, 9, 2);[55.95, 50, 50, 50]
(0, 1.0, 9, 0, 9, 8, 9, 8, 9, 5, 9, 0, 9, 8, 9, 8, 9, 3);[56.05, 50, 50, 50]
(0, 1.0, 9, 0, 9, 8, 9, 8, 9, 6, 9, 0, 9, 8, 9, 8, 9, 5);[56.05, 50, 50, 50]
(0, 1.0, 9, 0, 9, 8, 9, 8, 9, 6, 9, 0, 9, 8, 9, 8, 9, 6);[935.3771633080365, 56.05, 50, 56.05]
(3, 0.0, 9, 0, 9, 8, 9, 8, 9, 6, 9, 0, 9, 8, 9, 8, 9, 6);[61.495, 50, 50, 50]
(3, 1.0, 9, 0, 9, 8, 9, 8, 9, 6, 9, 0, 9, 8, 9, 8, 9, 6);[56.05, 50, 50, 50]
(0, 0.0, 9, 0, 9, 8, 9, 8, 9, 6, 9, 0, 9, 8, 9, 8, 9, 6);[156.95248717032462, 50, 50, 50]
(1, 0.0, 9, 0, 9, 8, 9, 8, 9, 6, 9, 0, 9, 8, 9, 8, 9, 6);[61.495, 50, 50, 50]
(1, 1.0, 9, 0, 9, 8, 9, 8, 9, 6, 9, 0, 9, 8, 9, 8, 9, 6);[57.48389288216408, 50, 50, 50]
(0, 1.0, 9, 0, 9, 8, 9, 8, 9, 7, 9, 0, 9, 8, 9, 8, 9, 6);[56.45, 50, 50, 50]
(0, 1.0, 9, 0, 9, 8, 9, 8, 9, 8, 9, 0, 9, 8, 9, 8, 9, 8);[2058.938136123549, 50, 56.25, 50]
(2, 0.0, 9, 0, 9, 8, 9, 8, 9, 8, 9, 0, 8, 8, 9, 8, 9, 8);[55.75, 50, 50, 50]
(2, 0.0, 9, 0, 7, 8, 9, 8, 9, 8, 9, 0, 5, 8, 9, 8, 9, 8);[55.45, 50, 50, 50]
(2, 1.0, 9, 0, 6, 8, 9, 8, 9, 8, 9, 0, 2, 5, 9, 8, 9, 8);[55.55, 50, 50, 50]
(0, 0.0, 9, 0, 6, 8, 9, 8, 9, 8, 9, 0, 0, 4, 9, 8, 9, 8);[55.75, 50, 50, 50]
(0, 0.0, 9, 0, 6, 8, 9, 8, 9, 8, 9, 0, 2, 4, 9, 8, 9, 8);[55.85, 50, 50, 50]
(0, 1.0, 9, 0, 8, 6, 9, 8, 9, 8, 9, 0, 3, 5, 9, 8, 9, 8);[55.95, 50, 50, 50]
(0, 1.0, 9, 0, 8, 6, 9, 8, 9, 8, 9, 0, 5, 6, 9, 8, 9, 8);[55.95, 50, 50, 50]
(0, 1.0, 9, 0, 8, 6, 9, 8, 9, 8, 9, 0, 6, 6, 9, 8, 9, 8);[55.95, 50, 50, 50]
(0, 1.0, 9, 0, 8, 6, 9, 8, 9, 8, 9, 0, 8, 6, 9, 8, 9, 8);[925.5265396795269, 50, 50, 50]
(0, 1.0, 9, 0, 9, 6, 9, 8, 9, 8, 9, 0, 8, 6, 9, 8, 9, 8);[56.65, 50, 50, 50]
(0, 1.0, 9, 0, 9, 6, 9, 8, 9, 8, 9, 0, 9, 6, 9, 8, 9, 8);[62.335, 50, 50, 50]
(0, 1.0, 9, 0, 9, 6, 8, 8, 9, 8, 9, 0, 9, 6, 7, 8, 9, 8);[55.95, 50, 50, 50]
(0, 1.0, 9, 0, 9, 6, 7, 8, 9, 8, 9, 0, 9, 6, 7, 8, 9, 8);[1082.2818353348846, 50, 50, 50]
(0, 1.0, 9, 0, 9, 8, 7, 8, 9, 8, 9, 0, 9, 6, 7, 8, 9, 8);[56.55, 50, 50, 50]
(0, 1.0, 9, 0, 9, 9, 7, 8, 9, 8, 9, 0, 9, 8, 7, 8, 9, 8);[56.65, 50, 50, 50]
(0, 1.0, 9, 0, 9, 9, 7, 8, 9, 8, 9, 0, 9, 9, 7, 8, 9, 8);[361.903204184511, 50, 50, 50]
(0, 1.0, 9, 0, 9, 9, 7, 8, 9, 8, 8, 0, 9, 9, 7, 8, 9, 8);[56.75, 50, 50, 50]
(0, 1.0, 8, 0, 9, 9, 7, 8, 9, 8, 5, 0, 9, 9, 7, 5, 9, 8);[56.55, 50, 50, 50]
(0, 1.0, 7, 0, 9, 9, 7, 8, 9, 8, 2, 0, 9, 9, 6, 5, 9, 8);[56.55, 50, 50, 50]
(0, 1.0, 6, 0, 9, 9, 7, 8, 9, 8, 0, 0, 9, 9, 6, 6, 9, 8);[56.55, 50, 50, 50]
(0, 1.0, 6, 0, 9, 9, 6, 8, 9, 8, 0, 0, 9, 9, 5, 8, 9, 8);[56.45, 50, 50, 50]
(0, 1.0, 6, 0, 9, 9, 7, 8, 9, 8, 0, 0, 9, 9, 6, 8, 9, 8);[56.15, 50, 50, 50]
(0, 1.0, 5, 0, 9, 9, 7, 8, 9, 8, 0, 0, 9, 9, 7, 8, 9, 8);[55.75, 50, 50, 50]
(0, 1.0, 3, 0, 9, 9, 7, 8, 9, 8, 0, 0, 9, 9, 7, 8, 9, 8);[55.45, 50, 50, 50]
(0, 1.0, 2, 0, 9, 9, 7, 8, 9, 8, 0, 0, 9, 9, 7, 8, 9, 8);[54.85, 50, 50, 50]
(0, 1.0, 0, 0, 9, 9, 7, 8, 9, 8, 0, 0, 9, 9, 7, 8, 9, 8);[2221.9435664281696, 50, 56.65, 50]
(2, 0.0, 0, 0, 9, 9, 7, 8, 9, 8, 0, 0, 8, 9, 7, 8, 8, 8);[55.85, 50, 50, 50]
(2, 0.0, 0, 0, 8, 9, 7, 8, 8, 8, 0, 0, 5, 9, 7, 8, 7, 8);[55.05, 50, 50, 50]
(2, 1.0, 0, 0, 6, 9, 7, 8, 8, 6, 0, 0, 2, 9, 7, 8, 7, 6);[55.15, 50, 50, 50]
(0, 0.0, 0, 0, 6, 9, 7, 8, 8, 6, 0, 0, 0, 9, 7, 8, 6, 6);[55.65, 50, 50, 50]
(0, 0.0, 0, 0, 7, 9, 7, 8, 9, 6, 0, 0, 2, 9, 7, 8, 8, 6);[55.75, 50, 50, 50]
(0, 1.0, 0, 0, 8, 9, 7, 8, 9, 6, 0, 0, 5, 7, 7, 8, 9, 6);[55.75, 50, 50, 50]
(0, 1.0, 0, 0, 8, 9, 7, 8, 9, 6, 0, 0, 5, 8, 7, 8, 9, 6);[55.95, 50, 50, 50]
(0, 1.0, 0, 0, 9, 8, 7, 8, 9, 6, 0, 0, 6, 7, 7, 8, 9, 6);[56.25, 50, 50, 50]
(0, 1.0, 0, 0, 9, 9, 7, 8, 9, 6, 0, 0, 8, 8, 7, 8, 9, 6);[56.25, 50, 50, 50]
(0, 1.0, 0, 0, 9, 9, 7, 8, 9, 6, 0, 0, 9, 9, 7, 8, 9, 6);[313.1826159158352, 50, 50, 56.15]
(3, 0.0, 0, 0, 9, 8, 7, 8, 9, 6, 0, 0, 9, 7, 7, 8, 9, 6);[55.75, 50, 50, 50]
(3, 0.0, 0, 0, 9, 7, 7, 8, 9, 6, 0, 0, 9, 4, 7, 8, 9, 6);[55.15, 50, 50, 50]
(3, 1.0, 0, 0, 9, 5, 7, 8, 9, 6, 0, 0, 9, 2, 7, 8, 9, 6);[55.15, 50, 50, 50]
(0, 0.0, 0, 0, 9, 5, 7, 8, 9, 6, 0, 0, 9, 0, 7, 8, 9, 6);[55.35, 50, 50, 50]
(0, 0.0, 0, 0, 9, 5, 7, 8, 9, 6, 0, 0, 9, 1, 7, 8, 9, 6);[55.45, 50, 50, 50]
(0, 1.0, 0, 0, 9, 5, 7, 8, 9, 6, 0, 0, 9, 3, 7, 8, 9, 6);[55.45, 50, 50, 50]
(0, 1.0, 0, 0, 9, 5, 7, 8, 9, 6, 0, 0, 9, 5, 7, 8, 9, 6);[1165.0816963741179, 55.15, 50, 50]
(0, 1.0, 1, 0, 9, 5, 7, 8, 9, 6, 0, 0, 9, 5, 7, 8, 9, 6);[124.32247145961517, 50, 50, 50]
(1, 0.0, 0, 0, 9, 5, 7, 8, 9, 6, 0, 0, 9, 5, 7, 6, 9, 6);[54.75, 50, 50, 50]
(1, 0.0, 0, 0, 9, 5, 6, 7, 9, 6, 0, 0, 9, 5, 6, 5, 9, 6);[54.25, 50, 50, 50]
(1, 1.0, 0, 0, 9, 5, 6, 6, 9, 6, 0, 0, 9, 5, 4, 2, 9, 6);[53.85, 50, 50, 50]
(0, 0.0, 0, 0, 9, 5, 5, 6, 9, 6, 0, 0, 9, 5, 4, 2, 9, 6);[53.35, 50, 50, 50]
(0, 0.0, 0, 0, 9, 5, 3, 6, 9, 6, 0, 0, 9, 5, 1, 2, 9, 6);[53.25, 50, 50, 50]
(0, 1.0, 0, 0, 9, 5, 3, 6, 9, 6, 0, 0, 9, 5, 0, 3, 9, 6);[52.95, 50, 50, 50]
(0, 1.0, 0, 0, 9, 5, 2, 6, 9, 6, 0, 0, 9, 5, 0, 5, 9, 6);[52.55, 50, 50, 50]
(0, 1.0, 0, 0, 9, 5, 0, 6, 9, 6, 0, 0, 9, 5, 0, 6, 9, 6);[52.55, 50, 50, 50]
(0, 1.0, 0, 0, 9, 5, 0, 7, 9, 6, 0, 0, 9, 5, 0, 6, 9, 6);[52.95, 50, 50, 50]
(0, 1.0, 0, 0, 9, 5, 2, 7, 9, 6, 0, 0, 9, 5, 0, 7, 9, 6);[53.15, 50, 50, 50]
(0, 1.0, 0, 0, 9, 5, 3, 7, 9, 6, 0, 0, 9, 5, 0, 7, 9, 6);[53.15, 50, 50, 50]
(0, 1.0, 0, 0, 9, 5, 4, 7, 9, 6, 0, 0, 9, 5, 1, 7, 9, 6);[53.45, 50, 50, 50]
(0, 1.0, 0, 0, 9, 5, 5, 7, 9, 6, 0, 0, 9, 5, 2, 7, 9, 6);[53.85, 50, 50, 50]
(0, 1.0, 0, 0, 9, 5, 6, 8, 9, 6, 0, 0, 9, 5, 4, 7, 9, 6);[53.95, 50, 50, 50]
(0, 1.0, 0, 0, 9, 5, 7, 8, 9, 6, 0, 0, 9, 5, 6, 7, 9, 6);[175.61398395507916, 50, 50, 50]
(0, 1.0, 0, 0, 9, 5, 8, 8, 9, 6, 0, 0, 9, 5, 7, 8, 9, 6);[54.25, 50, 50, 50]
(0, 1.0, 0, 0, 9, 5, 8, 8, 9, 6, 0, 0, 9, 5, 8, 8, 9, 6);[325.5536293345407, 50, 50, 54.15]
(3, 0.0, 0, 0, 9, 5, 8, 8, 9, 6, 0, 0, 9, 4, 8, 8, 9, 6);[53.75, 50, 50, 50]
(3, 0.0, 0, 0, 9, 4, 8, 8, 9, 6, 0, 0, 9, 1, 8, 8, 9, 6);[53.15, 50, 50, 50]
(3, 1.0, 0, 0, 9, 2, 8, 8, 9, 6, 0, 0, 9, 0, 8, 8, 9, 6);[53.05, 50, 50, 50]
(0, 0.0, 0, 0, 9, 2, 8, 8, 9, 6, 0, 0, 9, 0, 8, 8, 9, 6);[53.15, 50, 50, 50]
(0, 0.0, 0, 0, 9, 2, 8, 8, 9, 6, 0, 0, 9, 2, 8, 8, 9, 6);[53.35, 50, 50, 50]
(0, 1.0, 0, 0, 9, 2, 8, 8, 9, 6, 0, 0, 9, 2, 8, 8, 9, 6);[125.69229495586033, 53.55, 50, 50]
(1, 0.0, 0, 0, 9, 2, 8, 8, 9, 6, 0, 0, 9, 2, 8, 6, 9, 6);[53.15, 50, 50, 50]
(1, 0.0, 0, 0, 9, 2, 8, 7, 9, 6, 0, 0, 9, 2, 5, 4, 9, 6);[52.75, 50, 50, 50]
(1, 1.0, 0, 0, 9, 2, 7, 6, 9, 6, 0, 0, 9, 2, 4, 2, 9, 6);[52.45, 50, 50, 50]
(0, 0.0, 0, 0, 9, 2, 6, 6, 9, 6, 0, 0, 9, 2, 2, 2, 9, 6);[52.05, 50, 50, 50]
(0, 0.0, 0, 0, 9, 2, 5, 7, 9, 6, 0, 0, 9, 2, 2, 4, 9, 6);[51.65, 50, 50, 50]
(0, 1.0, 0, 0, 9, 2, 3, 8, 9, 6, 0, 0, 9, 2, 2, 4, 9, 6);[51.55, 50, 50, 50]
(0, 1.0, 0, 0, 9, 2, 2, 8, 9, 6, 0, 0, 9, 2, 0, 4, 9, 6);[51.65, 50, 50, 50]
(0, 1.0, 0, 0, 9, 2, 2, 8, 9, 6, 0, 0, 9, 2, 0, 6, 9, 6);[51.65, 50, 50, 50]
(0, 1.0, 0, 0, 9, 2, 3, 8, 9, 6, 0, 0, 9, 2, 0, 8, 9, 6);[51.65, 50, 50, 50]
(0, 1.0, 0, 0, 9, 2, 3, 8, 9, 6, 0, 0, 9, 2, 1, 8, 9, 6);[51.75, 50, 50, 50]
(0, 1.0, 0, 0, 9, 2, 3, 8, 9, 6, 0, 0, 9, 2, 2, 8, 9, 6);[51.95, 50, 50, 50]
(0, 1.0, 0, 0, 9, 2, 4, 8, 9, 6, 0, 0, 9, 2, 3, 8, 9, 6);[52.25, 50, 50, 50]
(0, 1.0, 0, 0, 9, 2, 6, 8, 9, 6, 0, 0, 9, 2, 3, 8, 9, 6);[52.45, 50, 50, 50]
(0, 1.0, 0, 0, 9, 2, 7, 8, 9, 6, 0, 0, 9, 2, 5, 8, 9, 6);[52.75, 50, 50, 50]
(0, 1.0, 0, 0, 9, 2, 9, 8, 9, 6, 0, 0, 9, 2, 6, 8, 9, 6);[52.85, 50, 50, 50]
(0, 1.0, 0, 0, 9, 2, 9, 8, 9, 6, 0, 0, 9, 2, 8, 8, 9, 6);[52.85, 50, 50, 50]
(0, 1.0, 0, 0, 9, 2, 9, 8, 9, 6, 0, 0, 9, 2, 9, 8, 9, 6);[777.770021781179, 50, 50, 50]
(0, 1.0, 1, 0, 9, 2, 9, 8, 9, 6, 0, 0, 9, 2, 9, 8, 9, 6);[107.31941512318065, 50, 50, 50]
(0, 1.0, 0, 0, 9, 3, 9, 8, 9, 6, 0, 0, 9, 2, 9, 8, 9, 6);[53.15, 50, 50, 50]
(0, 1.0, 0, 0, 9, 5, 9, 8, 9, 6, 0, 0, 9, 2, 9, 8, 9, 6);[53.25, 50, 50, 50]
(0, 1.0, 0, 0, 9, 5, 9, 8, 9, 6, 0, 0, 9, 4, 9, 8, 9, 6);[53.25, 50, 50, 50]
(0, 1.0, 0, 0, 9, 5, 9, 8, 9, 6, 0, 0, 9, 5, 9, 8, 9, 6);[1311.4587049391298, 50, 50, 53.75]
(0, 1.0, 0, 0, 9, 6, 9, 8, 9, 6, 0, 0, 9, 5, 9, 8, 9, 6);[53.55, 50, 50, 50]
(0, 1.0, 0, 0, 9, 7, 9, 8, 9, 6, 0, 0, 9, 6, 9, 8, 9, 6);[53.65, 50, 50, 50]
(0, 1.0, 0, 0, 9, 8, 9, 8, 9, 6, 0, 0, 9, 7, 9, 8, 9, 6);[53.65, 50, 50, 50]
(0, 1.0, 0, 0, 9, 8, 9, 8, 9, 6, 0, 0, 9, 8, 9, 8, 9, 6);[97.1663412949413, 50, 50, 53.55]
(3, 0.0, 0, 0, 9, 7, 9, 8, 9, 6, 0, 0, 9, 6, 9, 8, 9, 6);[53.15, 50, 50, 50]
(3, 0.0, 0, 0, 9, 6, 9, 8, 9, 6, 0, 0, 9, 5, 9, 8, 9, 6);[52.65, 50, 50, 50]
(3, 1.0, 0, 0, 9, 5, 9, 8, 9, 6, 0, 0, 9, 5, 9, 8, 9, 6);[62.154122419216364, 50, 50, 50]
(0, 0.0, 0, 0, 9, 5, 9, 8, 9, 6, 0, 0, 9, 5, 9, 8, 9, 6);[234.63994379193488, 50, 50, 50]
(3, 0.0, 0, 0, 9, 5, 9, 8, 9, 6, 0, 0, 9, 5, 9, 8, 9, 6);[57.39725, 50, 50, 50]
(0, 1.0, 0, 1, 9, 5, 9, 8, 9, 6, 0, 0, 9, 5, 9, 8, 9, 6);[54.05, 50, 50, 50]
(0, 1.0, 0, 2, 9, 5, 9, 8, 9, 6, 0, 0, 9, 5, 9, 8, 9, 6);[57.695, 50, 50, 50]
(0, 1.0, 0, 2, 9, 5, 9, 8, 9, 6, 0, 1, 9, 5, 9, 8, 9, 6);[54.05, 50, 50, 50]
(0, 1.0, 0, 2, 9, 5, 9, 8, 9, 6, 0, 2, 9, 5, 9, 8, 9, 6);[450.49734392278657, 50, 50, 50]
(0, 1.0, 0, 3, 9, 5, 9, 8, 9, 6, 0, 2, 9, 5, 9, 8, 9, 6);[58.175, 50, 50, 50]
(0, 1.0, 0, 4, 9, 5, 9, 8, 9, 6, 0, 3, 9, 5, 9, 8, 9, 6);[58.265, 50, 50, 50]
(0, 1.0, 0, 4, 9, 5, 9, 8, 9, 6, 0, 4, 9, 5, 9, 8, 9, 6);[867.2670587801366, 50, 53.95, 50]
(2, 0.0, 0, 4, 9, 5, 9, 8, 8, 6, 0, 4, 8, 5, 9, 8, 7, 6);[53.45, 50, 50, 50]
(2, 0.0, 0, 4, 8, 5, 9, 8, 8, 6, 0, 4, 5, 5, 9, 8, 5, 5);[52.85, 50, 50, 50]
(2, 1.0, 0, 4, 6, 4, 9, 8, 8, 5, 0, 4, 3, 3, 9, 8, 6, 5);[52.85, 50, 50, 50]
(0, 0.0, 0, 4, 8, 3, 9, 8, 8, 5, 0, 4, 1, 1, 9, 8, 8, 5);[53.05, 50, 50, 50]
(0, 0.0, 0, 4, 8, 3, 9, 8, 8, 5, 0, 4, 1, 0, 9, 8, 8, 5);[53.05, 50, 50, 50]
(0, 1.0, 0, 4, 8, 3, 9, 8, 8, 5, 0, 4, 3, 1, 9, 8, 8, 5);[53.15, 50, 50, 50]
(0, 1.0, 0, 4, 9, 3, 9, 8, 8, 5, 0, 4, 4, 3, 9, 8, 8, 5);[53.25, 50, 50, 50]
(0, 1.0, 0, 4, 9, 3, 9, 8, 8, 5, 0, 4, 5, 3, 9, 8, 8, 5);[53.25, 50, 50, 50]
(0, 1.0, 0, 4, 9, 3, 9, 8, 8, 5, 0, 4, 8, 3, 9, 8, 8, 5);[53.35, 50, 50, 50]
(0, 1.0, 0, 4, 9, 3, 9, 8, 8, 5, 0, 4, 9, 3, 9, 8, 8, 5);[997.6917047881454, 53.25, 50, 50]
(1, 0.0, 0, 3, 9, 3, 9, 7, 8, 5, 0, 2, 9, 3, 9, 6, 8, 5);[52.45, 50, 50, 50]
(1, 0.0, 0, 2, 9, 3, 9, 6, 8, 5, 0, 0, 9, 3, 9, 3, 8, 5);[51.25, 50, 50, 50]
(1, 1.0, 0, 0, 9, 3, 9, 4, 8, 5, 0, 0, 9, 3, 9, 1, 8, 5);[51.05, 50, 50, 50]
(0, 0.0, 0, 0, 9, 3, 9, 4, 8, 5, 0, 0, 9, 3, 9, 0, 8, 5);[51.05, 50, 50, 50]
(0, 0.0, 0, 0, 9, 3, 9, 4, 8, 5, 0, 0, 9, 3, 9, 1, 8, 5);[51.05, 50, 50, 50]
(0, 1.0, 0, 0, 9, 3, 9, 4, 8, 5, 0, 0, 9, 3, 9, 4, 8, 5);[69.97152273608972, 50, 50, 50]
(0, 1.0, 0, 0, 9, 4, 9, 4, 8, 5, 0, 0, 9, 3, 9, 4, 8, 5);[51.55, 50, 50, 50]
(0, 1.0, 0, 0, 9, 6, 9, 4, 8, 5, 0, 0, 9, 4, 9, 4, 8, 5);[51.65, 50, 50, 50]
(0, 1.0, 0, 0, 9, 6, 9, 4, 8, 5, 0, 0, 9, 6, 9, 4, 8, 5);[802.3772438584363, 50, 51.45, 50]
(0, 1.0, 1, 0, 9, 6, 9, 4, 8, 5, 0, 0, 9, 6, 9, 4, 8, 5);[87.56678954419067, 50, 50, 50]
(2, 0.0, 0, 0, 9, 6, 9, 4, 8, 5, 0, 0, 8, 6, 9, 4, 8, 5);[51.05, 50, 50, 50]
(2, 0.0, 0, 0, 7, 6, 9, 4, 8, 5, 0, 0, 5, 6, 9, 4, 8, 5);[50.55, 50, 50, 50]
(2, 1.0, 0, 0, 6, 6, 9, 4, 8, 5, 0, 0, 4, 4, 9, 4, 8, 5);[50.45, 50, 50, 50]
(0, 0.0, 0, 0, 6, 5, 9, 4, 8, 5, 0, 0, 2, 2, 9, 4, 8, 5);[50.65, 50, 50, 50]
(0, 0.0, 0, 0, 7, 5, 9, 4, 8, 5, 0, 0, 4, 4, 9, 4, 8, 5);[50.75, 50, 50, 50]
(0, 1.0, 0, 0, 8, 4, 9, 4, 8, 5, 0, 0, 5, 4, 9, 4, 8, 5);[50.75, 50, 50, 50]
(0, 1.0, 0, 0, 9, 3, 9, 4, 8, 5, 0, 0, 5, 3, 9, 4, 8, 5);[50.75, 50, 50, 50]
(0, 1.0, 0, 0, 9, 3, 9, 4, 8, 5, 0, 0, 7, 3, 9, 4, 8, 5);[50.75, 50, 50, 50]
(0, 1.0, 0, 0, 9, 2, 9, 4, 8, 5, 0, 0, 8, 2, 9, 4, 8, 5);[50.75, 50, 50, 50]
(0, 1.0, 0, 0, 9, 2, 9, 4, 8, 5, 0, 0, 9, 2, 9, 4, 8, 5);[114.61088905258306, 50, 50, 50]
(0, 1.0, 1, 0, 9, 2, 9, 4, 8, 5, 0, 0, 9, 2, 9, 4, 8, 5);[58.644517886507806, 50, 50, 50]
(0, 1.0, 0, 0, 9, 4, 9, 4, 8, 5, 0, 0, 9, 2, 9, 4, 8, 5);[51.15, 50, 50, 50]
(0, 1.0, 0, 0, 9, 5, 9, 4, 8, 5, 0, 0, 9, 2, 9, 4, 8, 5);[51.25, 50, 50, 50]
(0, 1.0, 0, 0, 9, 5, 9, 4, 8, 5, 0, 0, 9, 4, 9, 4, 8, 5);[51.25, 50, 50, 50]
(0, 1.0, 0, 0, 9, 5, 9, 4, 8, 5, 0, 0, 9, 5, 9, 4, 8, 5);[123.43755414269762, 50, 50, 50]
(0, 1.0, 0, 0, 9, 7, 9, 4, 8, 5, 0, 0, 9, 5, 9, 4, 8, 5);[51.75, 50, 50, 50]
(0, 1.0, 0, 0, 9, 8, 9, 4, 8, 5, 0, 0, 9, 6, 9, 4, 8, 5);[51.85, 50, 50, 50]
(0, 1.0, 0, 0, 9, 9, 9, 4, 8, 5, 0, 0, 9, 9, 9, 4, 8, 5);[143.78728892940887, 50, 51.65, 50]
(2, 0.0, 0, 0, 9, 9, 9, 4, 8, 5, 0, 0, 8, 9, 9, 4, 8, 5);[51.45, 50, 50, 50]
(2, 0.0, 0, 0, 8, 9, 9, 4, 8, 5, 0, 0, 5, 9, 9, 4, 8, 5);[51.45, 50, 50, 50]
(2, 1.0, 0, 0, 8, 9, 9, 4, 8, 5, 0, 0, 4, 9, 9, 4, 8, 5);[51.65, 50, 50, 50]
(0, 0.0, 0, 0, 8, 9, 9, 4, 8, 5, 0, 0, 5, 9, 9, 4, 8, 5);[51.75, 50, 50, 50]
(0, 0.0, 0, 0, 9, 8, 9, 4, 8, 5, 0, 0, 8, 8, 9, 4, 8, 5);[51.75, 50, 50, 50]
(0, 1.0, 0, 0, 9, 8, 9, 4, 8, 5, 0, 0, 9, 8, 9, 4, 8, 5);[92.39475319956156, 50, 50, 50]
(0, 1.0, 0, 0, 9, 8, 8, 4, 8, 5, 0, 0, 9, 8, 6, 4, 8, 5);[51.65, 50, 50, 50]
(0, 1.0, 0, 0, 9, 8, 7, 4, 8, 5, 0, 0, 9, 8, 4, 4, 8, 5);[51.05, 50, 50, 50]
(0, 1.0, 0, 0, 9, 8, 5, 4, 8, 5, 0, 0, 9, 8, 1, 4, 8, 5);[50.65, 50, 50, 50]
(0, 1.0, 0, 0, 9, 8, 4, 4, 8, 5, 0, 0, 9, 8, 0, 4, 8, 5);[50.35, 50, 50, 50]
(0, 1.0, 0, 0, 9, 8, 2, 4, 8, 5, 0, 0, 9, 8, 0, 4, 8, 5);[50.05, 50, 50, 50]
(0, 1.0, 0, 0, 9, 8, 1, 4, 8, 5, 0, 0, 9, 8, 0, 4, 8, 5);[49.95, 50.05, 50, 50]
(1, 0.0, 0, 0, 9, 8, 1, 4, 8, 5, 0, 0, 9, 8, 1, 2, 8, 5);[49.95, 50, 50, 50]
(1, 0.0, 0, 0, 9, 8, 2, 2, 8, 5, 0, 0, 9, 8, 1, 0, 8, 5);[50.15, 50, 50, 50]
(1, 1.0, 0, 0, 9, 8, 4, 2, 8, 5, 0, 0, 9, 8, 1, 1, 8, 5);[50.45, 50, 50, 50]
(0, 0.0, 0, 0, 9, 8, 5, 2, 8, 5, 0, 0, 9, 8, 1, 2, 8, 5);[50.65, 50, 50, 50]
(0, 0.0, 0, 0, 9, 8, 6, 2, 8, 5, 0, 0, 9, 8, 2, 2, 8, 5);[50.95, 50, 50, 50]
(0, 1.0, 0, 0, 9, 8, 8, 2, 8, 5, 0, 0, 9, 8, 5, 2, 8, 5);[51.15, 50, 50, 50]
(0, 1.0, 0, 0, 9, 8, 9, 2, 8, 5, 0, 0, 9, 8, 6, 2, 8, 5);[51.15, 50, 50, 50]
(0, 1.0, 0, 0, 9, 8, 9, 2, 8, 5, 0, 0, 9, 8, 9, 2, 8, 5);[78.8347242940001, 50, 50, 50]
(0, 1.0, 0, 1, 9, 8, 9, 2, 8, 5, 0, 0, 9, 8, 9, 2, 8, 5);[51.45, 50, 50, 50]
(0, 1.0, 1, 1, 9, 8, 9, 2, 8, 5, 0, 0, 9, 8, 9, 2, 8, 5);[52.655, 50, 50, 50]
(0, 1.0, 0, 1, 9, 8, 9, 2, 8, 5, 0, 1, 9, 8, 9, 2, 8, 5);[79.00651840404967, 50, 50, 50.95]
(3, 0.0, 0, 1, 9, 8, 9, 2, 8, 5, 0, 1, 9, 6, 9, 2, 8, 5);[50.55, 50, 50, 50]
(3, 0.0, 0, 1, 9, 6, 9, 2, 8, 5, 0, 1, 9, 5, 9, 2, 8, 5);[50.05, 50, 50, 50]
(3, 1.0, 0, 1, 9, 5, 9, 2, 8, 5, 0, 1, 9, 5, 9, 2, 8, 5);[50.05, 50, 50, 50]
(0, 0.0, 0, 1, 9, 5, 9, 2, 8, 5, 0, 1, 9, 5, 9, 2, 8, 5);[67.00718206911814, 50, 50, 50]
(0, 1.0, 0, 1, 9, 5, 9, 2, 8, 5, 0, 1, 9, 5, 9, 2, 8, 5);[50.29038534798883, 49.929105960905005, 49.55, 50]
(1, 0.0, 0, 1, 9, 5, 9, 2, 8, 5, 0, 1, 9, 5, 9, 2, 8, 5);[50.1012587355, 50, 50, 50]
(1, 1.0, 0, 1, 9, 5, 9, 2, 8, 5, 0, 1, 9, 5, 9, 2, 8, 5);[51.343364142055755, 50, 50, 50]
(0, 1.0, 1, 1, 9, 5, 9, 2, 8, 5, 0, 1, 9, 5, 9, 2, 8, 5);[76.18645225319918, 50, 50, 50]
(2, 0.0, 0, 1, 9, 5, 9, 2, 8, 5, 0, 1, 9, 5, 9, 2, 8, 5);[49.55, 49.55, 50, 50]
(2, 1.0, 0, 1, 9, 5, 9, 2, 8, 5, 0, 1, 9, 5, 9, 2, 8, 5);[51.09928512959613, 50, 50, 50]
(1, 0.0, 1, 1, 9, 5, 9, 2, 8, 5, 0, 1, 9, 5, 9, 2, 8, 5);[49.75, 50, 50, 50]
(1, 1.0, 1, 1, 9, 5, 9, 2, 8, 5, 0, 1, 9, 5, 9, 2, 8, 5);[49.95, 50, 50, 50]
(0, 0.0, 2, 1, 9, 5, 9, 2, 8, 5, 1, 1, 9, 5, 9, 2, 8, 5);[50.05, 50, 50, 50]
(0, 0.0, 3, 1, 9, 5, 9, 2, 8, 5, 1, 1, 9, 5, 9, 2, 8, 5);[50.15, 50, 50, 50]
(0, 1.0, 4, 1, 9, 5, 9, 2, 8, 5, 2, 1, 9, 5, 9, 2, 8, 5);[50.15, 50, 50, 50]
(0, 1.0, 4, 1, 9, 5, 9, 2, 8, 5, 3, 1, 9, 5, 9, 2, 8, 5);[50.15, 50, 50, 50]
(0, 1.0, 4, 1, 9, 5, 9, 2, 8, 5, 4, 1, 9, 5, 9, 2, 8, 5);[160.62851731732567, 50, 50.513214999999995, 50]
(2, 0.0, 4, 1, 9, 5, 9, 2, 8, 5, 4, 1, 9, 5, 9, 2, 8, 5);[50.9360935, 50, 50, 50]
(2, 1.0, 4, 1, 9, 5, 9, 2, 8, 5, 4, 1, 9, 5, 9, 2, 8, 5);[50.650520468702716, 50, 50, 50]
(0, 0.0, 4, 1, 9, 5, 9, 2, 8, 5, 4, 1, 9, 5, 9, 2, 8, 5);[54.81358204276338, 50, 50, 50]
(0, 1.0, 4, 1, 9, 5, 8, 2, 8, 5, 4, 1, 9, 5, 6, 2, 8, 5);[50.575, 50, 50, 50]
(0, 1.0, 4, 1, 9, 5, 7, 2, 8, 5, 4, 1, 9, 5, 4, 2, 8, 5);[49.75, 50, 50, 50]
(0, 1.0, 4, 1, 9, 5, 6, 2, 8, 5, 4, 1, 9, 5, 1, 2, 8, 5);[49.25, 50, 50, 50]
(0, 1.0, 4, 1, 9, 5, 4, 2, 8, 5, 4, 1, 9, 5, 0, 2, 8, 5);[48.95, 49.35, 50, 50]
(0, 1.0, 4, 1, 9, 5, 3, 2, 8, 5, 4, 1, 9, 5, 0, 2, 8, 5);[49.25, 50, 50, 50]
(1, 0.0, 4, 1, 9, 5, 4, 2, 8, 5, 4, 1, 9, 5, 2, 2, 8, 5);[49.45, 50, 50, 50]
(1, 0.0, 4, 1, 9, 5, 4, 2, 8, 5, 4, 1, 9, 5, 4, 2, 8, 5);[49.45, 50, 50, 50]
(1, 1.0, 4, 1, 9, 5, 4, 2, 8, 5, 4, 1, 9, 5, 4, 2, 8, 5);[49.65, 50, 50, 50]
(0, 0.0, 4, 1, 9, 5, 5, 2, 8, 5, 4, 1, 9, 5, 4, 2, 8, 5);[49.95, 50, 50, 50]
(0, 0.0, 4, 1, 9, 5, 7, 2, 8, 5, 4, 1, 9, 5, 5, 2, 8, 5);[50.17475, 50, 50, 50]
(0, 1.0, 4, 1, 9, 5, 9, 2, 8, 5, 4, 1, 9, 5, 8, 2, 8, 5);[53.45168774185838, 50, 50, 50]
(0, 1.0, 5, 1, 9, 5, 9, 2, 8, 5, 4, 1, 9, 5, 9, 2, 8, 5);[50.75, 50, 50, 50]
(0, 1.0, 6, 1, 9, 5, 9, 2, 8, 5, 4, 1, 9, 5, 9, 2, 8, 5);[50.75, 50, 50, 50]
(0, 1.0, 6, 1, 9, 5, 9, 2, 8, 5, 5, 1, 9, 5, 9, 2, 8, 5);[50.75, 50, 50, 50]
(0, 1.0, 6, 1, 9, 5, 9, 2, 8, 5, 6, 1, 9, 5, 9, 2, 8, 5);[216.78709376510747, 50, 50, 50.75]
(3, 0.0, 6, 1, 9, 5, 9, 2, 8, 5, 6, 1, 9, 5, 9, 2, 8, 5);[51.425, 50, 50, 50]
(3, 1.0, 6, 1, 9, 5, 9, 2, 8, 5, 6, 1, 9, 5, 9, 2, 8, 5);[50.75, 50, 50, 50]
(0, 0.0, 6, 1, 9, 5, 9, 2, 8, 5, 6, 1, 9, 5, 9, 2, 8, 5);[64.15614489059065, 50, 50, 50]
(0, 1.0, 6, 1, 9, 6, 9, 2, 8, 5, 6, 1, 9, 6, 9, 2, 8, 5);[603.8511829958387, 50.85, 50, 51.45]
(1, 0.0, 6, 1, 9, 6, 9, 2, 8, 5, 6, 1, 9, 6, 9, 2, 8, 5);[51.615, 50, 50, 50]
(1, 1.0, 6, 1, 9, 6, 9, 2, 8, 5, 6, 1, 9, 6, 9, 2, 8, 5);[50.85, 50, 50, 50]
(0, 0.0, 6, 1, 9, 6, 9, 2, 8, 5, 6, 1, 9, 6, 9, 2, 8, 5);[111.2761972805956, 50, 50, 50]
(0, 1.0, 6, 1, 9, 6, 8, 2, 8, 5, 6, 1, 9, 6, 6, 2, 8, 5);[50.75, 50, 50, 50]
(0, 1.0, 6, 1, 9, 6, 7, 2, 8, 5, 6, 1, 9, 6, 4, 2, 8, 5);[50.15, 50, 50, 50]
(0, 1.0, 6, 1, 9, 6, 5, 2, 8, 5, 6, 1, 9, 6, 1, 2, 8, 5);[49.85, 50, 50, 50]
(0, 1.0, 6, 1, 9, 6, 4, 2, 8, 5, 6, 1, 9, 6, 0, 2, 8, 5);[49.65, 49.85, 50, 50]
(1, 0.0, 6, 1, 9, 6, 5, 2, 8, 5, 6, 1, 9, 6, 0, 2, 8, 5);[50.15, 50, 50, 50]
(1, 0.0, 6, 1, 9, 6, 6, 2, 8, 5, 6, 1, 9, 6, 1, 2, 8, 5);[50.55, 50, 50, 50]
(1, 1.0, 6, 1, 9, 6, 8, 2, 8, 5, 6, 1, 9, 6, 3, 2, 8, 5);[50.75, 50, 50, 50]
(0, 0.0, 6, 1, 9, 6, 9, 2, 8, 5, 6, 1, 9, 6, 5, 2, 8, 5);[50.85, 50, 50, 50]
(0, 0.0, 6, 1, 9, 6, 9, 2, 8, 5, 6, 1, 9, 6, 7, 2, 8, 5);[90.64807991739002, 50, 50, 50]
(3, 0.0, 6, 1, 9, 6, 9, 2, 8, 5, 6, 1, 9, 6, 9, 2, 8, 5);[52.755, 50, 50, 50]
(3, 1.0, 6, 1, 9, 6, 9, 2, 8, 5, 6, 1, 9, 6, 9, 2, 8, 5);[51.61821585, 50, 50, 50]
(0, 1.0, 8, 1, 9, 6, 9, 2, 8, 5, 6, 1, 9, 6, 9, 2, 8, 5);[51.75, 50, 50, 50]
(0, 1.0, 8, 1, 9, 6, 9, 2, 8, 5, 7, 1, 9, 6, 9, 2, 8, 5);[51.75, 50, 50, 50]
(0, 1.0, 8, 1, 9, 6, 9, 2, 8, 5, 8, 1, 9, 6, 9, 2, 8, 5);[963.0353841065304, 50, 50, 50]
(0, 1.0, 8, 1, 9, 6, 9, 2, 8, 5, 8, 1, 9, 6, 7, 2, 8, 5);[52.25, 50, 50, 50]
(0, 1.0, 8, 1, 9, 6, 7, 2, 8, 5, 8, 1, 9, 6, 4, 2, 8, 5);[51.85, 50, 50, 50]
(0, 1.0, 8, 1, 9, 6, 6, 2, 8, 5, 8, 1, 9, 6, 2, 2, 8, 5);[51.35, 50, 50, 50]
(0, 1.0, 8, 1, 9, 6, 4, 2, 8, 5, 8, 1, 9, 6, 0, 2, 8, 5);[53.708965, 50, 50, 50]
(0, 1.0, 8, 1, 9, 6, 5, 2, 8, 5, 8, 1, 9, 6, 2, 2, 8, 5);[51.95, 50, 50, 50]
(0, 1.0, 8, 1, 9, 6, 6, 3, 8, 5, 8, 1, 9, 6, 3, 2, 8, 5);[52.05, 50, 50, 50]
(0, 1.0, 8, 1, 9, 6, 6, 4, 8, 5, 8, 1, 9, 6, 5, 2, 8, 5);[52.05, 50, 50, 50]
(0, 1.0, 8, 1, 9, 6, 6, 4, 8, 5, 8, 1, 9, 6, 6, 3, 8, 5);[52.05, 50, 50, 50]
(0, 1.0, 8, 1, 9, 6, 6, 4, 8, 5, 8, 1, 9, 6, 6, 4, 8, 5);[53.995, 50, 50, 50]
(0, 1.0, 8, 1, 9, 6, 7, 4, 8, 5, 8, 1, 9, 6, 6, 4, 8, 5);[52.35, 50, 50, 50]
(0, 1.0, 8, 1, 9, 6, 8, 4, 8, 5, 8, 1, 9, 6, 6, 4, 8, 5);[52.45, 50, 50, 50]
(0, 1.0, 8, 1, 9, 6, 8, 5, 8, 5, 8, 1, 9, 6, 8, 4, 8, 5);[52.65, 50, 50, 50]
(0, 1.0, 8, 1, 9, 6, 8, 5, 8, 5, 8, 1, 9, 6, 8, 5, 8, 5);[52.85, 50, 50, 50]
(0, 1.0, 8, 1, 9, 6, 9, 6, 8, 5, 8, 1, 9, 6, 9, 5, 8, 5);[55.605000000000004, 50, 50, 50]
(0, 1.0, 8, 1, 9, 6, 9, 6, 8, 5, 8, 1, 9, 6, 9, 6, 8, 5);[244.0253701953784, 52.85, 50, 50]
(1, 0.0, 8, 1, 9, 6, 9, 5, 8, 5, 8, 1, 9, 6, 9, 4, 8, 5);[52.45, 50, 50, 50]
(1, 0.0, 8, 1, 9, 6, 9, 4, 8, 5, 8, 1, 9, 6, 9, 1, 8, 5);[52.05, 50, 50, 50]
(1, 1.0, 8, 1, 9, 6, 9, 3, 8, 5, 8, 1, 9, 6, 9, 0, 8, 5);[51.95, 50, 50, 50]
(0, 0.0, 8, 1, 9, 6, 9, 3, 8, 5, 8, 1, 9, 6, 9, 0, 8, 5);[51.95, 50, 50, 50]
(0, 0.0, 8, 1, 9, 6, 9, 3, 8, 5, 8, 1, 9, 6, 9, 2, 8, 5);[51.95, 50, 50, 50]
(0, 1.0, 8, 1, 9, 6, 9, 3, 8, 5, 8, 1, 9, 6, 9, 3, 8, 5);[194.584341683805, 51.85, 50, 50]
(1, 0.0, 8, 1, 9, 6, 9, 2, 8, 5, 8, 1, 9, 6, 9, 1, 8, 5);[51.45, 50, 50, 50]
(1, 0.0, 8, 1, 9, 6, 9, 1, 8, 5, 8, 1, 9, 6, 9, 0, 8, 5);[50.85, 50, 50, 50]
(1, 1.0, 8, 1, 9, 6, 9, 0, 8, 5, 8, 1, 9, 6, 9, 0, 8, 5);[62.56013345020716, 50, 50, 50]
(0, 0.0, 8, 1, 9, 6, 9, 0, 8, 5, 8, 1, 9, 6, 9, 0, 8, 5);[109.4517748940975, 50, 50, 50]
(0, 1.0, 8, 1, 9, 6, 9, 0, 8, 5, 8, 1, 9, 6, 9, 0, 8, 5);[269.90660577809695, 53.30159782340146, 50, 50]
(1, 0.0, 8, 1, 9, 6, 9, 0, 8, 5, 8, 1, 9, 6, 9, 0, 8, 5);[56.79016967464314, 50, 50, 50]
(0, 1.0, 8, 1, 9, 6, 8, 0, 8, 5, 8, 1, 9, 6, 6, 0, 8, 5);[51.255, 50, 50, 50]
(0, 1.0, 8, 1, 9, 6, 8, 0, 8, 5, 8, 1, 9, 6, 4, 0, 8, 5);[51.594145, 50, 50, 50]
(0, 1.0, 8, 1, 9, 6, 9, 1, 8, 5, 8, 1, 9, 6, 8, 0, 8, 5);[50.95, 50, 50, 50]
(0, 1.0, 8, 1, 9, 6, 9, 1, 8, 5, 8, 1, 9, 6, 9, 0, 8, 5);[51.805, 50, 50, 50]
(0, 1.0, 8, 1, 9, 6, 9, 1, 8, 5, 8, 1, 9, 6, 9, 1, 8, 5);[168.3635050618202, 51.27975665904783, 50, 50.95]
(3, 0.0, 8, 1, 9, 6, 9, 1, 8, 5, 8, 1, 9, 6, 9, 1, 8, 5);[51.805, 50, 50, 50]
(3, 1.0, 8, 1, 9, 6, 9, 1, 8, 5, 8, 1, 9, 6, 9, 1, 8, 5);[50.95, 50, 50, 50]
(0, 0.0, 8, 1, 9, 6, 9, 1, 8, 5, 8, 1, 9, 6, 9, 1, 8, 5);[57.1072978813759, 50, 50, 50]
(0, 1.0, 9, 1, 9, 6, 9, 0, 8, 5, 8, 1, 9, 6, 9, 0, 8, 5);[50.85, 50, 50, 50]
(0, 1.0, 9, 1, 9, 6, 9, 0, 8, 5, 9, 1, 9, 6, 9, 0, 8, 5);[497.02960382282066, 50.85, 50.75, 50.85]
(1, 0.0, 9, 1, 9, 6, 9, 0, 8, 5, 9, 1, 9, 6, 9, 0, 8, 5);[51.615, 50, 50, 50]
(1, 1.0, 9, 1, 9, 6, 9, 0, 8, 5, 9, 1, 9, 6, 9, 0, 8, 5);[50.85, 50, 50, 50]
(0, 0.0, 9, 1, 9, 6, 9, 0, 8, 5, 9, 1, 9, 6, 9, 0, 8, 5);[75.37162754600632, 50, 50, 50]
(3, 0.0, 9, 1, 9, 6, 9, 0, 8, 5, 9, 1, 9, 6, 9, 0, 8, 5);[51.615, 50, 50, 50]
(3, 1.0, 9, 1, 9, 6, 9, 0, 8, 5, 9, 1, 9, 6, 9, 0, 8, 5);[51.90789177505191, 50, 50, 50]
(2, 0.0, 9, 1, 9, 6, 9, 0, 8, 5, 9, 1, 8, 6, 9, 0, 8, 5);[50.25, 50, 50, 50]
(2, 0.0, 9, 1, 8, 6, 9, 0, 8, 5, 9, 1, 5, 6, 9, 0, 8, 5);[49.85, 50, 50, 50]
(2, 1.0, 9, 1, 7, 5, 9, 0, 8, 5, 9, 1, 4, 5, 9, 0, 8, 5);[49.95, 50, 50, 50]
(0, 0.0, 9, 1, 8, 4, 9, 0, 8, 5, 9, 1, 5, 4, 9, 0, 8, 5);[49.95, 50, 50, 50]
(0, 0.0, 9, 1, 9, 4, 9, 0, 8, 5, 9, 1, 6, 3, 9, 0, 8, 5);[50.05, 50, 50, 50]
(0, 1.0, 9, 1, 9, 4, 9, 0, 8, 5, 9, 1, 7, 4, 9, 0, 8, 5);[50.05, 50, 50, 50]
(0, 1.0, 9, 1, 9, 4, 9, 0, 8, 5, 9, 1, 9, 4, 9, 0, 8, 5);[1149.9461511141876, 51.15, 50.05, 50]
(2, 0.0, 9, 1, 9, 4, 9, 0, 8, 5, 9, 1, 9, 4, 9, 0, 8, 5);[50.095, 50, 50, 50]
(2, 1.0, 9, 1, 9, 4, 9, 0, 8, 5, 9, 1, 9, 4, 9, 0, 8, 5);[50.05, 50, 50, 50]
(0, 0.0, 9, 1, 9, 4, 9, 0, 8, 5, 9, 1, 9, 4, 9, 0, 8, 5);[111.46446657495613, 50, 50, 50]
(0, 1.0, 9, 1, 9, 4, 8, 0, 8, 5, 9, 1, 9, 4, 7, 0, 8, 5);[49.75, 50, 50, 50]
(0, 1.0, 9, 1, 9, 4, 8, 0, 8, 5, 9, 1, 9, 4, 5, 0, 8, 5);[49.75, 50, 50, 50]
(0, 1.0, 9, 1, 9, 4, 8, 0, 8, 5, 9, 1, 9, 4, 4, 0, 8, 5);[49.85, 49.95, 50, 50]
(1, 0.0, 9, 1, 9, 4, 8, 0, 8, 5, 9, 1, 9, 4, 5, 0, 8, 5);[50.15, 50, 50, 50]
(1, 0.0, 9, 1, 9, 4, 9, 1, 8, 5, 9, 1, 9, 4, 8, 0, 8, 5);[50.15, 50, 50, 50]
(1, 1.0, 9, 1, 9, 4, 9, 0, 8, 5, 9, 1, 9, 4, 9, 0, 8, 5);[51.46204329043212, 50, 50, 50]
(1, 0.0, 9, 1, 9, 4, 9, 0, 8, 5, 9, 1, 9, 4, 9, 0, 8, 5);[52.006627241106315, 50, 50, 50]
